State,District,Year,Crop,Annual_Rainfall_mm,Avg_Market_Price,ΣΚ (mg/kg),ΣΝ (mg/kg),ΣΡ (mg/kg),ΣΡΗ,Soil_Type,Yield_Ton_per_Ha,Profitability_Score
Andhra Pradesh,District A,2015,Wheat,1061.8,5778.21,392.8,199.66,48.08,5.97,Clay,5.13,33.37
Andhra Pradesh,District A,2015,Rice,714.3,4429.0,122.56,230.5,188.94,5.5,Silty,2.65,30.42
Andhra Pradesh,District A,2015,Maize,1287.1,3443.75,216.49,202.96,45.11,6.38,Clay,4.44,98.32
Andhra Pradesh,District A,2015,Sugarcane,1200.1,5369.73,372.12,162.62,22.39,8.33,Loamy,4.47,1.6
Andhra Pradesh,District A,2015,Cotton,846.3,2584.61,373.31,202.5,169.98,6.02,Sandy,3.33,66.25
Andhra Pradesh,District A,2016,Wheat,967.6,3840.31,318.68,96.21,194.53,7.83,Loamy,4.56,92.67
Andhra Pradesh,District A,2016,Rice,1590.9,2969.43,328.18,180.21,193.01,8.03,Peaty,3.44,82.87
Andhra Pradesh,District A,2016,Maize,1035.1,2764.21,317.08,85.23,164.4,5.72,Sandy,7.95,19.87
Andhra Pradesh,District A,2016,Sugarcane,508.3,5169.58,382.74,232.25,158.83,5.72,Loamy,2.04,86.31
Andhra Pradesh,District A,2016,Cotton,1434.9,2989.04,125.42,127.75,78.53,7.69,Clay,6.05,38.29
Andhra Pradesh,District A,2017,Wheat,1957.6,5320.11,388.69,109.0,66.09,5.62,Loamy,1.23,10.79
Andhra Pradesh,District A,2017,Rice,547.1,4363.85,225.74,177.14,183.36,6.25,Peaty,5.86,20.31
Andhra Pradesh,District A,2017,Maize,1914.3,4194.89,377.91,270.12,132.38,6.39,Peaty,8.84,80.37
Andhra Pradesh,District A,2017,Sugarcane,779.9,5516.52,315.74,251.86,181.3,6.45,Sandy,3.45,64.77
Andhra Pradesh,District A,2017,Cotton,500.8,3086.56,221.91,91.16,116.14,6.95,Sandy,2.08,33.76
Andhra Pradesh,District A,2018,Wheat,1914.4,2954.41,307.52,225.75,85.45,8.42,Silty,3.22,69.63
Andhra Pradesh,District A,2018,Rice,1568.4,2166.39,499.1,116.7,195.79,6.73,Peaty,4.11,63.44
Andhra Pradesh,District A,2018,Maize,1521.1,3889.21,279.11,188.22,126.69,5.74,Clay,3.18,80.31
Andhra Pradesh,District A,2018,Sugarcane,1205.5,5925.4,259.53,254.11,163.7,5.95,Clay,2.68,4.08
Andhra Pradesh,District A,2018,Cotton,1386.3,4549.04,106.64,178.02,60.77,7.44,Silty,9.46,39.76
Andhra Pradesh,District A,2019,Wheat,1276.6,5269.7,370.28,233.8,57.63,7.12,Loamy,3.32,66.0
Andhra Pradesh,District A,2019,Rice,1725.8,3998.4,311.86,110.46,36.76,8.19,Peaty,8.94,18.87
Andhra Pradesh,District A,2019,Maize,918.3,4651.61,438.66,264.08,92.81,8.16,Silty,1.76,16.16
Andhra Pradesh,District A,2019,Sugarcane,1847.8,4228.93,103.68,75.37,139.43,5.52,Loamy,5.37,44.84
Andhra Pradesh,District A,2019,Cotton,1991.7,2291.66,107.23,173.47,52.19,6.6,Clay,6.92,56.83
Andhra Pradesh,District A,2020,Wheat,640.5,3154.72,206.08,111.0,195.14,6.68,Clay,4.91,35.01
Andhra Pradesh,District A,2020,Rice,1467.7,4510.16,445.67,107.55,109.85,7.22,Sandy,1.39,99.46
Andhra Pradesh,District A,2020,Maize,1204.9,2758.02,453.4,236.93,191.55,6.49,Peaty,6.15,98.03
Andhra Pradesh,District A,2020,Sugarcane,613.0,2875.64,176.36,117.12,107.35,6.62,Loamy,9.43,69.6
Andhra Pradesh,District A,2020,Cotton,1355.1,1937.29,346.0,297.51,45.22,7.05,Loamy,3.9,84.87
Andhra Pradesh,District A,2021,Wheat,704.9,4690.1,321.13,124.13,95.56,6.27,Peaty,1.73,0.52
Andhra Pradesh,District A,2021,Rice,1441.8,2374.23,128.38,149.2,29.14,8.16,Silty,6.21,43.85
Andhra Pradesh,District A,2021,Maize,1508.0,2976.69,162.02,295.46,171.01,8.08,Sandy,1.34,82.26
Andhra Pradesh,District A,2021,Sugarcane,1040.3,2071.77,308.9,242.5,58.85,7.37,Silty,8.58,19.44
Andhra Pradesh,District A,2021,Cotton,1117.0,4647.8,155.34,83.19,194.52,7.64,Clay,8.16,27.08
Andhra Pradesh,District A,2022,Wheat,1158.5,1853.05,110.14,290.66,170.48,7.59,Peaty,1.52,91.52
Andhra Pradesh,District A,2022,Rice,1163.5,2579.04,137.55,95.72,188.23,7.41,Peaty,7.64,55.44
Andhra Pradesh,District A,2022,Maize,1417.6,3388.2,199.09,138.99,156.41,5.54,Silty,1.41,4.07
Andhra Pradesh,District A,2022,Sugarcane,1783.2,4666.46,289.67,74.46,108.49,6.92,Sandy,5.18,64.98
Andhra Pradesh,District A,2022,Cotton,572.1,5771.16,454.67,115.22,22.75,8.3,Sandy,5.85,68.4
Andhra Pradesh,District A,2023,Wheat,1423.8,5747.51,477.7,266.8,134.55,7.9,Silty,4.49,64.33
Andhra Pradesh,District A,2023,Rice,1187.4,3955.28,476.59,146.53,193.01,8.22,Silty,3.47,21.46
Andhra Pradesh,District A,2023,Maize,1065.9,1675.33,347.3,134.14,138.03,6.66,Loamy,1.21,81.45
Andhra Pradesh,District A,2023,Sugarcane,922.8,2031.74,378.69,207.24,177.94,7.71,Peaty,9.71,54.8
Andhra Pradesh,District A,2023,Cotton,1135.2,4058.34,330.37,232.91,42.98,6.25,Peaty,3.15,67.98
Andhra Pradesh,District A,2024,Wheat,1609.9,2572.06,251.09,183.58,109.38,6.67,Peaty,9.06,38.92
Andhra Pradesh,District A,2024,Rice,516.3,5574.22,136.51,129.83,191.01,8.35,Clay,5.44,8.33
Andhra Pradesh,District A,2024,Maize,637.6,4210.98,321.48,103.18,190.32,7.84,Peaty,9.38,97.42
Andhra Pradesh,District A,2024,Sugarcane,1993.9,1751.42,394.81,186.48,147.05,8.41,Sandy,7.85,61.82
Andhra Pradesh,District A,2024,Cotton,651.7,1878.48,380.39,68.19,167.93,7.62,Peaty,5.62,23.32
Andhra Pradesh,District B,2015,Wheat,1372.0,5384.12,452.14,109.17,183.38,7.28,Silty,4.39,8.35
Andhra Pradesh,District B,2015,Rice,1665.7,4012.82,269.69,276.59,40.02,6.98,Peaty,4.65,57.15
Andhra Pradesh,District B,2015,Maize,1611.5,4952.38,429.12,236.05,142.59,6.21,Sandy,4.37,28.57
Andhra Pradesh,District B,2015,Sugarcane,1802.9,2506.18,485.29,53.04,194.58,5.63,Peaty,1.39,92.46
Andhra Pradesh,District B,2015,Cotton,1878.7,2638.46,378.16,68.86,49.92,6.15,Sandy,6.65,58.43
Andhra Pradesh,District B,2016,Wheat,1851.7,1704.51,212.39,287.6,180.25,6.87,Silty,4.02,16.97
Andhra Pradesh,District B,2016,Rice,1470.3,3247.21,191.76,116.48,84.86,6.28,Clay,7.28,53.61
Andhra Pradesh,District B,2016,Maize,964.3,5162.08,373.89,90.65,183.97,7.97,Loamy,4.75,58.12
Andhra Pradesh,District B,2016,Sugarcane,1878.8,1872.37,450.66,187.9,49.67,6.73,Sandy,5.32,98.53
Andhra Pradesh,District B,2016,Cotton,1065.1,4873.1,257.2,257.29,122.43,5.69,Sandy,4.73,27.34
Andhra Pradesh,District B,2017,Wheat,584.6,5391.25,425.16,299.93,199.39,7.17,Peaty,7.54,75.71
Andhra Pradesh,District B,2017,Rice,1066.8,2584.88,182.02,112.86,69.45,6.12,Sandy,7.05,61.81
Andhra Pradesh,District B,2017,Maize,1037.2,2011.01,368.63,180.08,159.02,7.06,Silty,8.35,96.8
Andhra Pradesh,District B,2017,Sugarcane,632.6,5063.18,335.98,170.01,95.7,7.85,Loamy,8.25,90.32
Andhra Pradesh,District B,2017,Cotton,1425.9,5912.08,343.24,209.16,119.87,5.77,Loamy,4.13,51.4
Andhra Pradesh,District B,2018,Wheat,1675.5,3284.44,348.83,265.59,190.91,5.94,Sandy,5.43,25.82
Andhra Pradesh,District B,2018,Rice,1188.7,5910.15,297.05,132.19,134.01,6.22,Clay,5.84,46.01
Andhra Pradesh,District B,2018,Maize,1377.1,3301.35,379.07,95.02,145.37,6.73,Clay,5.64,97.31
Andhra Pradesh,District B,2018,Sugarcane,1402.9,2507.32,428.72,136.27,82.57,5.6,Sandy,5.81,35.6
Andhra Pradesh,District B,2018,Cotton,1841.3,2079.37,232.04,130.4,36.61,6.94,Clay,9.29,6.11
Andhra Pradesh,District B,2019,Wheat,915.3,5127.91,399.3,96.13,57.68,6.61,Loamy,7.84,53.13
Andhra Pradesh,District B,2019,Rice,1580.8,1780.54,159.1,83.28,143.69,8.03,Clay,5.79,10.72
Andhra Pradesh,District B,2019,Maize,1171.1,3896.78,196.99,117.31,87.91,5.56,Sandy,8.57,8.92
Andhra Pradesh,District B,2019,Sugarcane,1303.0,2549.47,237.17,168.49,83.92,7.45,Loamy,1.78,53.71
Andhra Pradesh,District B,2019,Cotton,1380.3,4854.48,272.66,81.9,71.08,6.59,Loamy,6.47,24.44
Andhra Pradesh,District B,2020,Wheat,1247.4,2986.57,473.48,51.88,60.56,6.6,Silty,8.66,8.79
Andhra Pradesh,District B,2020,Rice,1708.8,1750.44,436.93,62.91,23.28,7.59,Loamy,6.18,91.74
Andhra Pradesh,District B,2020,Maize,508.0,5887.8,296.3,230.72,167.76,7.66,Clay,6.14,28.0
Andhra Pradesh,District B,2020,Sugarcane,1654.2,2341.7,229.47,156.36,111.37,6.23,Sandy,6.5,28.86
Andhra Pradesh,District B,2020,Cotton,1371.9,2194.63,292.46,183.15,29.33,6.51,Loamy,5.94,54.89
Andhra Pradesh,District B,2021,Wheat,802.6,4580.57,135.15,84.71,20.49,5.85,Clay,4.14,92.95
Andhra Pradesh,District B,2021,Rice,1745.9,5842.62,149.72,232.72,188.9,6.04,Clay,9.34,72.16
Andhra Pradesh,District B,2021,Maize,572.1,5016.82,431.18,237.63,163.92,7.98,Peaty,8.33,66.52
Andhra Pradesh,District B,2021,Sugarcane,1284.6,3114.74,450.88,148.11,166.99,6.82,Clay,6.62,53.98
Andhra Pradesh,District B,2021,Cotton,1158.1,4098.69,242.14,147.87,115.73,5.7,Clay,5.89,43.15
Andhra Pradesh,District B,2022,Wheat,999.2,4787.47,377.49,91.68,178.15,6.99,Clay,8.1,15.17
Andhra Pradesh,District B,2022,Rice,967.6,2618.2,397.58,58.38,122.58,7.79,Clay,7.79,10.29
Andhra Pradesh,District B,2022,Maize,1304.7,3204.7,282.8,200.99,110.41,7.12,Peaty,3.06,72.23
Andhra Pradesh,District B,2022,Sugarcane,1580.1,4385.16,377.58,185.68,65.32,6.54,Clay,9.63,34.25
Andhra Pradesh,District B,2022,Cotton,841.0,3406.19,215.17,203.74,184.13,5.92,Loamy,6.5,1.81
Andhra Pradesh,District B,2023,Wheat,1808.2,5694.53,326.05,224.16,186.05,7.62,Loamy,7.94,37.44
Andhra Pradesh,District B,2023,Rice,603.4,1847.94,141.7,260.11,183.92,5.87,Peaty,9.86,83.89
Andhra Pradesh,District B,2023,Maize,687.0,5643.79,447.96,179.71,126.43,6.7,Sandy,7.7,20.56
Andhra Pradesh,District B,2023,Sugarcane,1681.7,4216.75,145.71,153.63,175.43,8.27,Loamy,5.33,91.85
Andhra Pradesh,District B,2023,Cotton,1380.6,1647.81,465.1,112.06,123.97,6.0,Peaty,9.23,36.24
Andhra Pradesh,District B,2024,Wheat,1370.9,4345.19,105.24,215.88,52.05,8.38,Sandy,6.02,86.06
Andhra Pradesh,District B,2024,Rice,1302.6,2330.08,219.84,127.48,91.52,6.78,Clay,4.14,46.82
Andhra Pradesh,District B,2024,Maize,1437.5,3199.77,434.63,196.86,72.93,7.64,Loamy,5.72,44.08
Andhra Pradesh,District B,2024,Sugarcane,1101.1,4018.38,162.1,95.48,175.12,8.34,Loamy,3.44,64.4
Andhra Pradesh,District B,2024,Cotton,1113.1,1614.24,162.46,228.99,138.61,5.58,Clay,3.08,67.19
Andhra Pradesh,District C,2015,Wheat,529.6,1968.49,419.97,94.64,137.49,6.21,Loamy,8.25,98.87
Andhra Pradesh,District C,2015,Rice,1404.8,5130.83,485.06,286.1,45.39,6.72,Loamy,1.12,8.55
Andhra Pradesh,District C,2015,Maize,811.8,1619.39,172.57,195.76,95.86,8.18,Peaty,4.08,25.94
Andhra Pradesh,District C,2015,Sugarcane,1069.5,4156.33,207.23,206.04,93.69,7.16,Loamy,8.75,21.95
Andhra Pradesh,District C,2015,Cotton,1961.8,5008.91,145.7,191.44,197.37,6.91,Sandy,5.36,51.25
Andhra Pradesh,District C,2016,Wheat,1612.5,4644.81,261.02,104.51,136.11,6.77,Loamy,5.73,17.17
Andhra Pradesh,District C,2016,Rice,908.5,1582.76,465.72,79.44,123.77,6.32,Sandy,4.65,49.75
Andhra Pradesh,District C,2016,Maize,1580.3,1979.6,156.01,115.92,67.97,7.7,Loamy,6.4,66.5
Andhra Pradesh,District C,2016,Sugarcane,763.1,5614.85,267.51,145.78,113.41,5.64,Silty,9.63,18.44
Andhra Pradesh,District C,2016,Cotton,635.5,4969.44,127.3,259.27,98.69,8.25,Clay,3.67,56.64
Andhra Pradesh,District C,2017,Wheat,1214.1,4486.52,474.73,233.14,58.69,5.59,Silty,2.46,84.15
Andhra Pradesh,District C,2017,Rice,1769.6,5798.56,161.87,205.83,105.36,6.53,Sandy,4.72,70.49
Andhra Pradesh,District C,2017,Maize,1397.4,3568.57,130.37,69.44,20.42,8.4,Loamy,1.93,31.46
Andhra Pradesh,District C,2017,Sugarcane,1711.1,5829.44,416.01,222.64,113.83,5.76,Clay,7.59,80.66
Andhra Pradesh,District C,2017,Cotton,1488.2,4615.24,439.68,112.42,108.1,6.16,Loamy,1.46,66.99
Andhra Pradesh,District C,2018,Wheat,566.2,4147.19,499.74,188.95,105.18,6.44,Peaty,7.58,19.26
Andhra Pradesh,District C,2018,Rice,672.9,3397.93,418.14,236.27,29.88,6.87,Clay,8.46,3.7
Andhra Pradesh,District C,2018,Maize,1394.4,2535.04,148.23,69.24,145.33,6.52,Silty,6.15,80.4
Andhra Pradesh,District C,2018,Sugarcane,1307.6,4477.45,395.14,180.04,96.83,8.13,Loamy,1.22,87.01
Andhra Pradesh,District C,2018,Cotton,531.9,5436.16,311.57,284.77,163.78,8.49,Silty,1.47,8.85
Andhra Pradesh,District C,2019,Wheat,556.4,3659.02,332.3,117.92,91.69,5.78,Silty,7.64,23.88
Andhra Pradesh,District C,2019,Rice,665.7,3095.8,214.9,124.08,62.05,5.63,Sandy,9.19,4.51
Andhra Pradesh,District C,2019,Maize,664.2,3262.34,149.78,289.1,163.64,6.28,Silty,4.76,87.91
Andhra Pradesh,District C,2019,Sugarcane,1917.1,3603.31,345.36,91.76,198.41,6.2,Silty,8.54,23.06
Andhra Pradesh,District C,2019,Cotton,1746.0,2041.52,118.78,146.02,26.61,8.37,Peaty,1.52,96.91
Andhra Pradesh,District C,2020,Wheat,1825.7,5674.89,497.96,93.47,91.32,7.77,Sandy,2.39,81.58
Andhra Pradesh,District C,2020,Rice,836.7,2507.18,314.79,198.23,124.42,5.77,Sandy,4.52,27.3
Andhra Pradesh,District C,2020,Maize,1215.0,1699.69,440.88,58.86,79.23,8.29,Clay,1.78,40.85
Andhra Pradesh,District C,2020,Sugarcane,1059.0,2668.89,389.37,173.97,34.59,6.16,Peaty,9.05,99.15
Andhra Pradesh,District C,2020,Cotton,592.3,5473.08,306.43,276.63,122.84,7.49,Clay,8.78,73.39
Andhra Pradesh,District C,2021,Wheat,1281.9,5406.72,198.11,89.34,48.87,6.5,Peaty,7.28,68.01
Andhra Pradesh,District C,2021,Rice,1427.9,4887.22,163.44,270.22,176.93,5.59,Loamy,2.16,33.51
Andhra Pradesh,District C,2021,Maize,1615.3,2223.42,427.19,258.03,111.34,5.52,Peaty,6.55,98.12
Andhra Pradesh,District C,2021,Sugarcane,1447.7,2669.12,353.6,185.0,160.37,5.82,Loamy,4.89,84.01
Andhra Pradesh,District C,2021,Cotton,1088.2,2307.74,401.48,247.2,51.28,7.81,Silty,3.71,70.82
Andhra Pradesh,District C,2022,Wheat,601.0,4119.77,238.35,205.23,28.23,8.11,Peaty,5.01,64.76
Andhra Pradesh,District C,2022,Rice,1391.6,3226.26,126.25,255.38,86.93,7.96,Clay,7.15,44.59
Andhra Pradesh,District C,2022,Maize,910.4,5987.06,270.47,162.85,49.45,7.88,Peaty,3.69,83.99
Andhra Pradesh,District C,2022,Sugarcane,1659.2,2535.24,152.53,267.01,193.38,5.59,Peaty,9.49,41.97
Andhra Pradesh,District C,2022,Cotton,1457.8,3289.17,209.69,295.99,93.68,8.18,Loamy,2.92,3.11
Andhra Pradesh,District C,2023,Wheat,1477.5,3158.37,445.74,168.3,194.27,6.06,Sandy,1.82,15.37
Andhra Pradesh,District C,2023,Rice,1180.5,3886.59,107.14,249.2,72.95,8.24,Loamy,6.55,79.65
Andhra Pradesh,District C,2023,Maize,1222.3,2027.89,150.07,221.39,97.46,6.1,Sandy,2.45,65.15
Andhra Pradesh,District C,2023,Sugarcane,988.9,4156.19,273.3,296.09,46.92,6.89,Loamy,5.32,60.0
Andhra Pradesh,District C,2023,Cotton,937.5,4627.42,444.05,244.96,27.13,6.94,Sandy,3.18,98.67
Andhra Pradesh,District C,2024,Wheat,713.7,3745.0,347.26,225.62,120.74,5.53,Silty,1.65,53.42
Andhra Pradesh,District C,2024,Rice,1823.8,1871.29,429.81,139.45,77.98,8.43,Loamy,7.21,80.06
Andhra Pradesh,District C,2024,Maize,800.2,2253.67,141.83,209.11,147.17,5.59,Sandy,1.47,54.13
Andhra Pradesh,District C,2024,Sugarcane,1563.6,5419.36,385.63,250.43,81.1,7.94,Clay,9.05,54.76
Andhra Pradesh,District C,2024,Cotton,1725.9,3535.43,357.43,181.6,151.69,5.74,Silty,3.22,15.95
Arunachal Pradesh,District A,2015,Wheat,1807.7,2486.46,490.35,134.22,52.78,7.87,Clay,2.46,2.09
Arunachal Pradesh,District A,2015,Rice,1479.9,2995.42,316.99,173.32,34.67,6.71,Peaty,1.65,3.07
Arunachal Pradesh,District A,2015,Maize,886.5,3581.8,447.31,231.79,153.69,6.78,Silty,7.62,76.77
Arunachal Pradesh,District A,2015,Sugarcane,1257.3,3944.85,305.6,197.01,25.29,6.69,Silty,8.86,90.07
Arunachal Pradesh,District A,2015,Cotton,1132.6,2745.73,336.94,278.09,57.92,7.37,Peaty,7.6,13.16
Arunachal Pradesh,District A,2016,Wheat,1573.7,5590.65,171.87,109.39,194.85,6.04,Peaty,1.62,43.72
Arunachal Pradesh,District A,2016,Rice,646.1,3322.59,337.17,194.85,139.27,5.79,Sandy,4.52,96.94
Arunachal Pradesh,District A,2016,Maize,887.2,4455.31,230.08,243.37,43.56,8.41,Clay,8.95,44.2
Arunachal Pradesh,District A,2016,Sugarcane,996.3,3519.5,367.76,86.44,100.9,7.26,Silty,7.36,16.7
Arunachal Pradesh,District A,2016,Cotton,751.4,1665.02,394.56,215.95,105.43,8.03,Silty,5.02,86.42
Arunachal Pradesh,District A,2017,Wheat,1337.2,3929.58,113.68,296.67,42.13,6.19,Loamy,1.35,12.21
Arunachal Pradesh,District A,2017,Rice,1178.3,5702.44,226.46,176.81,27.48,5.95,Peaty,5.32,68.6
Arunachal Pradesh,District A,2017,Maize,526.1,2954.09,489.24,195.03,65.76,7.07,Silty,5.79,12.57
Arunachal Pradesh,District A,2017,Sugarcane,699.1,2145.94,475.93,233.22,49.23,6.07,Peaty,4.99,86.81
Arunachal Pradesh,District A,2017,Cotton,765.7,4616.82,435.25,286.15,142.98,6.99,Sandy,8.48,86.46
Arunachal Pradesh,District A,2018,Wheat,1652.8,2008.99,418.2,279.67,128.11,8.32,Peaty,7.0,57.72
Arunachal Pradesh,District A,2018,Rice,1022.9,2216.79,341.98,129.53,175.96,8.48,Peaty,8.04,56.7
Arunachal Pradesh,District A,2018,Maize,1607.7,5453.32,261.66,131.76,140.17,7.92,Loamy,8.9,31.72
Arunachal Pradesh,District A,2018,Sugarcane,1803.4,3190.53,218.75,212.27,79.11,7.39,Loamy,4.57,69.55
Arunachal Pradesh,District A,2018,Cotton,1082.8,3519.12,195.02,143.31,60.91,5.72,Clay,2.52,64.26
Arunachal Pradesh,District A,2019,Wheat,1639.0,3752.0,316.95,287.87,172.49,8.24,Peaty,4.07,38.02
Arunachal Pradesh,District A,2019,Rice,1098.2,4110.78,313.44,201.98,157.68,7.94,Loamy,7.44,52.12
Arunachal Pradesh,District A,2019,Maize,1733.6,3438.88,458.69,67.82,191.84,7.46,Clay,1.54,93.44
Arunachal Pradesh,District A,2019,Sugarcane,1027.4,1956.39,294.35,114.19,71.28,6.42,Silty,5.85,31.13
Arunachal Pradesh,District A,2019,Cotton,1415.5,4722.68,209.05,153.39,41.94,6.04,Silty,2.63,52.52
Arunachal Pradesh,District A,2020,Wheat,1563.6,1980.95,326.92,114.14,193.33,6.95,Sandy,4.36,52.65
Arunachal Pradesh,District A,2020,Rice,668.5,1511.63,355.19,178.79,126.84,7.88,Loamy,2.57,36.08
Arunachal Pradesh,District A,2020,Maize,1858.8,4964.75,322.65,113.91,74.37,7.7,Silty,4.81,66.75
Arunachal Pradesh,District A,2020,Sugarcane,643.3,4307.37,280.71,196.65,50.24,7.71,Loamy,5.26,53.54
Arunachal Pradesh,District A,2020,Cotton,767.7,2905.22,192.1,101.55,134.83,6.27,Peaty,6.35,49.68
Arunachal Pradesh,District A,2021,Wheat,1981.7,2113.98,378.06,151.08,97.08,7.65,Sandy,1.14,34.11
Arunachal Pradesh,District A,2021,Rice,1728.1,4214.49,234.89,276.38,159.07,6.29,Peaty,9.05,19.19
Arunachal Pradesh,District A,2021,Maize,985.1,2519.95,242.0,67.36,113.43,5.7,Peaty,1.63,64.02
Arunachal Pradesh,District A,2021,Sugarcane,906.7,4167.65,372.05,107.71,102.23,6.07,Loamy,9.95,66.18
Arunachal Pradesh,District A,2021,Cotton,1336.7,4787.93,286.08,65.04,121.21,8.37,Peaty,6.71,75.48
Arunachal Pradesh,District A,2022,Wheat,755.7,3342.65,269.08,255.45,20.22,6.4,Silty,5.27,38.25
Arunachal Pradesh,District A,2022,Rice,679.7,5883.74,108.01,234.3,158.35,6.23,Peaty,1.84,25.7
Arunachal Pradesh,District A,2022,Maize,1681.9,5391.09,343.39,176.71,48.67,5.69,Silty,3.73,26.31
Arunachal Pradesh,District A,2022,Sugarcane,1040.2,1894.39,474.78,188.45,74.99,6.69,Loamy,6.41,51.57
Arunachal Pradesh,District A,2022,Cotton,1879.1,3736.34,496.86,262.86,57.53,8.29,Loamy,5.86,62.8
Arunachal Pradesh,District A,2023,Wheat,1511.5,3896.17,388.57,85.32,58.16,7.96,Peaty,1.21,15.38
Arunachal Pradesh,District A,2023,Rice,835.4,5807.95,329.22,283.18,123.53,6.94,Sandy,9.3,48.71
Arunachal Pradesh,District A,2023,Maize,1409.4,4941.64,169.94,175.64,91.76,5.94,Peaty,2.1,47.82
Arunachal Pradesh,District A,2023,Sugarcane,1259.2,2546.48,131.99,244.18,41.97,7.28,Silty,4.96,10.57
Arunachal Pradesh,District A,2023,Cotton,1461.2,2472.17,347.84,212.55,47.36,5.68,Clay,2.73,21.18
Arunachal Pradesh,District A,2024,Wheat,1226.9,4894.14,347.8,124.34,97.46,6.01,Peaty,2.09,30.33
Arunachal Pradesh,District A,2024,Rice,651.6,4614.73,124.92,177.36,199.41,7.94,Silty,3.76,62.39
Arunachal Pradesh,District A,2024,Maize,1290.6,3417.38,152.28,271.65,100.96,6.08,Clay,4.73,82.75
Arunachal Pradesh,District A,2024,Sugarcane,1600.4,4961.87,104.41,154.04,106.64,5.56,Peaty,7.84,13.71
Arunachal Pradesh,District A,2024,Cotton,1303.0,2468.41,104.85,110.3,195.66,7.9,Peaty,1.38,37.14
Arunachal Pradesh,District B,2015,Wheat,898.8,4407.41,299.73,116.5,46.86,5.88,Loamy,3.92,73.74
Arunachal Pradesh,District B,2015,Rice,1214.0,3191.5,257.79,164.86,161.3,8.18,Sandy,1.92,65.87
Arunachal Pradesh,District B,2015,Maize,1914.2,5139.98,130.57,119.84,187.46,6.26,Peaty,8.43,49.55
Arunachal Pradesh,District B,2015,Sugarcane,1079.5,3525.56,190.79,272.35,101.11,8.15,Peaty,7.64,51.22
Arunachal Pradesh,District B,2015,Cotton,1520.3,1687.53,133.92,229.08,32.98,5.71,Sandy,9.61,73.75
Arunachal Pradesh,District B,2016,Wheat,1029.9,2834.41,239.88,243.66,139.05,6.06,Clay,4.71,54.96
Arunachal Pradesh,District B,2016,Rice,1745.8,1809.21,269.72,70.65,112.64,8.2,Sandy,9.78,66.74
Arunachal Pradesh,District B,2016,Maize,515.6,2649.36,204.29,67.31,192.77,6.93,Loamy,3.9,12.52
Arunachal Pradesh,District B,2016,Sugarcane,1211.5,2012.8,294.41,280.07,113.74,7.35,Loamy,2.15,33.83
Arunachal Pradesh,District B,2016,Cotton,1892.1,2510.77,248.87,158.02,99.09,7.34,Silty,3.17,12.15
Arunachal Pradesh,District B,2017,Wheat,796.2,5491.16,358.32,121.48,166.87,8.08,Sandy,3.33,54.4
Arunachal Pradesh,District B,2017,Rice,1454.1,2494.79,491.36,237.05,120.41,6.04,Clay,3.88,75.32
Arunachal Pradesh,District B,2017,Maize,904.0,3928.0,391.18,76.99,143.35,5.78,Loamy,2.92,50.59
Arunachal Pradesh,District B,2017,Sugarcane,1761.1,4797.61,316.89,197.59,111.5,6.39,Clay,2.36,9.38
Arunachal Pradesh,District B,2017,Cotton,1365.8,5447.12,273.52,90.21,120.45,7.94,Silty,7.54,99.18
Arunachal Pradesh,District B,2018,Wheat,648.8,3306.72,420.03,101.01,119.92,7.7,Clay,2.69,35.54
Arunachal Pradesh,District B,2018,Rice,1675.7,3994.02,102.09,240.25,26.36,7.74,Sandy,9.62,36.79
Arunachal Pradesh,District B,2018,Maize,990.4,2170.0,222.24,269.16,199.34,6.6,Peaty,6.79,78.04
Arunachal Pradesh,District B,2018,Sugarcane,825.8,2120.2,365.22,50.47,52.11,5.59,Silty,2.63,38.77
Arunachal Pradesh,District B,2018,Cotton,1103.5,5434.18,304.04,230.85,38.74,6.18,Silty,6.05,60.35
Arunachal Pradesh,District B,2019,Wheat,1514.7,5122.45,207.93,256.26,109.69,5.73,Peaty,7.71,98.2
Arunachal Pradesh,District B,2019,Rice,814.8,5213.09,308.12,143.37,42.03,7.71,Sandy,1.8,22.06
Arunachal Pradesh,District B,2019,Maize,1397.3,4810.48,499.34,283.28,135.66,6.76,Silty,5.47,17.83
Arunachal Pradesh,District B,2019,Sugarcane,1528.9,5960.07,398.89,235.0,191.06,6.11,Silty,4.26,33.45
Arunachal Pradesh,District B,2019,Cotton,539.3,1608.86,432.68,118.27,113.25,6.4,Peaty,1.51,85.27
Arunachal Pradesh,District B,2020,Wheat,838.3,3196.11,284.69,170.23,98.33,8.31,Silty,2.2,8.06
Arunachal Pradesh,District B,2020,Rice,1591.9,3734.08,274.74,232.38,157.79,5.98,Silty,2.18,39.88
Arunachal Pradesh,District B,2020,Maize,1883.9,3624.27,105.36,120.69,28.03,5.61,Clay,3.48,78.71
Arunachal Pradesh,District B,2020,Sugarcane,1962.3,3170.43,271.55,261.2,68.27,5.97,Silty,1.3,6.27
Arunachal Pradesh,District B,2020,Cotton,1859.7,2126.6,312.97,152.77,82.52,8.2,Loamy,7.59,54.83
Arunachal Pradesh,District B,2021,Wheat,692.0,5469.61,257.38,256.97,161.79,7.37,Peaty,9.83,25.65
Arunachal Pradesh,District B,2021,Rice,1481.3,2391.44,326.13,165.98,194.96,7.33,Sandy,2.65,2.2
Arunachal Pradesh,District B,2021,Maize,1580.0,3380.95,135.54,220.94,118.12,8.44,Peaty,8.74,72.28
Arunachal Pradesh,District B,2021,Sugarcane,601.5,4685.26,317.42,70.43,102.49,6.95,Peaty,2.27,66.42
Arunachal Pradesh,District B,2021,Cotton,824.1,1939.03,444.79,165.04,154.87,6.37,Silty,4.2,97.81
Arunachal Pradesh,District B,2022,Wheat,1691.0,3737.65,235.91,268.03,118.07,7.78,Silty,5.67,20.49
Arunachal Pradesh,District B,2022,Rice,1816.7,5458.12,448.23,109.7,101.22,8.45,Loamy,6.02,55.25
Arunachal Pradesh,District B,2022,Maize,641.2,3046.48,212.97,147.68,163.7,6.62,Sandy,4.58,9.34
Arunachal Pradesh,District B,2022,Sugarcane,1161.6,2380.24,174.69,73.51,84.2,7.77,Peaty,6.71,79.79
Arunachal Pradesh,District B,2022,Cotton,1094.0,5617.91,313.21,89.49,145.26,7.88,Clay,4.27,89.72
Arunachal Pradesh,District B,2023,Wheat,753.3,3781.73,339.25,58.35,85.46,7.7,Clay,3.82,79.86
Arunachal Pradesh,District B,2023,Rice,1951.6,5355.93,147.06,234.93,77.54,8.47,Peaty,9.86,66.79
Arunachal Pradesh,District B,2023,Maize,1452.0,2246.8,452.77,156.87,49.2,5.54,Sandy,1.84,2.94
Arunachal Pradesh,District B,2023,Sugarcane,1734.4,2443.89,251.61,293.36,80.63,6.39,Loamy,2.0,75.96
Arunachal Pradesh,District B,2023,Cotton,1982.1,5555.83,360.67,128.52,65.78,7.96,Silty,4.02,17.38
Arunachal Pradesh,District B,2024,Wheat,1568.0,5216.9,140.25,109.97,45.55,6.54,Loamy,7.74,65.11
Arunachal Pradesh,District B,2024,Rice,1431.4,3085.69,436.58,167.82,196.24,7.4,Silty,7.65,10.63
Arunachal Pradesh,District B,2024,Maize,972.4,1517.18,372.67,91.78,137.95,8.48,Clay,7.25,51.27
Arunachal Pradesh,District B,2024,Sugarcane,958.0,2456.9,113.28,125.99,137.57,8.31,Silty,3.09,80.74
Arunachal Pradesh,District B,2024,Cotton,588.6,5544.81,360.31,268.56,20.03,6.01,Loamy,5.02,46.04
Arunachal Pradesh,District C,2015,Wheat,1796.8,3959.92,252.16,294.2,39.93,6.77,Sandy,4.79,2.72
Arunachal Pradesh,District C,2015,Rice,1949.4,2073.54,383.08,293.19,168.69,7.6,Silty,1.16,96.28
Arunachal Pradesh,District C,2015,Maize,1590.0,2871.38,431.76,120.38,177.1,5.84,Peaty,5.87,9.65
Arunachal Pradesh,District C,2015,Sugarcane,862.8,1555.82,287.51,125.32,127.7,6.39,Clay,7.57,59.88
Arunachal Pradesh,District C,2015,Cotton,596.7,5447.58,450.9,132.6,81.27,8.47,Peaty,8.54,28.53
Arunachal Pradesh,District C,2016,Wheat,1143.8,2705.0,415.66,193.34,138.59,6.26,Peaty,6.39,11.49
Arunachal Pradesh,District C,2016,Rice,640.8,5593.32,367.68,257.32,178.22,7.22,Peaty,7.25,8.22
Arunachal Pradesh,District C,2016,Maize,1866.0,3589.95,155.01,135.2,49.67,6.01,Peaty,6.68,59.17
Arunachal Pradesh,District C,2016,Sugarcane,1554.0,2568.45,304.95,76.06,89.21,6.96,Silty,9.55,60.07
Arunachal Pradesh,District C,2016,Cotton,1615.4,3778.2,353.64,67.73,65.79,6.59,Silty,6.44,90.74
Arunachal Pradesh,District C,2017,Wheat,858.3,3613.39,280.19,168.24,132.05,6.91,Peaty,5.27,59.09
Arunachal Pradesh,District C,2017,Rice,1305.5,5343.61,119.8,258.33,171.91,6.35,Peaty,4.95,21.85
Arunachal Pradesh,District C,2017,Maize,1095.2,1699.74,211.13,254.17,71.22,7.95,Peaty,4.11,50.74
Arunachal Pradesh,District C,2017,Sugarcane,1811.3,3720.96,380.9,298.2,43.67,6.32,Sandy,4.51,72.99
Arunachal Pradesh,District C,2017,Cotton,1823.4,4519.24,203.27,218.65,73.41,7.66,Silty,8.39,0.16
Arunachal Pradesh,District C,2018,Wheat,1454.6,1730.11,203.04,64.88,128.68,7.56,Loamy,6.99,80.04
Arunachal Pradesh,District C,2018,Rice,1494.0,1915.28,338.53,187.4,182.06,6.71,Clay,4.19,94.17
Arunachal Pradesh,District C,2018,Maize,1502.9,4554.01,244.77,198.42,21.82,7.41,Sandy,6.51,87.37
Arunachal Pradesh,District C,2018,Sugarcane,1586.0,2042.51,460.98,66.61,116.11,5.93,Sandy,7.25,53.25
Arunachal Pradesh,District C,2018,Cotton,1173.3,1879.77,259.75,277.53,165.44,6.15,Sandy,7.56,65.23
Arunachal Pradesh,District C,2019,Wheat,1768.4,4616.22,271.97,218.24,69.57,6.42,Loamy,6.31,22.63
Arunachal Pradesh,District C,2019,Rice,1076.4,3525.56,331.71,239.84,37.8,8.17,Loamy,4.33,2.74
Arunachal Pradesh,District C,2019,Maize,1089.5,3866.16,304.67,91.41,136.23,5.63,Sandy,4.11,15.45
Arunachal Pradesh,District C,2019,Sugarcane,538.2,4406.2,354.76,135.15,32.91,6.73,Sandy,1.91,84.71
Arunachal Pradesh,District C,2019,Cotton,1296.6,5287.76,332.09,189.92,38.95,6.0,Loamy,5.37,2.75
Arunachal Pradesh,District C,2020,Wheat,1258.2,5838.08,253.68,59.75,25.57,6.66,Loamy,4.56,31.32
Arunachal Pradesh,District C,2020,Rice,720.6,3695.33,152.02,258.87,86.67,6.62,Clay,9.0,60.29
Arunachal Pradesh,District C,2020,Maize,1740.1,5928.06,215.36,290.28,90.11,6.66,Silty,9.82,47.79
Arunachal Pradesh,District C,2020,Sugarcane,1298.4,2257.52,198.76,259.64,84.11,7.98,Peaty,2.75,5.76
Arunachal Pradesh,District C,2020,Cotton,1013.7,2716.11,486.57,189.43,82.51,7.24,Peaty,5.0,62.62
Arunachal Pradesh,District C,2021,Wheat,1233.3,3308.0,497.54,270.08,132.21,7.21,Loamy,5.15,73.08
Arunachal Pradesh,District C,2021,Rice,722.0,5336.51,384.35,276.74,43.83,7.28,Loamy,7.5,53.34
Arunachal Pradesh,District C,2021,Maize,1805.0,2087.94,416.2,81.21,162.96,6.33,Loamy,9.5,14.88
Arunachal Pradesh,District C,2021,Sugarcane,1194.0,5914.44,293.36,265.89,125.97,6.63,Clay,2.83,76.18
Arunachal Pradesh,District C,2021,Cotton,1079.8,3800.74,296.93,194.32,175.8,8.44,Loamy,4.99,60.21
Arunachal Pradesh,District C,2022,Wheat,1387.1,5129.65,290.59,299.03,30.7,5.51,Sandy,8.62,89.31
Arunachal Pradesh,District C,2022,Rice,593.7,5475.59,279.33,177.61,132.79,8.28,Loamy,5.29,68.77
Arunachal Pradesh,District C,2022,Maize,1584.1,4616.4,153.77,124.85,84.57,7.91,Clay,2.9,95.74
Arunachal Pradesh,District C,2022,Sugarcane,513.3,5990.19,370.73,257.12,73.03,5.54,Sandy,4.08,63.29
Arunachal Pradesh,District C,2022,Cotton,603.5,1525.5,474.84,255.48,165.65,8.15,Clay,6.52,8.86
Arunachal Pradesh,District C,2023,Wheat,1231.4,1849.42,263.02,151.78,31.88,6.55,Clay,6.69,57.7
Arunachal Pradesh,District C,2023,Rice,1546.6,1527.4,140.38,267.24,142.71,5.84,Loamy,8.15,70.71
Arunachal Pradesh,District C,2023,Maize,575.3,1828.06,261.15,123.82,61.83,6.34,Clay,1.2,58.33
Arunachal Pradesh,District C,2023,Sugarcane,1763.3,3970.41,187.71,58.42,58.63,6.75,Sandy,2.11,88.87
Arunachal Pradesh,District C,2023,Cotton,1254.6,3522.07,334.35,206.2,32.92,7.55,Loamy,7.43,82.25
Arunachal Pradesh,District C,2024,Wheat,1705.9,3986.25,308.07,85.72,159.56,6.31,Loamy,2.2,62.96
Arunachal Pradesh,District C,2024,Rice,581.5,4868.9,227.03,50.03,112.0,5.64,Sandy,1.56,83.93
Arunachal Pradesh,District C,2024,Maize,505.7,2610.71,396.36,129.07,38.34,6.58,Clay,6.08,86.65
Arunachal Pradesh,District C,2024,Sugarcane,1357.7,5582.4,477.19,155.6,87.92,8.31,Clay,1.8,68.7
Arunachal Pradesh,District C,2024,Cotton,1240.7,3244.42,353.08,225.96,20.79,6.0,Peaty,8.88,18.28
Assam,District A,2015,Wheat,917.7,2083.2,370.44,286.0,68.41,6.93,Clay,6.8,4.82
Assam,District A,2015,Rice,1040.1,5805.6,300.16,158.18,102.39,6.13,Clay,4.33,5.24
Assam,District A,2015,Maize,1651.4,3374.27,428.87,262.59,58.16,7.47,Clay,7.57,64.77
Assam,District A,2015,Sugarcane,1694.4,4893.1,114.38,148.68,187.55,5.88,Clay,3.84,64.48
Assam,District A,2015,Cotton,1092.7,4709.43,179.69,272.55,71.73,6.6,Sandy,8.41,78.2
Assam,District A,2016,Wheat,1315.7,1949.4,375.22,110.47,183.99,8.01,Sandy,2.12,41.36
Assam,District A,2016,Rice,1239.3,3319.3,312.38,198.78,21.79,6.89,Silty,1.37,39.76
Assam,District A,2016,Maize,1643.5,3547.14,206.9,104.95,43.67,8.07,Peaty,1.69,38.26
Assam,District A,2016,Sugarcane,1051.6,2317.83,274.2,133.02,81.52,7.72,Silty,6.78,57.06
Assam,District A,2016,Cotton,1352.1,4483.53,319.35,269.81,141.6,7.14,Sandy,6.46,29.11
Assam,District A,2017,Wheat,810.6,2185.48,459.78,227.53,188.73,7.31,Peaty,7.73,47.38
Assam,District A,2017,Rice,586.8,5810.05,477.09,246.3,198.44,7.13,Silty,7.99,20.5
Assam,District A,2017,Maize,1588.4,4288.81,458.43,261.8,76.73,6.33,Peaty,8.3,63.6
Assam,District A,2017,Sugarcane,1082.2,4533.59,203.96,136.3,185.15,6.37,Silty,5.85,6.06
Assam,District A,2017,Cotton,1535.0,4605.43,472.24,174.33,61.45,5.63,Sandy,9.62,52.97
Assam,District A,2018,Wheat,862.8,3752.72,371.85,69.06,69.45,7.92,Loamy,5.92,18.03
Assam,District A,2018,Rice,1187.9,4023.94,445.58,170.33,181.58,7.52,Sandy,9.83,79.31
Assam,District A,2018,Maize,1780.7,2588.9,484.25,99.23,191.26,8.48,Clay,9.83,56.95
Assam,District A,2018,Sugarcane,889.3,3466.48,337.42,68.27,132.02,8.44,Silty,8.46,73.21
Assam,District A,2018,Cotton,1032.6,4642.4,258.08,288.22,194.07,6.68,Loamy,5.29,71.83
Assam,District A,2019,Wheat,871.0,4382.77,366.64,90.67,121.72,7.81,Silty,1.11,0.9
Assam,District A,2019,Rice,1035.5,5667.87,191.47,208.59,59.97,6.47,Loamy,5.63,80.83
Assam,District A,2019,Maize,880.7,2606.13,261.11,273.66,20.08,8.2,Clay,9.59,49.47
Assam,District A,2019,Sugarcane,1269.1,3666.97,354.18,72.68,25.87,5.67,Clay,3.48,62.2
Assam,District A,2019,Cotton,1988.7,3238.45,329.54,153.9,172.51,8.21,Loamy,9.26,10.18
Assam,District A,2020,Wheat,1258.9,2493.84,115.57,59.0,51.54,8.1,Peaty,3.02,43.14
Assam,District A,2020,Rice,1578.7,4034.96,271.0,131.58,171.14,5.93,Loamy,9.03,41.94
Assam,District A,2020,Maize,1670.5,3643.51,299.02,101.17,126.4,6.06,Clay,6.34,3.28
Assam,District A,2020,Sugarcane,1454.1,3139.59,218.1,269.87,102.8,5.79,Clay,8.52,33.22
Assam,District A,2020,Cotton,1540.4,4970.05,361.86,87.9,177.66,7.12,Silty,4.83,3.76
Assam,District A,2021,Wheat,691.8,4944.96,100.0,154.14,114.05,5.66,Loamy,2.81,20.36
Assam,District A,2021,Rice,515.1,3468.67,453.09,62.98,54.4,6.43,Clay,6.97,74.19
Assam,District A,2021,Maize,1772.6,3401.83,221.17,131.32,148.27,7.95,Sandy,4.34,90.19
Assam,District A,2021,Sugarcane,1710.0,5931.86,401.7,148.3,126.31,7.48,Clay,4.73,75.38
Assam,District A,2021,Cotton,531.0,2710.59,307.04,117.21,133.12,6.95,Sandy,6.41,29.66
Assam,District A,2022,Wheat,1571.6,4915.52,141.01,178.46,111.6,6.61,Sandy,5.04,15.9
Assam,District A,2022,Rice,770.3,1942.06,421.41,80.51,42.52,8.05,Sandy,3.47,80.71
Assam,District A,2022,Maize,792.9,3054.04,234.24,294.63,174.18,7.6,Silty,7.04,43.53
Assam,District A,2022,Sugarcane,1324.0,2903.93,293.0,176.67,89.7,8.22,Sandy,1.23,83.9
Assam,District A,2022,Cotton,517.1,4666.65,488.1,159.42,62.3,7.61,Clay,7.36,53.43
Assam,District A,2023,Wheat,1311.1,3433.18,223.53,170.57,41.33,8.38,Clay,9.57,22.67
Assam,District A,2023,Rice,1819.0,5139.55,370.86,206.26,76.98,7.95,Sandy,8.17,25.05
Assam,District A,2023,Maize,1437.3,4072.86,433.13,276.52,22.19,7.52,Silty,2.68,1.98
Assam,District A,2023,Sugarcane,1086.0,2361.42,264.66,283.75,97.5,8.13,Peaty,1.62,78.38
Assam,District A,2023,Cotton,928.6,3447.45,374.18,133.11,30.19,6.62,Silty,9.84,78.49
Assam,District A,2024,Wheat,1600.2,2022.86,412.4,246.32,128.2,8.47,Loamy,9.47,91.47
Assam,District A,2024,Rice,517.2,3525.52,490.84,75.78,118.6,8.44,Sandy,7.64,70.46
Assam,District A,2024,Maize,1134.1,3059.36,259.04,116.07,56.96,6.95,Loamy,3.59,65.68
Assam,District A,2024,Sugarcane,1952.8,4216.37,130.79,68.9,191.26,6.39,Silty,6.39,62.36
Assam,District A,2024,Cotton,1472.8,2703.31,106.04,291.25,65.16,7.53,Sandy,7.05,58.36
Assam,District B,2015,Wheat,1288.6,2622.86,100.81,93.52,41.07,6.85,Peaty,9.5,73.65
Assam,District B,2015,Rice,1824.5,2411.85,335.03,225.28,142.42,6.72,Sandy,4.47,93.63
Assam,District B,2015,Maize,1313.0,5728.43,188.19,231.43,131.1,7.72,Sandy,5.48,74.28
Assam,District B,2015,Sugarcane,990.6,5505.26,133.72,251.8,175.04,7.95,Clay,7.51,0.91
Assam,District B,2015,Cotton,1384.2,4259.81,355.08,110.51,148.53,5.77,Sandy,8.37,5.0
Assam,District B,2016,Wheat,1867.3,1632.77,242.39,53.95,33.89,8.23,Clay,5.13,73.27
Assam,District B,2016,Rice,1410.1,4527.92,132.46,287.87,170.93,7.92,Clay,5.44,28.33
Assam,District B,2016,Maize,1680.2,3288.52,305.44,113.34,197.78,6.37,Loamy,4.85,20.62
Assam,District B,2016,Sugarcane,1699.6,3001.23,446.08,278.81,174.77,5.61,Clay,5.09,63.02
Assam,District B,2016,Cotton,872.6,4674.57,271.04,160.64,136.88,8.31,Silty,4.77,50.01
Assam,District B,2017,Wheat,1677.6,4194.8,180.44,197.56,93.37,6.91,Silty,2.89,28.1
Assam,District B,2017,Rice,1569.4,1551.72,263.51,281.01,40.14,7.05,Sandy,2.67,66.42
Assam,District B,2017,Maize,1822.5,5163.57,374.05,77.61,72.05,6.43,Silty,4.99,55.34
Assam,District B,2017,Sugarcane,882.3,4841.39,130.65,268.16,169.06,6.15,Peaty,3.94,35.44
Assam,District B,2017,Cotton,1258.5,5735.04,450.53,75.64,90.69,7.16,Clay,4.14,52.16
Assam,District B,2018,Wheat,1691.7,5479.69,237.91,165.46,94.61,5.54,Sandy,2.44,67.36
Assam,District B,2018,Rice,768.9,4622.77,191.84,79.39,49.75,5.51,Loamy,5.79,78.94
Assam,District B,2018,Maize,945.2,3936.16,238.09,153.55,151.83,8.14,Loamy,4.19,10.53
Assam,District B,2018,Sugarcane,833.5,3836.51,343.1,111.34,30.39,6.67,Clay,4.02,74.94
Assam,District B,2018,Cotton,1357.9,5938.11,265.89,238.47,176.86,7.54,Loamy,2.55,50.01
Assam,District B,2019,Wheat,1117.9,5417.37,352.57,183.13,40.77,7.32,Peaty,4.03,14.28
Assam,District B,2019,Rice,1538.1,2428.13,256.74,273.92,56.78,7.02,Peaty,7.99,61.13
Assam,District B,2019,Maize,1786.0,4529.61,263.25,271.4,59.94,7.64,Sandy,7.58,69.73
Assam,District B,2019,Sugarcane,1629.0,3592.75,449.67,100.86,42.93,6.36,Peaty,2.65,85.5
Assam,District B,2019,Cotton,1823.8,3598.39,130.28,146.96,164.64,8.21,Loamy,1.6,87.74
Assam,District B,2020,Wheat,1084.1,3937.92,487.23,66.64,136.7,5.72,Loamy,5.62,98.92
Assam,District B,2020,Rice,847.3,5741.46,117.14,161.6,32.6,7.69,Clay,7.36,37.45
Assam,District B,2020,Maize,1054.2,1703.94,239.98,282.32,88.26,7.99,Sandy,4.36,63.2
Assam,District B,2020,Sugarcane,643.1,1966.55,119.46,195.25,96.69,7.14,Peaty,4.15,67.75
Assam,District B,2020,Cotton,1637.8,1565.83,182.9,228.31,89.59,7.49,Silty,4.52,15.87
Assam,District B,2021,Wheat,887.3,4224.35,273.27,243.58,173.47,7.12,Loamy,3.76,41.5
Assam,District B,2021,Rice,1569.2,3237.95,335.4,96.34,127.96,8.08,Silty,7.52,74.58
Assam,District B,2021,Maize,1336.9,4131.01,153.46,160.96,101.14,8.38,Sandy,3.45,69.24
Assam,District B,2021,Sugarcane,896.1,5725.81,354.55,131.13,68.51,6.07,Loamy,3.51,65.47
Assam,District B,2021,Cotton,1735.7,1784.13,410.72,255.41,103.07,8.45,Silty,7.96,74.78
Assam,District B,2022,Wheat,725.9,2477.54,285.6,116.0,94.74,8.17,Peaty,6.67,85.81
Assam,District B,2022,Rice,1675.7,3430.43,180.43,178.55,152.52,6.81,Peaty,8.43,84.49
Assam,District B,2022,Maize,873.5,4095.16,126.9,73.73,199.8,6.48,Clay,8.26,85.8
Assam,District B,2022,Sugarcane,1996.4,2586.73,116.14,152.8,43.41,5.57,Clay,8.64,40.6
Assam,District B,2022,Cotton,520.5,1861.0,224.88,53.94,23.09,8.25,Sandy,7.86,3.89
Assam,District B,2023,Wheat,1755.7,4287.87,325.36,206.15,175.6,7.26,Sandy,1.62,63.83
Assam,District B,2023,Rice,1599.5,4542.56,155.37,194.71,122.51,8.11,Clay,9.36,34.19
Assam,District B,2023,Maize,1291.5,2452.36,498.25,295.28,136.91,7.91,Silty,9.46,50.4
Assam,District B,2023,Sugarcane,1923.8,5247.74,244.97,265.91,39.81,8.28,Silty,5.5,69.09
Assam,District B,2023,Cotton,1545.7,4418.88,210.12,89.05,134.47,7.3,Silty,1.38,57.97
Assam,District B,2024,Wheat,1179.4,5769.35,124.24,221.35,24.49,6.01,Silty,5.09,68.57
Assam,District B,2024,Rice,1865.3,4375.64,481.41,270.4,125.21,8.0,Loamy,9.29,58.32
Assam,District B,2024,Maize,1389.3,3097.16,120.8,57.94,96.2,5.75,Silty,8.93,88.29
Assam,District B,2024,Sugarcane,1488.6,2450.54,445.2,271.52,55.4,7.71,Sandy,9.98,3.0
Assam,District B,2024,Cotton,1846.0,4301.84,489.35,166.25,172.53,5.69,Silty,4.13,43.54
Assam,District C,2015,Wheat,1093.9,4511.89,456.76,126.51,119.34,7.87,Silty,2.51,47.5
Assam,District C,2015,Rice,582.8,5740.73,129.93,159.61,115.38,8.46,Sandy,9.71,43.97
Assam,District C,2015,Maize,917.6,5092.32,230.5,124.85,61.85,5.89,Silty,4.2,67.4
Assam,District C,2015,Sugarcane,593.8,2447.28,423.61,86.73,81.68,8.09,Loamy,8.46,70.67
Assam,District C,2015,Cotton,1425.8,2201.91,291.4,245.14,74.65,6.44,Silty,3.46,48.78
Assam,District C,2016,Wheat,623.4,3568.13,222.59,255.6,30.26,6.76,Sandy,2.72,34.71
Assam,District C,2016,Rice,1320.9,5962.98,365.68,99.81,28.09,5.88,Peaty,9.91,88.95
Assam,District C,2016,Maize,1057.2,2378.25,295.76,235.41,108.66,6.95,Clay,6.92,11.7
Assam,District C,2016,Sugarcane,1699.6,2054.55,379.41,154.04,112.49,8.21,Peaty,9.56,17.55
Assam,District C,2016,Cotton,1351.6,4106.92,295.85,211.19,61.37,7.16,Sandy,7.67,27.94
Assam,District C,2017,Wheat,697.5,5346.17,166.12,263.57,108.34,6.72,Peaty,6.19,55.88
Assam,District C,2017,Rice,1056.8,5035.39,201.12,284.72,180.92,6.51,Clay,8.61,79.59
Assam,District C,2017,Maize,762.7,4527.44,188.2,104.55,177.33,6.25,Silty,1.01,87.07
Assam,District C,2017,Sugarcane,1688.9,4322.98,400.11,88.01,102.5,6.55,Sandy,3.65,23.71
Assam,District C,2017,Cotton,1922.8,5751.0,343.98,281.13,161.45,7.27,Peaty,5.2,76.06
Assam,District C,2018,Wheat,731.7,3692.69,271.99,199.23,199.92,7.81,Peaty,7.37,47.57
Assam,District C,2018,Rice,1511.6,4933.02,118.18,211.65,60.81,7.51,Silty,5.59,50.13
Assam,District C,2018,Maize,575.4,1657.1,320.46,159.54,171.05,5.98,Clay,7.78,21.55
Assam,District C,2018,Sugarcane,1004.0,3595.57,409.35,278.74,54.05,8.27,Silty,4.42,80.14
Assam,District C,2018,Cotton,1088.1,4878.46,150.19,243.19,62.65,7.53,Peaty,8.52,92.74
Assam,District C,2019,Wheat,1048.8,2931.22,399.77,157.78,35.76,6.35,Clay,4.11,3.01
Assam,District C,2019,Rice,1942.2,4505.41,473.28,116.37,130.06,7.54,Silty,8.63,94.72
Assam,District C,2019,Maize,1827.3,4825.8,210.99,120.4,193.4,5.53,Sandy,7.36,62.27
Assam,District C,2019,Sugarcane,1985.2,2903.46,235.99,69.73,99.7,6.28,Loamy,9.93,54.1
Assam,District C,2019,Cotton,1977.3,5725.48,281.13,99.62,49.68,6.22,Silty,3.46,34.14
Assam,District C,2020,Wheat,1173.2,5609.55,175.76,51.26,30.82,8.21,Silty,7.78,57.79
Assam,District C,2020,Rice,1856.5,5178.34,402.82,63.9,21.24,6.14,Peaty,3.25,71.71
Assam,District C,2020,Maize,1784.2,3105.46,402.99,123.77,73.79,5.82,Sandy,7.57,94.02
Assam,District C,2020,Sugarcane,1405.7,5384.11,429.0,93.34,107.45,5.85,Peaty,5.44,29.99
Assam,District C,2020,Cotton,1394.1,3452.3,165.76,79.15,118.41,8.21,Silty,7.6,65.87
Assam,District C,2021,Wheat,1897.3,5194.41,326.64,214.26,181.71,6.7,Sandy,9.48,8.27
Assam,District C,2021,Rice,880.9,5009.95,139.49,68.92,85.08,5.78,Peaty,3.04,89.57
Assam,District C,2021,Maize,1675.3,4648.67,346.78,265.87,60.15,8.12,Peaty,6.11,29.64
Assam,District C,2021,Sugarcane,1907.5,5184.33,493.43,114.92,194.55,6.79,Loamy,1.45,5.28
Assam,District C,2021,Cotton,1538.0,3560.68,190.61,203.49,65.51,7.23,Loamy,8.41,82.07
Assam,District C,2022,Wheat,1216.0,3078.69,245.02,251.43,79.07,6.13,Sandy,8.51,35.83
Assam,District C,2022,Rice,1869.3,4045.6,173.07,84.9,123.77,7.79,Peaty,5.13,30.33
Assam,District C,2022,Maize,1898.8,2033.9,473.5,220.97,115.68,5.6,Peaty,3.81,24.98
Assam,District C,2022,Sugarcane,1481.2,4286.58,232.84,282.03,172.08,6.17,Silty,2.05,61.28
Assam,District C,2022,Cotton,1907.7,4478.0,130.72,138.67,119.12,6.71,Silty,8.33,61.18
Assam,District C,2023,Wheat,1060.2,2649.01,142.35,138.72,94.37,7.53,Peaty,1.63,39.53
Assam,District C,2023,Rice,772.7,2205.66,430.92,60.48,95.45,6.0,Peaty,7.39,9.57
Assam,District C,2023,Maize,976.5,5859.04,204.94,128.26,170.57,5.65,Silty,9.25,63.54
Assam,District C,2023,Sugarcane,1444.7,3314.45,400.96,182.82,141.94,6.79,Silty,5.0,89.36
Assam,District C,2023,Cotton,1487.1,1536.27,477.27,109.29,39.37,7.8,Loamy,8.6,48.4
Assam,District C,2024,Wheat,1271.1,2888.11,329.22,131.3,27.07,6.32,Clay,7.42,69.67
Assam,District C,2024,Rice,986.5,2552.54,184.35,264.3,167.68,6.82,Sandy,4.6,78.33
Assam,District C,2024,Maize,898.9,5956.5,110.31,200.88,138.71,7.56,Sandy,3.74,19.81
Assam,District C,2024,Sugarcane,598.5,5492.04,267.94,174.22,185.05,7.83,Loamy,2.54,41.81
Assam,District C,2024,Cotton,1635.9,5540.84,133.65,148.28,38.04,5.55,Clay,6.42,16.3
Bihar,District A,2015,Wheat,850.7,1606.68,433.98,293.67,44.38,6.19,Loamy,9.34,41.96
Bihar,District A,2015,Rice,575.9,1677.26,329.58,148.22,25.16,7.25,Sandy,8.09,30.64
Bihar,District A,2015,Maize,560.4,4147.58,259.07,293.45,117.96,6.33,Clay,6.09,75.15
Bihar,District A,2015,Sugarcane,697.9,3809.32,177.78,73.3,93.89,5.99,Peaty,3.86,25.94
Bihar,District A,2015,Cotton,631.4,1904.62,177.3,62.64,132.76,6.36,Loamy,6.97,87.06
Bihar,District A,2016,Wheat,1638.6,4773.88,293.76,223.45,119.5,6.15,Peaty,8.25,76.02
Bihar,District A,2016,Rice,730.8,2171.62,207.27,140.27,93.52,7.54,Peaty,8.45,58.48
Bihar,District A,2016,Maize,1006.3,5112.83,198.61,294.01,82.07,6.51,Silty,2.1,11.11
Bihar,District A,2016,Sugarcane,1472.2,5438.03,416.21,85.28,118.2,5.82,Peaty,2.41,73.8
Bihar,District A,2016,Cotton,1040.7,4520.72,208.26,70.31,198.66,5.97,Silty,9.8,79.38
Bihar,District A,2017,Wheat,1489.1,4100.13,446.44,122.36,104.18,7.36,Silty,5.02,61.88
Bihar,District A,2017,Rice,1498.0,3753.2,357.94,55.88,97.33,6.34,Clay,6.01,77.95
Bihar,District A,2017,Maize,524.3,5182.71,116.06,272.48,198.55,6.38,Silty,8.03,79.15
Bihar,District A,2017,Sugarcane,1403.7,3802.37,124.4,121.96,36.79,8.39,Clay,3.92,67.65
Bihar,District A,2017,Cotton,1391.4,4214.18,373.01,193.84,97.23,6.33,Sandy,1.17,46.41
Bihar,District A,2018,Wheat,1914.6,2957.19,364.46,213.06,65.19,7.45,Peaty,6.45,84.94
Bihar,District A,2018,Rice,567.5,4803.68,236.53,169.63,187.19,6.5,Silty,1.25,62.27
Bihar,District A,2018,Maize,1710.1,5289.07,293.09,244.36,141.11,7.67,Clay,6.7,80.55
Bihar,District A,2018,Sugarcane,1096.8,5126.91,336.81,91.48,24.44,6.59,Peaty,6.41,34.1
Bihar,District A,2018,Cotton,1875.9,3329.66,157.31,228.68,72.8,7.08,Peaty,9.1,79.22
Bihar,District A,2019,Wheat,1514.5,4558.35,478.37,123.96,20.2,6.32,Clay,9.32,32.58
Bihar,District A,2019,Rice,691.7,3490.65,116.99,221.16,182.49,8.01,Peaty,4.08,13.46
Bihar,District A,2019,Maize,641.6,5241.83,467.36,212.45,38.62,6.71,Clay,3.69,89.12
Bihar,District A,2019,Sugarcane,520.5,2952.27,321.74,87.05,36.58,7.95,Peaty,9.62,56.57
Bihar,District A,2019,Cotton,1271.7,1882.75,319.55,144.99,129.28,6.67,Sandy,4.51,48.0
Bihar,District A,2020,Wheat,707.0,1864.67,431.89,294.2,92.85,5.76,Clay,9.02,46.38
Bihar,District A,2020,Rice,980.0,3644.08,227.32,172.26,174.72,7.28,Clay,4.28,73.85
Bihar,District A,2020,Maize,1499.9,2038.03,329.06,114.19,164.74,6.78,Clay,7.57,61.92
Bihar,District A,2020,Sugarcane,780.0,1615.6,213.82,160.76,131.08,8.05,Clay,3.03,55.11
Bihar,District A,2020,Cotton,1285.3,2770.18,219.23,119.46,158.87,7.46,Clay,6.27,54.43
Bihar,District A,2021,Wheat,850.6,4369.98,428.03,60.39,109.66,7.57,Silty,3.77,61.36
Bihar,District A,2021,Rice,1846.9,5144.66,333.25,232.56,85.67,7.42,Peaty,9.97,70.04
Bihar,District A,2021,Maize,1655.7,3017.86,476.63,182.43,151.83,8.27,Peaty,7.9,70.21
Bihar,District A,2021,Sugarcane,997.0,4540.48,258.37,239.06,101.75,6.74,Sandy,3.26,12.04
Bihar,District A,2021,Cotton,1376.8,5861.95,251.14,65.51,81.07,7.02,Clay,6.92,99.77
Bihar,District A,2022,Wheat,1177.6,3096.28,260.28,78.79,178.99,6.74,Loamy,6.53,61.64
Bihar,District A,2022,Rice,1186.2,3286.27,282.15,153.74,151.49,5.91,Sandy,2.36,47.74
Bihar,District A,2022,Maize,1402.7,4117.81,260.58,134.52,42.83,6.68,Loamy,1.34,62.0
Bihar,District A,2022,Sugarcane,1547.3,2467.12,116.79,140.91,37.75,5.85,Clay,3.66,53.0
Bihar,District A,2022,Cotton,1517.6,4167.47,159.34,93.02,178.18,7.18,Clay,4.89,59.57
Bihar,District A,2023,Wheat,620.9,5728.06,402.05,196.66,169.12,5.74,Clay,8.12,91.58
Bihar,District A,2023,Rice,1039.7,2881.38,178.08,219.62,78.16,8.46,Loamy,2.59,72.21
Bihar,District A,2023,Maize,560.4,3324.4,306.51,195.16,188.47,7.52,Sandy,2.34,78.59
Bihar,District A,2023,Sugarcane,1426.9,3038.31,449.55,53.23,60.8,7.2,Peaty,4.96,64.4
Bihar,District A,2023,Cotton,1071.4,1745.54,339.78,275.6,88.98,6.15,Sandy,8.52,19.69
Bihar,District A,2024,Wheat,1161.7,2397.35,205.79,175.89,32.26,6.15,Loamy,8.06,59.86
Bihar,District A,2024,Rice,1121.2,5810.76,316.45,201.27,59.69,7.38,Sandy,1.19,81.96
Bihar,District A,2024,Maize,1737.3,5044.84,213.35,259.31,117.74,6.62,Peaty,1.11,14.3
Bihar,District A,2024,Sugarcane,1613.4,2598.73,339.2,146.28,173.87,8.36,Clay,4.45,83.91
Bihar,District A,2024,Cotton,718.0,3775.64,124.82,67.79,123.3,7.2,Sandy,6.02,95.98
Bihar,District B,2015,Wheat,573.0,1941.03,117.63,96.32,117.43,7.44,Sandy,3.97,58.92
Bihar,District B,2015,Rice,1181.4,3532.05,474.77,296.01,163.37,7.77,Sandy,2.49,5.91
Bihar,District B,2015,Maize,1536.1,4779.54,118.79,282.01,36.41,6.36,Clay,1.04,67.04
Bihar,District B,2015,Sugarcane,1462.7,3348.55,295.86,153.86,24.32,6.51,Sandy,1.89,95.67
Bihar,District B,2015,Cotton,1399.0,4778.95,226.15,148.29,62.65,5.79,Loamy,8.18,67.75
Bihar,District B,2016,Wheat,1320.4,3637.9,468.97,68.18,70.51,6.55,Clay,8.59,32.49
Bihar,District B,2016,Rice,1530.9,5827.27,392.1,172.47,133.53,7.72,Clay,4.01,73.09
Bihar,District B,2016,Maize,1130.0,4102.62,433.04,251.04,175.96,5.68,Loamy,9.01,65.23
Bihar,District B,2016,Sugarcane,1189.5,4540.93,347.44,192.14,30.65,7.4,Clay,4.56,13.3
Bihar,District B,2016,Cotton,738.1,5771.73,451.84,276.76,198.48,6.12,Clay,7.02,48.38
Bihar,District B,2017,Wheat,1127.6,3110.15,337.51,193.9,49.06,6.92,Clay,6.13,21.01
Bihar,District B,2017,Rice,1613.4,1613.4,241.93,245.05,121.5,6.28,Sandy,7.7,41.24
Bihar,District B,2017,Maize,793.6,3809.29,152.2,160.13,77.11,8.24,Silty,6.39,51.37
Bihar,District B,2017,Sugarcane,932.3,1529.09,298.5,121.41,152.23,5.57,Loamy,9.47,17.44
Bihar,District B,2017,Cotton,1207.5,1911.4,350.27,187.63,93.33,7.06,Sandy,2.77,2.26
Bihar,District B,2018,Wheat,1792.5,4097.03,456.26,199.24,165.83,6.79,Clay,3.3,32.74
Bihar,District B,2018,Rice,746.9,2315.27,416.28,146.18,98.48,7.28,Peaty,4.84,61.54
Bihar,District B,2018,Maize,622.4,1895.05,168.73,179.52,58.52,6.35,Silty,4.24,60.48
Bihar,District B,2018,Sugarcane,1081.2,5385.66,223.52,123.38,67.88,6.5,Sandy,8.98,45.85
Bihar,District B,2018,Cotton,1346.9,4483.62,371.63,282.94,199.45,7.66,Sandy,8.92,4.92
Bihar,District B,2019,Wheat,846.6,5538.24,202.48,105.16,44.86,8.08,Peaty,7.07,23.91
Bihar,District B,2019,Rice,1637.1,4920.02,225.04,152.67,57.74,8.43,Peaty,9.41,30.34
Bihar,District B,2019,Maize,1672.8,4946.36,376.66,291.41,90.84,5.89,Loamy,9.69,42.82
Bihar,District B,2019,Sugarcane,1448.0,4767.5,246.78,86.81,57.18,6.44,Peaty,3.09,40.53
Bihar,District B,2019,Cotton,903.7,2393.84,413.35,277.31,86.64,7.75,Clay,8.62,18.28
Bihar,District B,2020,Wheat,1934.4,3195.04,235.7,65.61,107.51,5.83,Loamy,3.85,80.88
Bihar,District B,2020,Rice,1813.2,2861.1,443.48,264.31,157.64,5.94,Loamy,9.51,68.25
Bihar,District B,2020,Maize,997.4,3752.61,358.29,177.64,41.59,6.44,Clay,2.59,0.51
Bihar,District B,2020,Sugarcane,1168.1,1879.15,373.06,108.91,189.84,8.11,Clay,8.23,98.66
Bihar,District B,2020,Cotton,1396.8,1868.85,358.73,206.24,134.9,6.42,Clay,9.64,21.77
Bihar,District B,2021,Wheat,632.2,2375.41,428.22,219.16,134.49,6.71,Peaty,5.6,60.43
Bihar,District B,2021,Rice,1191.3,5229.19,431.83,227.35,38.97,8.02,Peaty,9.3,14.2
Bihar,District B,2021,Maize,956.4,2126.61,344.8,126.58,78.7,5.71,Clay,7.11,63.14
Bihar,District B,2021,Sugarcane,905.8,2619.56,476.82,124.57,159.59,6.68,Silty,5.9,97.58
Bihar,District B,2021,Cotton,1053.7,3107.37,237.64,180.14,99.32,8.14,Peaty,4.74,6.31
Bihar,District B,2022,Wheat,1095.1,3633.03,280.51,267.29,115.41,6.9,Peaty,8.07,19.57
Bihar,District B,2022,Rice,1730.4,4419.36,267.59,164.51,66.2,7.76,Peaty,6.95,74.64
Bihar,District B,2022,Maize,967.4,5305.44,203.84,50.41,87.75,7.21,Sandy,4.77,21.96
Bihar,District B,2022,Sugarcane,500.3,5617.51,437.55,235.57,50.21,5.86,Sandy,7.52,92.88
Bihar,District B,2022,Cotton,1145.8,2036.13,304.96,137.21,87.47,7.36,Silty,3.11,74.94
Bihar,District B,2023,Wheat,1876.8,1986.13,193.05,237.57,69.41,7.37,Loamy,5.07,73.91
Bihar,District B,2023,Rice,1529.8,5167.82,450.98,243.3,140.89,5.6,Loamy,5.15,98.88
Bihar,District B,2023,Maize,1224.8,5941.03,401.83,112.15,116.91,8.48,Silty,8.77,26.71
Bihar,District B,2023,Sugarcane,1302.0,5364.43,230.35,288.51,41.94,5.55,Silty,8.45,0.06
Bihar,District B,2023,Cotton,961.7,2585.24,193.43,67.05,53.68,7.17,Silty,4.76,37.69
Bihar,District B,2024,Wheat,1813.9,5573.85,297.18,132.54,39.22,8.36,Loamy,3.68,29.81
Bihar,District B,2024,Rice,980.6,2239.29,413.26,80.62,134.28,5.87,Silty,1.19,76.09
Bihar,District B,2024,Maize,564.1,5390.94,147.46,92.97,105.77,7.71,Silty,4.96,48.29
Bihar,District B,2024,Sugarcane,818.4,2020.01,434.57,175.62,22.59,7.91,Silty,6.45,50.37
Bihar,District B,2024,Cotton,1817.6,5786.33,401.81,161.36,126.6,7.6,Loamy,3.79,50.33
Bihar,District C,2015,Wheat,1694.7,4827.61,358.21,88.94,118.47,5.76,Loamy,2.98,18.6
Bihar,District C,2015,Rice,1926.2,2444.54,204.37,292.4,152.25,7.6,Clay,9.53,14.12
Bihar,District C,2015,Maize,1645.3,1989.07,492.5,145.4,159.54,6.53,Clay,2.73,14.6
Bihar,District C,2015,Sugarcane,1907.1,5629.41,454.99,206.36,165.49,5.71,Sandy,6.06,67.14
Bihar,District C,2015,Cotton,1889.5,4286.26,429.92,222.2,119.35,6.23,Sandy,2.77,23.75
Bihar,District C,2016,Wheat,949.8,4392.58,340.38,224.02,85.25,7.97,Sandy,2.74,47.13
Bihar,District C,2016,Rice,1208.8,3202.01,306.92,153.28,55.88,6.74,Loamy,3.84,5.57
Bihar,District C,2016,Maize,1414.7,2583.62,254.72,70.15,46.49,6.39,Sandy,3.08,84.89
Bihar,District C,2016,Sugarcane,1095.9,2604.98,424.93,135.71,40.07,7.21,Loamy,7.67,54.67
Bihar,District C,2016,Cotton,1826.7,3992.97,313.82,98.86,49.92,8.25,Loamy,2.81,89.02
Bihar,District C,2017,Wheat,672.4,1517.27,300.8,195.78,124.21,5.66,Peaty,3.31,46.5
Bihar,District C,2017,Rice,840.5,4847.57,467.68,155.94,81.58,8.38,Loamy,8.46,19.03
Bihar,District C,2017,Maize,1875.8,3991.01,219.69,157.71,76.19,7.68,Sandy,8.64,36.33
Bihar,District C,2017,Sugarcane,1690.9,5734.47,349.28,235.41,164.92,8.04,Sandy,1.46,40.19
Bihar,District C,2017,Cotton,1510.6,3526.58,399.59,139.25,134.25,6.06,Sandy,2.97,11.28
Bihar,District C,2018,Wheat,1394.7,3681.1,110.75,145.12,39.1,7.09,Loamy,9.61,42.71
Bihar,District C,2018,Rice,1212.7,5540.8,310.02,226.82,65.39,6.84,Loamy,5.6,42.88
Bihar,District C,2018,Maize,580.7,1599.39,243.18,133.42,89.79,5.92,Loamy,2.38,72.81
Bihar,District C,2018,Sugarcane,1400.4,4790.63,407.9,293.85,123.24,6.52,Peaty,5.64,49.73
Bihar,District C,2018,Cotton,767.6,1986.7,436.84,203.53,78.65,6.08,Clay,4.06,86.96
Bihar,District C,2019,Wheat,632.2,4995.59,439.02,95.45,97.46,6.0,Peaty,5.82,63.53
Bihar,District C,2019,Rice,794.7,2452.86,116.6,130.52,120.75,8.07,Peaty,4.92,95.31
Bihar,District C,2019,Maize,1578.9,5685.74,311.04,114.73,29.51,7.68,Sandy,8.13,81.16
Bihar,District C,2019,Sugarcane,1223.4,1757.9,169.84,226.86,148.12,8.2,Loamy,7.55,92.26
Bihar,District C,2019,Cotton,1643.3,4162.73,176.81,216.67,132.21,7.31,Sandy,4.67,27.96
Bihar,District C,2020,Wheat,704.6,4776.06,425.26,114.37,159.4,6.66,Peaty,6.92,43.77
Bihar,District C,2020,Rice,915.1,4011.77,238.8,283.22,186.08,7.01,Sandy,7.52,83.64
Bihar,District C,2020,Maize,1793.7,2921.99,440.88,60.23,28.94,7.37,Clay,1.77,97.25
Bihar,District C,2020,Sugarcane,1277.0,4263.84,194.64,170.87,97.25,5.72,Sandy,5.11,84.57
Bihar,District C,2020,Cotton,671.4,2649.09,431.19,144.5,196.61,6.9,Loamy,4.62,42.5
Bihar,District C,2021,Wheat,1074.3,4735.84,319.01,285.94,65.16,5.8,Peaty,1.36,44.91
Bihar,District C,2021,Rice,1366.4,4069.08,232.97,128.88,39.19,6.6,Loamy,4.64,99.33
Bihar,District C,2021,Maize,1802.8,4040.88,306.65,121.15,113.1,8.04,Loamy,5.1,48.2
Bihar,District C,2021,Sugarcane,1636.7,2768.63,227.22,281.16,30.12,6.96,Sandy,5.93,16.46
Bihar,District C,2021,Cotton,595.8,2928.25,188.13,178.83,38.43,7.76,Loamy,1.14,96.37
Bihar,District C,2022,Wheat,1065.5,4214.46,131.89,220.78,187.86,7.23,Silty,8.22,16.06
Bihar,District C,2022,Rice,1306.0,2363.8,387.69,117.89,76.92,8.03,Silty,7.09,30.1
Bihar,District C,2022,Maize,776.1,4904.03,289.66,106.45,130.99,5.62,Peaty,5.05,25.25
Bihar,District C,2022,Sugarcane,1164.2,5312.71,182.4,288.02,81.54,8.46,Peaty,3.86,0.88
Bihar,District C,2022,Cotton,1073.2,2858.14,114.96,176.34,92.55,7.4,Silty,8.47,13.37
Bihar,District C,2023,Wheat,1903.1,4881.4,476.53,219.15,85.41,8.31,Silty,6.66,21.52
Bihar,District C,2023,Rice,1441.2,5656.49,499.01,58.11,62.41,6.43,Peaty,4.49,28.28
Bihar,District C,2023,Maize,956.7,5923.26,357.11,229.42,195.79,6.63,Silty,6.66,64.04
Bihar,District C,2023,Sugarcane,1775.8,4833.91,317.03,213.4,69.32,7.28,Peaty,6.47,44.46
Bihar,District C,2023,Cotton,1613.6,2527.49,123.38,124.98,105.38,6.0,Loamy,2.06,95.39
Bihar,District C,2024,Wheat,1798.4,4097.47,369.62,54.17,81.01,7.89,Silty,7.31,41.07
Bihar,District C,2024,Rice,1257.0,1533.09,376.69,215.34,26.91,6.6,Clay,5.63,85.68
Bihar,District C,2024,Maize,1200.3,3118.74,314.46,229.34,99.84,8.32,Silty,5.28,75.69
Bihar,District C,2024,Sugarcane,1533.7,5386.38,498.72,156.71,40.01,5.59,Silty,8.9,20.4
Bihar,District C,2024,Cotton,1739.7,4009.6,121.84,292.96,112.27,6.37,Loamy,8.56,65.08
Chhattisgarh,District A,2015,Wheat,1422.6,2290.52,305.28,228.85,195.19,6.1,Sandy,2.5,33.27
Chhattisgarh,District A,2015,Rice,1909.9,3043.62,495.25,171.31,52.25,8.17,Loamy,3.29,35.19
Chhattisgarh,District A,2015,Maize,1558.4,3846.98,149.86,290.35,134.46,7.8,Sandy,1.2,77.45
Chhattisgarh,District A,2015,Sugarcane,701.7,3604.74,342.36,157.09,24.88,7.85,Sandy,2.01,60.95
Chhattisgarh,District A,2015,Cotton,1352.6,5063.97,494.68,112.72,111.74,8.23,Loamy,5.39,94.54
Chhattisgarh,District A,2016,Wheat,585.9,5689.49,120.2,186.83,180.28,6.29,Peaty,6.22,28.26
Chhattisgarh,District A,2016,Rice,918.5,3322.36,499.52,63.74,124.14,5.75,Clay,7.57,35.78
Chhattisgarh,District A,2016,Maize,595.9,1834.51,146.15,267.42,105.0,7.64,Clay,3.33,34.72
Chhattisgarh,District A,2016,Sugarcane,1691.3,4313.47,475.06,219.93,122.63,7.33,Clay,5.84,1.42
Chhattisgarh,District A,2016,Cotton,886.4,3524.75,377.16,233.29,199.18,6.36,Clay,3.13,88.26
Chhattisgarh,District A,2017,Wheat,645.5,1750.68,151.69,64.44,172.1,5.68,Silty,5.89,69.5
Chhattisgarh,District A,2017,Rice,1272.8,5956.28,344.54,142.74,158.99,6.01,Sandy,9.06,2.89
Chhattisgarh,District A,2017,Maize,859.5,1645.75,234.34,178.47,163.4,6.51,Silty,3.14,22.44
Chhattisgarh,District A,2017,Sugarcane,1256.8,2673.82,103.63,212.07,112.0,6.84,Clay,7.36,65.43
Chhattisgarh,District A,2017,Cotton,1808.8,2598.66,280.04,281.46,138.8,6.67,Silty,5.12,39.45
Chhattisgarh,District A,2018,Wheat,1800.6,2597.98,486.69,289.53,64.57,6.54,Silty,8.54,32.3
Chhattisgarh,District A,2018,Rice,1833.5,2222.85,169.21,116.69,41.52,6.19,Silty,8.4,13.9
Chhattisgarh,District A,2018,Maize,1620.9,1715.61,479.41,227.79,21.22,7.79,Loamy,8.01,52.25
Chhattisgarh,District A,2018,Sugarcane,1461.5,5038.49,262.04,50.68,172.99,6.64,Loamy,1.58,59.61
Chhattisgarh,District A,2018,Cotton,1609.4,2449.36,436.65,57.59,171.89,6.88,Clay,9.44,67.71
Chhattisgarh,District A,2019,Wheat,678.5,1810.18,293.42,105.02,65.72,8.13,Loamy,3.61,23.88
Chhattisgarh,District A,2019,Rice,820.3,3350.15,381.61,104.36,86.0,6.67,Silty,8.84,41.83
Chhattisgarh,District A,2019,Maize,1166.6,2864.77,386.64,139.67,68.2,6.8,Peaty,8.72,84.49
Chhattisgarh,District A,2019,Sugarcane,1039.5,4592.55,225.13,65.23,146.28,5.53,Silty,3.03,17.6
Chhattisgarh,District A,2019,Cotton,1799.3,3498.83,154.82,265.55,166.9,8.45,Peaty,7.24,98.74
Chhattisgarh,District A,2020,Wheat,837.7,4480.43,343.87,278.77,48.15,7.76,Peaty,1.02,26.07
Chhattisgarh,District A,2020,Rice,1277.4,4749.97,169.66,186.72,148.6,6.83,Clay,5.04,29.64
Chhattisgarh,District A,2020,Maize,1894.5,2060.76,360.99,63.18,100.31,7.16,Sandy,5.1,16.36
Chhattisgarh,District A,2020,Sugarcane,956.2,4294.98,220.72,274.94,133.11,6.82,Sandy,8.51,57.74
Chhattisgarh,District A,2020,Cotton,1469.6,3562.64,311.48,58.59,135.01,5.74,Clay,3.63,54.54
Chhattisgarh,District A,2021,Wheat,700.1,4612.4,418.0,90.84,38.78,5.94,Silty,5.72,66.69
Chhattisgarh,District A,2021,Rice,900.7,5597.99,274.27,82.27,153.61,7.43,Loamy,6.59,21.99
Chhattisgarh,District A,2021,Maize,1167.3,5547.36,153.41,146.67,167.81,8.41,Loamy,5.56,57.22
Chhattisgarh,District A,2021,Sugarcane,1898.5,5361.93,168.24,159.19,103.52,7.87,Peaty,9.38,2.46
Chhattisgarh,District A,2021,Cotton,1545.0,4763.97,434.55,293.61,195.61,5.7,Clay,7.13,87.93
Chhattisgarh,District A,2022,Wheat,1271.3,3926.36,202.04,241.97,155.32,7.27,Clay,1.87,6.42
Chhattisgarh,District A,2022,Rice,1389.0,5212.66,443.33,165.91,161.17,8.34,Loamy,3.8,52.53
Chhattisgarh,District A,2022,Maize,599.1,5876.56,244.02,169.47,83.95,7.55,Peaty,7.3,30.69
Chhattisgarh,District A,2022,Sugarcane,585.6,3043.73,366.77,75.63,22.15,5.92,Peaty,5.04,45.93
Chhattisgarh,District A,2022,Cotton,615.5,4518.44,428.5,111.16,95.83,8.02,Clay,4.17,44.61
Chhattisgarh,District A,2023,Wheat,1507.5,3002.56,201.7,207.76,24.5,7.66,Loamy,6.45,63.19
Chhattisgarh,District A,2023,Rice,1290.6,4121.4,373.52,238.28,150.94,8.11,Peaty,2.66,5.7
Chhattisgarh,District A,2023,Maize,1381.7,5281.57,107.0,62.25,123.1,7.96,Sandy,5.87,28.41
Chhattisgarh,District A,2023,Sugarcane,1992.2,5849.52,276.3,115.1,170.91,7.65,Peaty,7.08,20.59
Chhattisgarh,District A,2023,Cotton,1028.7,2067.5,151.94,219.05,174.55,8.39,Loamy,5.62,34.33
Chhattisgarh,District A,2024,Wheat,992.9,4210.15,228.93,244.22,32.74,7.48,Loamy,1.51,74.75
Chhattisgarh,District A,2024,Rice,1776.3,2787.61,356.18,128.54,192.43,5.6,Sandy,2.5,71.22
Chhattisgarh,District A,2024,Maize,763.8,2559.22,297.75,278.71,58.11,5.93,Clay,9.78,22.23
Chhattisgarh,District A,2024,Sugarcane,812.2,4891.74,201.35,273.77,123.31,6.55,Sandy,7.79,30.95
Chhattisgarh,District A,2024,Cotton,1172.0,3324.62,493.64,123.06,73.07,6.56,Clay,5.12,25.9
Chhattisgarh,District B,2015,Wheat,1818.1,2385.0,478.92,101.41,130.46,6.17,Silty,5.08,94.57
Chhattisgarh,District B,2015,Rice,1515.2,2857.14,175.32,125.93,36.74,5.93,Sandy,5.63,51.33
Chhattisgarh,District B,2015,Maize,660.8,3405.67,280.95,233.41,171.2,7.13,Silty,9.31,82.15
Chhattisgarh,District B,2015,Sugarcane,1031.1,4451.19,314.91,219.28,142.88,7.39,Peaty,1.35,45.56
Chhattisgarh,District B,2015,Cotton,1836.5,4062.74,432.96,297.91,49.45,7.58,Clay,7.17,22.63
Chhattisgarh,District B,2016,Wheat,697.7,5491.69,210.01,105.9,174.28,7.95,Silty,6.68,43.01
Chhattisgarh,District B,2016,Rice,1156.6,2896.67,404.85,284.04,189.34,6.02,Peaty,3.15,62.41
Chhattisgarh,District B,2016,Maize,1211.1,5440.58,208.57,50.93,49.26,6.55,Loamy,1.25,37.53
Chhattisgarh,District B,2016,Sugarcane,1440.1,2157.43,429.2,108.76,137.41,6.72,Loamy,1.97,1.69
Chhattisgarh,District B,2016,Cotton,1864.3,2713.34,427.87,299.84,58.06,6.3,Sandy,9.69,91.58
Chhattisgarh,District B,2017,Wheat,1254.3,5078.0,154.3,294.36,193.58,5.99,Clay,1.9,27.17
Chhattisgarh,District B,2017,Rice,1723.9,3202.42,135.36,135.56,196.65,7.39,Sandy,7.38,90.61
Chhattisgarh,District B,2017,Maize,706.6,1744.57,107.41,85.91,138.43,7.68,Loamy,3.19,30.59
Chhattisgarh,District B,2017,Sugarcane,1224.7,1784.32,344.46,295.93,84.95,7.76,Clay,9.97,47.45
Chhattisgarh,District B,2017,Cotton,1724.1,3444.3,418.56,198.85,179.59,6.73,Loamy,3.24,91.02
Chhattisgarh,District B,2018,Wheat,731.6,4320.47,111.52,210.93,69.89,6.85,Clay,7.62,32.0
Chhattisgarh,District B,2018,Rice,1259.1,2231.3,483.9,262.9,175.48,6.72,Clay,1.08,2.0
Chhattisgarh,District B,2018,Maize,1379.9,3549.28,307.21,51.87,96.08,7.65,Clay,8.9,26.92
Chhattisgarh,District B,2018,Sugarcane,1973.4,3223.06,171.15,137.93,99.23,5.71,Sandy,4.74,25.83
Chhattisgarh,District B,2018,Cotton,1800.5,4511.71,279.23,171.98,56.77,7.38,Peaty,9.96,48.02
Chhattisgarh,District B,2019,Wheat,1228.8,4046.33,466.7,250.2,101.2,7.66,Clay,7.47,61.87
Chhattisgarh,District B,2019,Rice,622.5,2479.76,200.14,257.93,103.38,6.96,Silty,6.68,54.29
Chhattisgarh,District B,2019,Maize,694.1,3191.2,139.66,205.74,100.44,7.83,Clay,1.46,46.83
Chhattisgarh,District B,2019,Sugarcane,1779.7,5701.11,473.04,81.31,88.77,5.58,Clay,7.0,28.54
Chhattisgarh,District B,2019,Cotton,1378.7,1992.67,486.33,93.7,136.65,6.24,Silty,7.99,67.34
Chhattisgarh,District B,2020,Wheat,1421.7,5516.11,131.45,132.73,64.69,8.46,Clay,5.8,99.6
Chhattisgarh,District B,2020,Rice,1700.8,5305.39,354.11,60.39,57.22,8.28,Loamy,1.93,70.24
Chhattisgarh,District B,2020,Maize,949.2,2709.86,499.19,264.53,93.43,8.44,Loamy,8.11,61.63
Chhattisgarh,District B,2020,Sugarcane,567.3,4301.46,223.57,142.18,158.55,7.93,Peaty,8.6,13.93
Chhattisgarh,District B,2020,Cotton,1280.3,1667.01,132.27,218.09,144.05,6.52,Clay,8.43,79.13
Chhattisgarh,District B,2021,Wheat,801.4,5123.04,440.05,122.29,191.41,5.65,Sandy,4.39,96.49
Chhattisgarh,District B,2021,Rice,910.3,3298.46,493.14,184.12,110.47,6.27,Sandy,1.13,4.95
Chhattisgarh,District B,2021,Maize,1399.0,3037.54,481.33,275.8,148.47,7.95,Silty,7.16,50.32
Chhattisgarh,District B,2021,Sugarcane,1647.7,3683.81,159.75,212.06,51.03,8.12,Silty,6.47,8.38
Chhattisgarh,District B,2021,Cotton,1464.6,4931.4,333.97,116.56,25.64,5.86,Silty,9.81,50.19
Chhattisgarh,District B,2022,Wheat,1182.4,4890.64,152.99,186.73,118.32,5.77,Silty,3.67,0.06
Chhattisgarh,District B,2022,Rice,1944.6,5628.95,405.83,69.77,100.55,5.81,Loamy,6.61,35.61
Chhattisgarh,District B,2022,Maize,1683.4,2551.61,355.68,108.92,148.46,8.12,Sandy,4.47,41.79
Chhattisgarh,District B,2022,Sugarcane,566.8,2801.12,280.51,79.25,101.59,8.06,Sandy,1.71,19.17
Chhattisgarh,District B,2022,Cotton,1211.8,3126.69,243.49,182.32,125.19,7.89,Peaty,8.25,33.86
Chhattisgarh,District B,2023,Wheat,583.1,3993.84,335.16,283.64,150.69,8.25,Clay,6.44,52.78
Chhattisgarh,District B,2023,Rice,1336.2,5902.49,409.27,76.57,160.12,6.01,Sandy,1.32,32.31
Chhattisgarh,District B,2023,Maize,1316.2,3982.71,242.62,161.83,193.79,6.63,Sandy,2.66,49.75
Chhattisgarh,District B,2023,Sugarcane,913.9,4789.55,130.65,216.01,62.76,6.97,Sandy,7.5,94.53
Chhattisgarh,District B,2023,Cotton,1875.6,4125.42,285.04,254.58,143.0,6.05,Loamy,4.86,18.9
Chhattisgarh,District B,2024,Wheat,922.7,2703.87,307.68,108.59,42.24,5.87,Clay,4.39,92.33
Chhattisgarh,District B,2024,Rice,1317.2,2713.84,380.96,214.73,198.04,6.3,Loamy,5.75,20.21
Chhattisgarh,District B,2024,Maize,665.1,3225.25,434.86,266.32,128.51,7.68,Clay,2.36,28.47
Chhattisgarh,District B,2024,Sugarcane,1064.0,4903.4,315.86,69.37,23.25,5.81,Silty,7.29,11.2
Chhattisgarh,District B,2024,Cotton,1774.2,3897.81,288.53,295.27,153.27,5.85,Loamy,2.51,51.23
Chhattisgarh,District C,2015,Wheat,1231.1,4312.91,478.47,194.94,117.24,5.65,Silty,7.12,20.29
Chhattisgarh,District C,2015,Rice,1618.4,5980.29,366.26,173.37,186.17,5.55,Peaty,9.0,6.17
Chhattisgarh,District C,2015,Maize,1175.1,2421.24,326.61,212.39,74.47,6.88,Sandy,1.49,83.64
Chhattisgarh,District C,2015,Sugarcane,1267.9,3871.53,324.64,92.7,55.58,6.46,Peaty,2.89,11.63
Chhattisgarh,District C,2015,Cotton,1955.2,1598.92,421.08,247.01,73.5,5.91,Loamy,1.83,10.09
Chhattisgarh,District C,2016,Wheat,798.5,5999.32,100.87,209.67,45.42,8.26,Silty,2.88,7.25
Chhattisgarh,District C,2016,Rice,1554.9,3311.37,468.02,212.56,36.28,8.34,Silty,5.35,31.56
Chhattisgarh,District C,2016,Maize,1683.4,4568.03,455.5,223.13,63.84,8.29,Sandy,8.23,15.34
Chhattisgarh,District C,2016,Sugarcane,1049.8,3180.09,160.56,249.61,147.3,6.07,Silty,1.43,17.64
Chhattisgarh,District C,2016,Cotton,1933.9,1816.82,241.97,175.79,108.79,5.51,Silty,2.57,37.87
Chhattisgarh,District C,2017,Wheat,1764.7,4398.96,360.29,266.71,180.92,8.26,Loamy,5.9,74.05
Chhattisgarh,District C,2017,Rice,1635.4,4230.22,166.71,249.36,149.62,5.76,Clay,9.03,28.72
Chhattisgarh,District C,2017,Maize,991.6,2020.23,255.45,59.31,185.17,7.52,Sandy,8.95,47.3
Chhattisgarh,District C,2017,Sugarcane,1279.5,2357.59,284.82,275.76,29.15,8.09,Clay,3.73,63.82
Chhattisgarh,District C,2017,Cotton,1025.0,5677.68,126.25,187.35,126.36,7.46,Peaty,6.6,60.68
Chhattisgarh,District C,2018,Wheat,1774.2,3935.42,421.54,177.22,31.24,6.65,Peaty,1.92,53.55
Chhattisgarh,District C,2018,Rice,627.7,2863.25,397.84,291.11,149.22,8.48,Loamy,8.93,35.02
Chhattisgarh,District C,2018,Maize,624.9,4760.51,224.6,245.73,99.68,6.96,Sandy,2.47,56.56
Chhattisgarh,District C,2018,Sugarcane,1255.9,1560.81,245.15,200.27,172.75,8.17,Silty,7.56,31.65
Chhattisgarh,District C,2018,Cotton,1013.3,2375.09,324.78,128.64,35.19,7.56,Clay,5.59,54.57
Chhattisgarh,District C,2019,Wheat,1039.1,1866.63,177.34,287.69,93.57,6.9,Sandy,3.14,97.89
Chhattisgarh,District C,2019,Rice,1079.6,2702.66,268.6,73.6,42.63,6.74,Silty,9.1,66.48
Chhattisgarh,District C,2019,Maize,657.8,4524.09,354.17,251.44,168.54,8.1,Peaty,9.82,59.63
Chhattisgarh,District C,2019,Sugarcane,1564.6,1533.11,307.28,59.38,122.46,8.26,Loamy,5.86,45.82
Chhattisgarh,District C,2019,Cotton,1917.5,4531.24,125.96,166.43,63.24,6.91,Peaty,3.31,80.08
Chhattisgarh,District C,2020,Wheat,1448.2,3765.81,124.04,278.98,130.78,6.08,Clay,5.73,71.81
Chhattisgarh,District C,2020,Rice,1372.2,5764.96,121.48,76.56,51.26,7.57,Clay,3.22,45.96
Chhattisgarh,District C,2020,Maize,1442.8,4007.63,397.05,119.94,121.69,5.76,Sandy,7.55,63.38
Chhattisgarh,District C,2020,Sugarcane,710.8,3493.28,324.58,262.26,99.86,8.26,Peaty,7.16,88.24
Chhattisgarh,District C,2020,Cotton,805.3,5430.13,123.9,272.15,79.23,6.44,Peaty,3.69,74.81
Chhattisgarh,District C,2021,Wheat,812.4,2423.49,175.81,81.4,75.98,8.16,Sandy,7.62,79.73
Chhattisgarh,District C,2021,Rice,904.1,5493.49,154.92,134.09,125.61,5.81,Peaty,9.53,76.68
Chhattisgarh,District C,2021,Maize,902.4,4158.62,388.58,285.32,178.69,7.05,Silty,6.56,66.59
Chhattisgarh,District C,2021,Sugarcane,1068.0,5794.9,449.67,226.99,148.46,6.26,Silty,1.29,59.53
Chhattisgarh,District C,2021,Cotton,1308.8,5859.67,293.69,65.9,119.3,8.02,Loamy,4.87,32.03
Chhattisgarh,District C,2022,Wheat,1860.0,2360.59,346.17,151.43,27.39,6.54,Silty,7.22,88.32
Chhattisgarh,District C,2022,Rice,1922.3,3690.38,380.93,262.99,84.19,6.28,Sandy,7.9,65.79
Chhattisgarh,District C,2022,Maize,1735.8,4413.84,487.58,228.49,186.44,7.05,Silty,2.14,59.25
Chhattisgarh,District C,2022,Sugarcane,1223.7,4301.59,104.02,98.71,108.44,8.35,Clay,4.82,71.47
Chhattisgarh,District C,2022,Cotton,1405.7,2845.17,264.33,104.42,193.88,5.89,Sandy,2.31,52.43
Chhattisgarh,District C,2023,Wheat,1944.4,4234.59,493.35,260.28,26.47,7.48,Silty,7.94,91.51
Chhattisgarh,District C,2023,Rice,1781.8,4574.29,120.93,245.71,172.19,7.9,Peaty,3.1,84.53
Chhattisgarh,District C,2023,Maize,1590.7,5913.43,162.28,106.42,58.12,7.88,Peaty,9.17,72.98
Chhattisgarh,District C,2023,Sugarcane,1603.2,1860.08,243.79,264.59,61.87,5.85,Peaty,2.98,92.53
Chhattisgarh,District C,2023,Cotton,1801.9,3748.57,124.54,228.64,132.21,8.41,Sandy,9.71,26.86
Chhattisgarh,District C,2024,Wheat,1242.2,1887.52,323.65,175.7,46.0,6.83,Sandy,3.86,48.37
Chhattisgarh,District C,2024,Rice,941.9,2664.17,110.36,121.3,119.71,5.5,Silty,9.6,24.02
Chhattisgarh,District C,2024,Maize,985.3,2327.16,330.77,88.71,84.11,7.59,Peaty,6.9,34.11
Chhattisgarh,District C,2024,Sugarcane,1621.3,3973.94,280.94,92.36,134.63,8.42,Silty,4.39,92.56
Chhattisgarh,District C,2024,Cotton,1254.6,4479.5,465.04,268.45,110.33,6.81,Sandy,5.24,4.91
Goa,District A,2015,Wheat,786.6,5057.31,281.58,125.42,89.12,8.06,Clay,3.45,11.75
Goa,District A,2015,Rice,878.0,5643.4,332.64,183.37,127.35,6.6,Clay,5.68,47.47
Goa,District A,2015,Maize,887.6,5183.67,459.84,245.48,55.16,5.76,Sandy,3.23,3.63
Goa,District A,2015,Sugarcane,652.8,4778.22,179.87,142.82,110.31,7.68,Peaty,6.87,77.95
Goa,District A,2015,Cotton,1650.8,5877.1,214.34,67.78,82.22,7.73,Clay,8.36,54.93
Goa,District A,2016,Wheat,1894.7,5765.39,127.72,164.1,129.74,6.27,Loamy,5.05,75.64
Goa,District A,2016,Rice,1691.2,3725.69,457.9,116.92,93.91,8.2,Loamy,2.71,89.22
Goa,District A,2016,Maize,1146.4,2391.01,275.21,152.19,97.21,7.26,Clay,3.26,32.06
Goa,District A,2016,Sugarcane,702.5,2832.8,328.91,160.46,82.41,7.74,Peaty,7.81,33.2
Goa,District A,2016,Cotton,1616.7,2183.91,152.13,136.41,165.39,6.24,Silty,2.19,85.87
Goa,District A,2017,Wheat,1450.7,2639.41,322.12,181.89,137.98,6.2,Clay,1.16,51.7
Goa,District A,2017,Rice,1294.4,3303.97,218.96,220.43,57.4,7.9,Loamy,2.96,67.7
Goa,District A,2017,Maize,1704.8,4028.45,396.35,215.47,84.0,7.93,Loamy,3.74,2.49
Goa,District A,2017,Sugarcane,505.9,2522.43,262.56,262.82,163.73,6.3,Clay,6.95,90.33
Goa,District A,2017,Cotton,647.8,2544.35,383.56,255.94,174.27,6.75,Clay,7.35,24.36
Goa,District A,2018,Wheat,1202.9,4160.86,454.74,272.21,154.23,5.61,Loamy,8.08,1.73
Goa,District A,2018,Rice,1324.5,5359.94,289.64,51.03,21.98,6.75,Silty,6.98,70.88
Goa,District A,2018,Maize,766.8,5498.4,276.76,85.71,157.57,7.87,Clay,8.76,47.71
Goa,District A,2018,Sugarcane,1991.8,4556.27,129.63,298.21,93.42,6.36,Sandy,6.29,17.42
Goa,District A,2018,Cotton,1944.3,2290.11,171.02,278.79,103.74,5.69,Sandy,2.44,16.41
Goa,District A,2019,Wheat,927.8,5067.78,462.3,293.77,61.81,8.14,Loamy,3.59,51.13
Goa,District A,2019,Rice,1710.0,1724.39,341.36,251.69,48.25,5.55,Loamy,6.29,13.83
Goa,District A,2019,Maize,1139.2,3985.45,339.55,118.6,92.01,7.84,Loamy,8.25,85.06
Goa,District A,2019,Sugarcane,1325.8,5216.5,221.4,149.62,77.04,6.9,Sandy,3.29,99.82
Goa,District A,2019,Cotton,781.9,2166.27,139.47,194.95,133.02,6.6,Peaty,4.9,79.97
Goa,District A,2020,Wheat,1609.2,3418.43,233.48,129.12,159.32,5.66,Sandy,7.0,80.75
Goa,District A,2020,Rice,1263.0,1746.21,314.19,283.94,127.57,7.93,Silty,5.68,97.52
Goa,District A,2020,Maize,1948.7,2468.71,424.44,99.31,58.44,7.53,Peaty,3.61,85.29
Goa,District A,2020,Sugarcane,1081.4,2954.37,474.06,140.83,90.25,5.82,Clay,2.43,96.8
Goa,District A,2020,Cotton,1872.1,2251.28,148.46,71.35,183.7,6.08,Loamy,3.79,50.75
Goa,District A,2021,Wheat,1101.9,5347.85,272.77,146.52,144.17,7.31,Peaty,6.65,27.52
Goa,District A,2021,Rice,1864.4,4352.5,128.76,277.25,192.4,5.73,Sandy,2.81,71.51
Goa,District A,2021,Maize,972.4,2878.79,160.92,115.99,96.95,7.7,Loamy,8.7,43.47
Goa,District A,2021,Sugarcane,789.3,2359.98,407.51,116.4,158.1,6.12,Silty,5.19,94.32
Goa,District A,2021,Cotton,1897.6,2430.92,243.29,87.35,111.8,6.88,Clay,5.29,83.49
Goa,District A,2022,Wheat,1633.8,3675.31,144.65,78.85,164.28,7.09,Sandy,3.07,19.96
Goa,District A,2022,Rice,556.7,4395.16,205.0,63.09,61.58,7.91,Clay,4.39,90.33
Goa,District A,2022,Maize,604.5,1761.98,470.8,212.11,88.33,7.77,Silty,9.2,61.53
Goa,District A,2022,Sugarcane,1117.9,5704.85,119.39,102.57,121.86,7.35,Peaty,6.91,38.22
Goa,District A,2022,Cotton,922.7,4748.92,444.75,213.52,112.09,5.98,Clay,5.01,4.93
Goa,District A,2023,Wheat,1354.0,3222.28,402.88,126.41,126.74,7.11,Silty,1.65,29.04
Goa,District A,2023,Rice,1823.4,2161.57,384.36,293.34,162.3,6.23,Clay,5.02,0.71
Goa,District A,2023,Maize,1729.1,3119.21,316.31,219.33,146.47,8.37,Clay,3.87,96.9
Goa,District A,2023,Sugarcane,1899.6,5418.02,268.73,222.83,182.51,8.05,Silty,1.68,57.71
Goa,District A,2023,Cotton,1463.9,5324.29,217.01,91.87,88.22,6.56,Sandy,7.05,50.87
Goa,District A,2024,Wheat,1581.7,3087.11,230.28,168.14,177.93,5.62,Peaty,9.52,24.07
Goa,District A,2024,Rice,859.9,1875.21,471.4,194.93,140.07,8.23,Sandy,8.39,23.63
Goa,District A,2024,Maize,1492.0,3263.99,247.48,222.51,89.69,6.54,Peaty,1.91,67.59
Goa,District A,2024,Sugarcane,873.1,1569.74,166.71,201.67,147.64,5.56,Sandy,9.12,7.33
Goa,District A,2024,Cotton,1841.3,2526.75,396.01,127.43,174.58,7.6,Peaty,1.69,73.27
Goa,District B,2015,Wheat,1425.3,1513.1,103.77,252.2,66.69,7.41,Peaty,5.01,83.61
Goa,District B,2015,Rice,897.5,3518.85,315.08,215.91,161.11,6.68,Sandy,2.36,93.26
Goa,District B,2015,Maize,1074.6,4782.85,108.14,101.3,107.67,8.13,Peaty,3.72,46.77
Goa,District B,2015,Sugarcane,909.2,3585.98,455.14,163.78,120.06,6.71,Sandy,9.49,52.02
Goa,District B,2015,Cotton,1515.6,5003.32,152.41,200.24,26.17,6.99,Clay,9.32,52.17
Goa,District B,2016,Wheat,520.1,1587.51,489.18,105.36,165.01,5.67,Sandy,6.01,73.83
Goa,District B,2016,Rice,1003.4,4942.98,273.11,171.05,136.66,5.56,Clay,6.57,30.98
Goa,District B,2016,Maize,628.7,1909.21,469.29,222.32,42.88,6.57,Peaty,8.52,4.37
Goa,District B,2016,Sugarcane,854.9,5503.87,103.67,100.35,192.62,7.34,Silty,3.81,48.6
Goa,District B,2016,Cotton,1496.2,3876.21,487.78,231.0,58.17,5.82,Clay,2.72,51.71
Goa,District B,2017,Wheat,1862.1,5119.68,126.33,223.14,122.94,8.22,Peaty,5.43,78.43
Goa,District B,2017,Rice,1375.9,1870.95,406.26,67.45,106.17,6.02,Loamy,3.54,46.09
Goa,District B,2017,Maize,1507.0,2229.83,294.58,234.63,176.03,7.38,Sandy,2.14,94.58
Goa,District B,2017,Sugarcane,698.9,4986.03,205.93,283.4,149.59,7.76,Peaty,1.69,30.62
Goa,District B,2017,Cotton,1483.4,2576.66,212.21,255.12,125.18,7.03,Silty,3.59,73.71
Goa,District B,2018,Wheat,605.2,5390.44,299.83,159.63,129.98,7.37,Clay,5.12,26.24
Goa,District B,2018,Rice,862.6,3673.56,454.73,144.59,154.95,5.79,Loamy,9.66,65.26
Goa,District B,2018,Maize,1184.1,3289.98,229.88,295.36,44.25,6.44,Silty,3.05,92.22
Goa,District B,2018,Sugarcane,1388.9,3209.66,300.77,201.27,120.78,6.96,Sandy,2.59,81.27
Goa,District B,2018,Cotton,1312.6,2089.86,406.46,283.11,190.52,6.61,Loamy,8.87,8.27
Goa,District B,2019,Wheat,1872.6,2820.07,296.28,159.65,156.86,6.76,Loamy,2.54,26.72
Goa,District B,2019,Rice,1263.7,2163.54,344.66,191.44,148.65,8.31,Clay,5.94,97.34
Goa,District B,2019,Maize,1158.0,3933.41,487.19,113.8,174.52,7.14,Sandy,9.53,42.34
Goa,District B,2019,Sugarcane,514.0,3490.77,118.43,185.97,80.94,6.92,Clay,7.26,16.46
Goa,District B,2019,Cotton,1630.5,5856.51,411.82,55.61,127.98,7.59,Peaty,1.42,66.85
Goa,District B,2020,Wheat,1794.2,2233.06,424.97,263.35,184.58,6.3,Clay,3.89,55.23
Goa,District B,2020,Rice,575.8,1697.46,388.15,161.12,66.13,6.07,Peaty,3.94,74.49
Goa,District B,2020,Maize,619.5,1718.53,279.18,161.41,181.22,5.88,Loamy,2.33,2.97
Goa,District B,2020,Sugarcane,607.6,4469.41,272.63,240.9,198.67,7.48,Sandy,1.48,14.05
Goa,District B,2020,Cotton,1433.8,2435.21,301.63,186.22,71.03,8.35,Sandy,4.07,96.19
Goa,District B,2021,Wheat,1321.1,1789.14,357.11,196.92,181.24,7.46,Clay,4.28,63.94
Goa,District B,2021,Rice,693.6,3436.42,209.88,271.94,27.31,8.24,Clay,7.43,48.0
Goa,District B,2021,Maize,1103.6,2181.56,276.74,242.67,67.52,5.52,Peaty,9.75,60.68
Goa,District B,2021,Sugarcane,679.9,2943.3,447.06,108.14,129.39,6.71,Clay,2.74,21.46
Goa,District B,2021,Cotton,1607.2,2351.12,329.4,103.81,175.09,8.33,Peaty,1.73,99.28
Goa,District B,2022,Wheat,1675.4,5648.94,178.02,290.14,45.68,7.03,Sandy,5.61,26.78
Goa,District B,2022,Rice,1182.4,3618.53,382.66,285.16,79.28,5.63,Silty,2.46,98.49
Goa,District B,2022,Maize,614.0,4554.55,170.43,229.18,147.08,6.2,Silty,5.08,54.06
Goa,District B,2022,Sugarcane,1774.4,3660.61,249.28,173.31,124.24,6.07,Clay,7.07,63.33
Goa,District B,2022,Cotton,649.2,4218.78,148.38,69.67,114.92,6.71,Clay,7.15,68.39
Goa,District B,2023,Wheat,1252.8,5000.75,436.54,194.94,131.41,6.35,Clay,3.58,42.38
Goa,District B,2023,Rice,1474.8,1611.14,424.1,184.14,70.08,5.68,Clay,2.16,1.84
Goa,District B,2023,Maize,1534.5,2856.26,350.39,87.64,104.43,7.01,Clay,2.95,66.96
Goa,District B,2023,Sugarcane,1956.0,2290.72,338.85,156.05,100.4,6.26,Peaty,3.74,68.79
Goa,District B,2023,Cotton,1795.9,2844.88,177.19,79.05,130.93,6.83,Silty,4.51,41.58
Goa,District B,2024,Wheat,1203.8,3154.69,140.25,127.41,139.47,7.5,Loamy,2.95,18.34
Goa,District B,2024,Rice,1147.5,5179.04,437.18,180.11,174.95,5.52,Silty,2.15,63.93
Goa,District B,2024,Maize,612.7,2103.91,357.9,134.92,147.43,7.17,Silty,6.86,11.63
Goa,District B,2024,Sugarcane,1304.6,3467.17,207.15,201.0,176.84,8.5,Silty,9.85,96.07
Goa,District B,2024,Cotton,980.7,5983.34,438.22,202.74,27.22,8.2,Sandy,4.45,83.66
Goa,District C,2015,Wheat,1476.2,4263.76,233.66,254.48,26.91,8.11,Sandy,6.24,69.88
Goa,District C,2015,Rice,1780.8,2130.74,317.67,52.0,37.12,5.66,Sandy,4.96,49.63
Goa,District C,2015,Maize,1105.5,4553.97,268.36,290.35,127.87,7.92,Peaty,4.03,56.95
Goa,District C,2015,Sugarcane,1791.7,1852.52,129.03,262.58,58.31,7.51,Silty,5.56,97.15
Goa,District C,2015,Cotton,914.4,5065.76,190.1,220.37,65.65,8.15,Sandy,9.37,83.69
Goa,District C,2016,Wheat,1993.2,1601.56,145.14,202.37,167.7,6.36,Silty,7.74,78.39
Goa,District C,2016,Rice,986.9,4745.22,363.12,289.78,187.6,7.87,Loamy,6.27,54.76
Goa,District C,2016,Maize,1460.7,2667.52,133.86,79.82,60.42,7.0,Peaty,8.1,35.1
Goa,District C,2016,Sugarcane,1107.0,3271.57,176.75,65.3,126.36,8.47,Loamy,9.65,45.9
Goa,District C,2016,Cotton,857.6,5738.17,341.5,76.32,123.08,7.0,Sandy,6.68,44.96
Goa,District C,2017,Wheat,782.9,3785.54,311.43,252.65,152.39,7.49,Sandy,3.63,39.26
Goa,District C,2017,Rice,1013.0,5245.08,209.92,233.29,36.93,8.35,Sandy,7.72,0.84
Goa,District C,2017,Maize,752.9,4113.59,385.76,279.16,146.99,7.52,Peaty,7.48,67.6
Goa,District C,2017,Sugarcane,1558.5,3701.53,253.17,105.52,168.43,7.33,Silty,2.73,84.0
Goa,District C,2017,Cotton,1587.4,5526.43,147.02,297.56,57.69,5.54,Sandy,7.61,30.46
Goa,District C,2018,Wheat,764.1,5039.37,225.02,278.61,171.31,8.04,Sandy,2.9,31.32
Goa,District C,2018,Rice,768.3,5558.62,258.87,111.32,100.71,6.46,Sandy,9.34,96.16
Goa,District C,2018,Maize,784.2,4543.75,136.91,232.38,82.51,7.54,Silty,2.31,40.61
Goa,District C,2018,Sugarcane,669.0,4095.97,116.38,181.83,179.55,8.01,Clay,1.39,32.66
Goa,District C,2018,Cotton,1435.0,1753.5,109.55,162.51,79.88,6.81,Peaty,2.48,68.91
Goa,District C,2019,Wheat,1271.9,2400.69,227.84,197.95,33.0,5.94,Clay,8.31,75.24
Goa,District C,2019,Rice,1630.0,4723.46,367.75,169.25,135.61,5.62,Peaty,3.69,31.66
Goa,District C,2019,Maize,1506.8,1641.51,390.6,258.95,94.73,7.79,Peaty,3.9,97.43
Goa,District C,2019,Sugarcane,1979.5,3806.72,473.71,180.68,72.49,6.3,Clay,2.55,57.96
Goa,District C,2019,Cotton,1333.3,4828.3,299.7,118.07,50.49,7.36,Sandy,6.13,73.84
Goa,District C,2020,Wheat,712.3,5471.12,332.96,81.71,103.15,8.03,Silty,3.38,71.13
Goa,District C,2020,Rice,650.0,1650.96,324.16,223.71,163.24,6.52,Silty,5.32,1.59
Goa,District C,2020,Maize,638.0,2970.1,274.87,119.87,124.74,5.67,Clay,7.26,14.21
Goa,District C,2020,Sugarcane,1459.7,1746.08,262.95,94.35,39.73,7.2,Loamy,2.26,9.61
Goa,District C,2020,Cotton,1136.9,5701.56,316.95,181.86,45.4,5.5,Loamy,4.07,87.46
Goa,District C,2021,Wheat,1345.8,3824.0,390.79,194.96,49.25,7.52,Loamy,8.25,98.97
Goa,District C,2021,Rice,1066.1,3501.4,118.57,53.43,185.86,5.89,Silty,7.19,12.82
Goa,District C,2021,Maize,1138.0,2612.43,399.35,115.51,178.71,8.18,Silty,1.13,8.09
Goa,District C,2021,Sugarcane,1365.8,5713.08,446.68,295.64,115.01,7.86,Clay,1.93,71.9
Goa,District C,2021,Cotton,1255.8,4689.45,199.58,131.11,80.16,5.58,Clay,6.68,74.96
Goa,District C,2022,Wheat,1156.0,5696.88,352.99,122.07,134.92,6.36,Clay,8.67,50.03
Goa,District C,2022,Rice,1518.4,3263.85,205.44,288.66,128.64,8.3,Sandy,1.01,93.69
Goa,District C,2022,Maize,746.8,2551.11,205.39,59.46,42.15,8.46,Peaty,3.87,38.12
Goa,District C,2022,Sugarcane,1986.1,2614.28,302.58,261.1,63.06,6.75,Clay,1.93,43.15
Goa,District C,2022,Cotton,844.9,3821.76,201.4,285.13,183.07,7.2,Loamy,4.43,41.19
Goa,District C,2023,Wheat,1591.4,3532.38,442.69,286.02,80.47,7.18,Sandy,4.65,12.55
Goa,District C,2023,Rice,1720.4,1660.95,311.29,215.47,57.34,8.22,Sandy,5.24,41.11
Goa,District C,2023,Maize,854.9,4784.97,152.7,220.06,171.64,6.19,Loamy,2.07,1.36
Goa,District C,2023,Sugarcane,954.8,4640.96,416.1,123.94,109.22,6.76,Peaty,6.95,88.19
Goa,District C,2023,Cotton,1114.1,2804.46,105.81,193.71,92.41,6.62,Silty,2.74,34.58
Goa,District C,2024,Wheat,1036.8,1538.03,435.68,58.0,189.23,8.18,Loamy,8.84,1.54
Goa,District C,2024,Rice,1153.6,2509.23,255.45,154.0,154.4,5.78,Silty,6.08,49.42
Goa,District C,2024,Maize,1597.8,3227.06,477.99,170.45,122.82,7.98,Clay,8.21,44.15
Goa,District C,2024,Sugarcane,1235.9,5319.45,382.42,172.61,66.39,8.15,Loamy,3.92,78.17
Goa,District C,2024,Cotton,1638.5,3653.9,117.86,127.39,72.61,7.93,Silty,5.43,88.07
Gujarat,District A,2015,Wheat,1119.4,3918.72,119.72,50.59,64.06,7.54,Peaty,2.02,41.1
Gujarat,District A,2015,Rice,1471.8,4704.32,171.38,69.9,189.27,6.28,Sandy,1.95,62.85
Gujarat,District A,2015,Maize,642.6,1927.29,391.27,131.03,195.94,5.61,Sandy,2.1,50.98
Gujarat,District A,2015,Sugarcane,1377.9,3117.03,290.14,140.88,135.38,8.2,Sandy,2.31,90.44
Gujarat,District A,2015,Cotton,1953.2,5963.52,415.9,215.88,82.23,6.01,Loamy,6.43,5.71
Gujarat,District A,2016,Wheat,1840.7,3884.14,367.74,257.89,47.06,5.62,Silty,3.83,12.9
Gujarat,District A,2016,Rice,1202.7,4192.38,112.39,118.72,25.9,6.76,Loamy,3.11,8.44
Gujarat,District A,2016,Maize,888.8,1585.17,114.36,278.71,83.36,6.73,Sandy,7.59,70.92
Gujarat,District A,2016,Sugarcane,800.5,2449.53,375.32,104.93,98.96,7.85,Peaty,5.08,79.22
Gujarat,District A,2016,Cotton,1757.9,4446.49,191.37,118.5,76.67,5.85,Loamy,6.65,25.96
Gujarat,District A,2017,Wheat,938.6,4673.88,394.17,125.87,82.16,8.47,Sandy,4.64,6.24
Gujarat,District A,2017,Rice,1731.6,1915.56,369.6,64.12,141.11,8.03,Silty,2.99,67.71
Gujarat,District A,2017,Maize,1658.4,3629.46,347.09,164.08,180.94,6.99,Clay,4.03,58.92
Gujarat,District A,2017,Sugarcane,1181.6,4853.15,185.43,52.67,159.78,7.96,Clay,4.18,64.22
Gujarat,District A,2017,Cotton,868.4,1991.76,417.75,74.74,68.85,8.07,Loamy,5.8,5.28
Gujarat,District A,2018,Wheat,1185.4,5739.71,455.14,75.57,153.94,7.92,Clay,5.24,71.1
Gujarat,District A,2018,Rice,1158.6,2007.59,382.35,277.91,137.45,7.82,Clay,4.03,23.45
Gujarat,District A,2018,Maize,1221.0,3983.23,352.71,114.28,190.76,6.01,Peaty,2.38,0.98
Gujarat,District A,2018,Sugarcane,857.1,5191.25,183.73,110.22,43.38,7.65,Loamy,7.17,83.33
Gujarat,District A,2018,Cotton,874.9,4242.88,334.08,142.43,107.49,6.44,Sandy,8.0,73.88
Gujarat,District A,2019,Wheat,1839.4,3515.75,312.19,153.94,173.07,6.19,Peaty,4.99,58.59
Gujarat,District A,2019,Rice,1964.1,3895.37,462.13,70.76,54.39,6.82,Sandy,3.23,80.73
Gujarat,District A,2019,Maize,1644.5,3237.7,481.76,277.66,193.21,6.78,Silty,7.68,77.04
Gujarat,District A,2019,Sugarcane,1249.4,2873.47,489.5,215.84,93.48,6.34,Sandy,3.18,17.17
Gujarat,District A,2019,Cotton,1294.8,2804.94,351.56,79.48,137.89,6.35,Peaty,3.36,83.89
Gujarat,District A,2020,Wheat,548.5,3840.82,326.85,190.29,105.55,7.87,Peaty,3.8,61.57
Gujarat,District A,2020,Rice,1536.4,3318.67,450.15,153.87,92.5,5.61,Sandy,7.38,11.44
Gujarat,District A,2020,Maize,958.1,5015.66,246.37,110.4,141.0,6.09,Clay,9.49,79.51
Gujarat,District A,2020,Sugarcane,771.9,4704.04,253.98,150.57,160.99,8.39,Loamy,5.42,72.2
Gujarat,District A,2020,Cotton,1906.6,1910.63,107.8,251.43,39.47,8.46,Sandy,8.34,80.26
Gujarat,District A,2021,Wheat,1229.6,2843.03,355.24,122.04,62.48,7.69,Peaty,1.51,86.83
Gujarat,District A,2021,Rice,942.1,1508.15,189.53,135.11,198.38,7.07,Sandy,9.43,52.02
Gujarat,District A,2021,Maize,1047.2,5430.26,258.0,133.75,57.31,6.63,Peaty,3.61,57.72
Gujarat,District A,2021,Sugarcane,598.8,2360.8,262.96,284.24,87.91,7.49,Sandy,2.14,5.85
Gujarat,District A,2021,Cotton,958.1,2209.47,169.6,240.19,22.85,7.17,Sandy,4.3,10.61
Gujarat,District A,2022,Wheat,1533.0,5903.94,390.64,282.18,164.77,5.99,Peaty,9.08,34.99
Gujarat,District A,2022,Rice,1327.0,3117.94,150.32,197.33,114.53,6.11,Peaty,5.74,32.43
Gujarat,District A,2022,Maize,666.6,3492.44,201.3,277.31,38.32,5.65,Clay,7.39,67.73
Gujarat,District A,2022,Sugarcane,536.6,3352.86,233.18,217.35,58.9,7.27,Clay,8.18,92.15
Gujarat,District A,2022,Cotton,1967.8,1548.02,349.1,153.21,174.77,6.26,Sandy,3.95,21.02
Gujarat,District A,2023,Wheat,1246.5,3642.09,460.6,58.68,77.58,7.29,Silty,4.29,61.15
Gujarat,District A,2023,Rice,1544.0,3041.14,143.18,67.41,126.01,7.06,Loamy,5.59,42.24
Gujarat,District A,2023,Maize,1097.1,1619.01,234.22,294.01,177.24,6.49,Loamy,8.17,12.76
Gujarat,District A,2023,Sugarcane,1855.0,4525.25,459.01,161.79,98.65,7.85,Peaty,5.69,83.64
Gujarat,District A,2023,Cotton,1745.3,5802.6,379.31,101.94,23.65,6.94,Peaty,1.36,20.11
Gujarat,District A,2024,Wheat,767.9,3019.87,267.38,177.13,105.82,6.31,Peaty,8.74,94.58
Gujarat,District A,2024,Rice,1894.8,3216.37,131.46,92.97,30.66,5.82,Sandy,7.27,20.61
Gujarat,District A,2024,Maize,1161.8,1792.5,430.12,81.49,182.56,8.09,Peaty,8.23,43.18
Gujarat,District A,2024,Sugarcane,1678.7,3581.06,476.39,171.59,103.27,7.86,Clay,2.47,12.49
Gujarat,District A,2024,Cotton,540.0,1555.92,451.92,61.27,151.62,8.12,Loamy,6.82,83.0
Gujarat,District B,2015,Wheat,573.9,5335.97,319.36,99.33,77.11,6.35,Peaty,5.23,52.78
Gujarat,District B,2015,Rice,1999.6,5294.86,244.71,52.59,132.71,7.61,Silty,5.03,78.99
Gujarat,District B,2015,Maize,1427.5,2008.95,162.53,159.26,91.44,7.73,Clay,5.22,29.38
Gujarat,District B,2015,Sugarcane,916.0,3751.04,164.24,135.17,78.32,7.26,Silty,8.47,56.24
Gujarat,District B,2015,Cotton,1506.2,4663.92,216.59,167.59,192.12,7.8,Clay,7.72,17.56
Gujarat,District B,2016,Wheat,596.8,4099.48,243.13,118.86,165.3,6.6,Loamy,8.65,84.63
Gujarat,District B,2016,Rice,1034.5,5246.24,440.31,155.98,31.97,5.5,Clay,5.04,98.06
Gujarat,District B,2016,Maize,1025.4,3534.82,153.41,61.99,159.57,7.21,Sandy,2.35,57.18
Gujarat,District B,2016,Sugarcane,880.5,2526.28,104.61,82.59,75.67,5.85,Peaty,1.01,87.15
Gujarat,District B,2016,Cotton,545.6,4707.39,118.5,116.56,109.5,6.76,Peaty,5.05,2.21
Gujarat,District B,2017,Wheat,1461.1,3362.67,208.02,101.71,137.72,6.75,Peaty,6.29,26.13
Gujarat,District B,2017,Rice,1977.4,2893.78,196.78,119.62,181.37,7.41,Clay,4.97,94.5
Gujarat,District B,2017,Maize,712.4,4392.75,252.79,289.2,79.4,8.39,Sandy,5.79,63.87
Gujarat,District B,2017,Sugarcane,1930.0,1954.9,223.54,202.84,193.53,5.79,Silty,3.54,44.36
Gujarat,District B,2017,Cotton,756.7,5429.64,381.96,71.3,137.02,7.46,Peaty,1.03,24.79
Gujarat,District B,2018,Wheat,1891.7,5694.6,388.23,241.44,36.47,7.04,Loamy,2.63,81.03
Gujarat,District B,2018,Rice,702.6,3608.93,475.43,96.46,196.04,8.48,Peaty,2.25,2.23
Gujarat,District B,2018,Maize,1803.7,3993.58,343.49,281.75,139.72,7.57,Peaty,2.05,36.02
Gujarat,District B,2018,Sugarcane,1952.3,5653.19,453.63,163.02,174.29,5.65,Silty,3.27,95.59
Gujarat,District B,2018,Cotton,1884.9,3557.92,438.48,163.08,96.39,5.97,Loamy,5.39,69.76
Gujarat,District B,2019,Wheat,1294.8,3262.54,348.77,292.16,37.08,6.67,Clay,8.09,54.13
Gujarat,District B,2019,Rice,985.8,2113.13,455.03,167.69,178.06,7.26,Peaty,2.15,85.93
Gujarat,District B,2019,Maize,1392.2,3008.98,426.34,250.64,172.23,5.85,Peaty,1.82,64.82
Gujarat,District B,2019,Sugarcane,1119.8,3325.29,371.82,66.77,126.87,7.82,Peaty,6.98,41.94
Gujarat,District B,2019,Cotton,1948.1,4577.29,416.82,123.19,34.25,6.96,Peaty,5.03,27.44
Gujarat,District B,2020,Wheat,1089.8,3244.94,214.75,117.14,174.99,5.71,Clay,3.96,65.93
Gujarat,District B,2020,Rice,940.9,2471.12,163.45,128.17,39.06,5.56,Sandy,5.23,87.36
Gujarat,District B,2020,Maize,1644.2,3808.85,368.3,261.84,21.72,6.71,Peaty,7.66,54.28
Gujarat,District B,2020,Sugarcane,1294.5,3064.97,308.21,213.85,95.31,7.64,Loamy,8.91,48.77
Gujarat,District B,2020,Cotton,1446.0,1857.84,295.22,88.7,86.54,6.49,Peaty,9.94,10.61
Gujarat,District B,2021,Wheat,849.6,5776.71,483.33,74.43,22.7,5.98,Sandy,8.6,58.24
Gujarat,District B,2021,Rice,1979.1,4363.93,433.64,249.94,82.18,6.28,Clay,5.21,24.01
Gujarat,District B,2021,Maize,1841.9,3941.47,491.38,252.5,120.03,8.34,Clay,6.46,60.43
Gujarat,District B,2021,Sugarcane,1740.7,3412.51,210.18,116.26,116.51,6.85,Peaty,9.34,58.86
Gujarat,District B,2021,Cotton,1111.6,4430.3,407.19,290.18,109.92,5.84,Sandy,5.04,53.72
Gujarat,District B,2022,Wheat,805.3,2200.88,452.17,158.43,94.18,5.61,Silty,9.38,96.1
Gujarat,District B,2022,Rice,519.6,2272.65,361.51,56.37,31.45,6.16,Silty,5.91,3.43
Gujarat,District B,2022,Maize,755.6,3748.68,337.58,87.1,91.79,8.21,Peaty,8.27,17.62
Gujarat,District B,2022,Sugarcane,1409.3,3016.15,334.19,128.91,35.65,6.17,Loamy,5.71,2.45
Gujarat,District B,2022,Cotton,1686.1,1553.54,217.26,51.48,87.72,5.69,Silty,4.74,45.95
Gujarat,District B,2023,Wheat,1024.8,4323.78,413.76,212.04,154.68,8.22,Clay,7.51,80.6
Gujarat,District B,2023,Rice,934.2,4488.57,270.64,272.28,172.14,7.08,Peaty,3.33,90.07
Gujarat,District B,2023,Maize,1735.5,4572.27,380.3,231.67,189.67,8.0,Clay,4.63,21.47
Gujarat,District B,2023,Sugarcane,1034.0,2778.47,170.44,235.83,65.37,6.86,Sandy,9.84,39.11
Gujarat,District B,2023,Cotton,620.0,1904.22,336.3,199.84,95.38,6.8,Loamy,7.61,3.08
Gujarat,District B,2024,Wheat,1426.2,4922.98,292.29,282.89,147.42,7.74,Sandy,2.56,95.78
Gujarat,District B,2024,Rice,1781.9,2537.23,231.03,102.47,108.54,5.56,Peaty,8.25,25.32
Gujarat,District B,2024,Maize,873.4,4156.71,128.05,56.57,66.99,7.11,Peaty,8.62,49.04
Gujarat,District B,2024,Sugarcane,555.6,3908.64,381.92,134.79,39.99,6.34,Silty,4.16,81.2
Gujarat,District B,2024,Cotton,979.3,2236.0,274.34,163.07,22.9,5.85,Peaty,2.02,34.15
Gujarat,District C,2015,Wheat,1946.9,3791.5,351.02,139.1,78.23,5.57,Silty,5.56,12.65
Gujarat,District C,2015,Rice,1214.9,4936.27,203.31,170.2,198.56,7.56,Silty,4.73,76.79
Gujarat,District C,2015,Maize,560.8,2053.1,181.23,150.49,172.23,6.54,Sandy,3.65,8.64
Gujarat,District C,2015,Sugarcane,1639.1,2913.2,283.84,109.2,132.92,6.4,Loamy,4.75,38.54
Gujarat,District C,2015,Cotton,1301.4,5288.69,333.37,65.39,137.97,5.52,Loamy,9.49,4.19
Gujarat,District C,2016,Wheat,1254.6,4129.01,468.08,62.29,123.23,8.06,Peaty,8.89,1.9
Gujarat,District C,2016,Rice,1598.7,5699.01,362.88,159.76,28.08,8.26,Peaty,1.26,68.98
Gujarat,District C,2016,Maize,1222.8,2059.55,185.71,66.12,123.37,7.37,Clay,8.35,86.1
Gujarat,District C,2016,Sugarcane,1423.4,1557.4,378.09,154.5,121.8,7.45,Loamy,9.25,13.4
Gujarat,District C,2016,Cotton,1507.3,1519.62,469.86,78.13,37.08,6.5,Peaty,8.36,93.32
Gujarat,District C,2017,Wheat,1907.5,5613.7,318.57,139.05,21.31,5.68,Sandy,3.8,9.97
Gujarat,District C,2017,Rice,908.7,5243.03,492.19,173.46,21.75,5.92,Sandy,1.47,94.22
Gujarat,District C,2017,Maize,1290.8,2962.76,163.25,134.63,23.69,6.59,Clay,8.85,68.74
Gujarat,District C,2017,Sugarcane,667.4,2164.86,271.25,98.93,25.01,7.92,Sandy,5.63,82.92
Gujarat,District C,2017,Cotton,1165.7,4068.84,310.83,59.55,130.74,7.98,Clay,6.35,59.36
Gujarat,District C,2018,Wheat,746.3,2055.59,492.02,148.43,60.94,6.01,Loamy,6.79,8.8
Gujarat,District C,2018,Rice,1840.3,3251.7,225.35,165.59,90.21,8.09,Peaty,8.78,78.15
Gujarat,District C,2018,Maize,1896.2,2605.88,330.78,118.64,168.34,5.52,Peaty,8.88,2.66
Gujarat,District C,2018,Sugarcane,1343.0,2464.15,236.35,246.24,54.57,7.42,Clay,1.1,55.68
Gujarat,District C,2018,Cotton,1492.3,4163.61,394.51,192.83,32.02,5.85,Peaty,6.47,39.4
Gujarat,District C,2019,Wheat,898.0,2257.04,377.54,211.35,143.73,6.62,Peaty,7.79,64.87
Gujarat,District C,2019,Rice,1456.2,3990.42,104.56,224.13,87.69,8.33,Loamy,5.61,45.87
Gujarat,District C,2019,Maize,1463.5,4559.15,323.49,206.24,37.39,8.36,Peaty,9.8,10.79
Gujarat,District C,2019,Sugarcane,1897.9,5611.1,310.14,231.23,98.49,7.39,Sandy,5.79,40.23
Gujarat,District C,2019,Cotton,742.4,2032.59,404.27,281.88,102.49,7.48,Sandy,3.28,7.42
Gujarat,District C,2020,Wheat,655.7,5158.18,115.55,214.74,69.06,8.11,Silty,3.75,51.76
Gujarat,District C,2020,Rice,1072.9,4039.35,145.81,299.25,96.6,6.54,Loamy,3.2,56.04
Gujarat,District C,2020,Maize,532.6,3842.57,256.71,194.28,146.44,7.4,Sandy,2.31,31.63
Gujarat,District C,2020,Sugarcane,1964.1,2655.74,282.45,57.51,91.5,7.21,Silty,9.93,92.76
Gujarat,District C,2020,Cotton,961.6,2002.17,435.91,299.29,72.67,6.57,Clay,9.3,85.27
Gujarat,District C,2021,Wheat,1662.3,3267.31,301.75,166.08,65.61,7.02,Clay,2.19,88.66
Gujarat,District C,2021,Rice,1627.5,3402.91,306.86,142.5,153.34,7.85,Sandy,2.84,33.8
Gujarat,District C,2021,Maize,1204.8,2988.57,401.98,132.34,44.88,6.7,Peaty,8.22,4.14
Gujarat,District C,2021,Sugarcane,1068.3,1656.22,140.83,200.35,177.29,5.86,Silty,3.6,8.62
Gujarat,District C,2021,Cotton,1904.8,3201.88,330.56,248.0,78.38,7.65,Loamy,9.37,79.97
Gujarat,District C,2022,Wheat,1149.2,3718.85,206.24,226.09,164.5,6.22,Sandy,6.62,56.25
Gujarat,District C,2022,Rice,1103.2,4397.52,320.25,112.65,91.59,6.78,Peaty,9.65,89.3
Gujarat,District C,2022,Maize,1578.8,4132.47,375.7,284.78,65.0,7.11,Silty,5.69,26.86
Gujarat,District C,2022,Sugarcane,1664.9,3985.0,364.39,130.73,106.63,7.35,Silty,5.81,59.59
Gujarat,District C,2022,Cotton,547.0,2266.21,353.17,154.97,111.47,5.69,Loamy,5.9,54.35
Gujarat,District C,2023,Wheat,1245.7,2106.54,298.43,92.28,42.7,8.3,Peaty,3.86,24.01
Gujarat,District C,2023,Rice,1335.4,1987.02,473.32,133.38,59.41,6.99,Loamy,8.69,17.22
Gujarat,District C,2023,Maize,906.4,2785.32,208.36,263.85,25.74,5.73,Peaty,6.41,54.6
Gujarat,District C,2023,Sugarcane,1385.5,5705.93,103.43,61.95,54.47,6.0,Loamy,7.09,70.21
Gujarat,District C,2023,Cotton,1581.3,4778.12,100.02,288.48,166.56,8.21,Silty,5.99,84.32
Gujarat,District C,2024,Wheat,1221.5,2427.11,431.38,184.44,47.55,7.02,Loamy,9.51,44.29
Gujarat,District C,2024,Rice,1398.9,3643.52,473.14,69.02,110.2,7.56,Clay,4.38,24.16
Gujarat,District C,2024,Maize,1332.3,5082.84,101.51,207.84,127.37,6.45,Clay,9.2,84.66
Gujarat,District C,2024,Sugarcane,691.2,1918.64,335.71,183.03,67.95,8.2,Clay,5.51,52.08
Gujarat,District C,2024,Cotton,1172.6,2652.4,148.14,74.63,156.34,6.17,Clay,7.61,36.72
Haryana,District A,2015,Wheat,528.3,1952.39,298.49,222.49,80.25,7.59,Clay,5.62,13.92
Haryana,District A,2015,Rice,855.5,3515.89,175.55,117.15,116.19,8.0,Silty,6.7,24.85
Haryana,District A,2015,Maize,956.2,4968.67,230.89,110.55,50.43,7.82,Silty,5.08,50.69
Haryana,District A,2015,Sugarcane,1531.1,4349.78,424.29,61.19,73.36,6.34,Loamy,3.6,30.98
Haryana,District A,2015,Cotton,1282.8,4486.67,252.44,229.87,80.51,6.37,Sandy,1.21,7.98
Haryana,District A,2016,Wheat,1127.0,5743.11,388.6,72.03,172.34,7.7,Silty,8.38,40.41
Haryana,District A,2016,Rice,832.3,3804.11,319.54,184.58,121.71,8.35,Sandy,6.67,1.78
Haryana,District A,2016,Maize,1311.7,1898.19,110.55,247.8,66.56,6.52,Peaty,2.62,76.56
Haryana,District A,2016,Sugarcane,1240.3,5463.01,258.9,117.18,82.57,7.64,Sandy,4.31,55.53
Haryana,District A,2016,Cotton,649.9,5122.58,247.96,212.13,150.57,6.13,Loamy,9.9,46.24
Haryana,District A,2017,Wheat,611.5,5898.16,437.43,94.56,182.83,6.52,Sandy,4.97,71.65
Haryana,District A,2017,Rice,1079.7,2450.68,353.07,294.0,75.91,6.88,Silty,7.24,88.42
Haryana,District A,2017,Maize,1208.2,3223.09,200.46,201.05,178.37,6.47,Clay,2.01,34.77
Haryana,District A,2017,Sugarcane,1814.6,2407.45,131.3,247.03,170.39,5.99,Loamy,7.18,52.01
Haryana,District A,2017,Cotton,1745.4,3386.62,177.6,121.21,110.93,7.09,Peaty,8.12,58.14
Haryana,District A,2018,Wheat,1671.2,2362.98,120.03,268.41,33.6,6.24,Clay,6.89,92.26
Haryana,District A,2018,Rice,585.1,1632.64,171.3,296.61,148.71,7.34,Silty,8.91,81.28
Haryana,District A,2018,Maize,1497.2,3026.09,128.2,195.01,149.55,5.78,Sandy,7.88,53.96
Haryana,District A,2018,Sugarcane,693.6,3869.34,258.29,95.09,171.47,5.53,Loamy,1.11,9.6
Haryana,District A,2018,Cotton,945.6,1744.22,338.65,71.72,146.31,5.66,Sandy,1.99,46.78
Haryana,District A,2019,Wheat,606.3,4191.82,205.76,181.91,113.14,8.27,Loamy,6.25,40.17
Haryana,District A,2019,Rice,1923.6,4997.34,214.16,261.05,97.83,7.99,Loamy,9.32,35.42
Haryana,District A,2019,Maize,1492.5,5997.73,205.23,194.02,145.36,5.99,Loamy,7.43,6.95
Haryana,District A,2019,Sugarcane,1958.2,1564.25,340.53,190.66,44.25,5.95,Sandy,5.04,62.62
Haryana,District A,2019,Cotton,719.6,2350.18,443.77,114.06,88.44,8.11,Sandy,9.91,7.59
Haryana,District A,2020,Wheat,1492.7,3517.03,278.64,164.41,66.56,7.65,Peaty,9.18,51.22
Haryana,District A,2020,Rice,1040.2,3592.66,375.96,271.0,57.26,8.25,Peaty,9.81,88.03
Haryana,District A,2020,Maize,919.9,1976.8,144.9,122.81,130.55,7.91,Clay,1.96,8.23
Haryana,District A,2020,Sugarcane,504.1,3446.71,301.31,209.42,73.29,7.63,Peaty,2.61,64.71
Haryana,District A,2020,Cotton,1196.4,3728.93,271.08,289.0,58.65,7.05,Loamy,9.55,98.04
Haryana,District A,2021,Wheat,1318.2,5775.31,171.78,56.36,27.09,7.26,Silty,5.9,53.23
Haryana,District A,2021,Rice,613.8,4641.97,349.51,97.25,104.5,7.66,Sandy,2.96,25.42
Haryana,District A,2021,Maize,1236.0,5847.45,432.9,121.15,85.41,6.89,Silty,1.85,98.89
Haryana,District A,2021,Sugarcane,1923.6,1852.24,473.37,140.78,172.05,6.76,Clay,6.44,67.07
Haryana,District A,2021,Cotton,1403.8,1820.95,127.69,102.6,72.25,7.86,Loamy,1.4,39.4
Haryana,District A,2022,Wheat,1124.6,3529.08,430.76,74.5,146.71,6.51,Loamy,6.74,64.53
Haryana,District A,2022,Rice,1740.1,1981.14,301.9,224.27,125.63,8.0,Sandy,7.22,53.4
Haryana,District A,2022,Maize,1068.7,3031.24,348.33,272.75,109.31,7.97,Loamy,8.85,15.59
Haryana,District A,2022,Sugarcane,809.7,4593.18,240.97,228.25,48.39,6.26,Clay,2.99,27.43
Haryana,District A,2022,Cotton,1321.4,2150.32,153.58,285.95,164.76,6.04,Silty,4.2,79.1
Haryana,District A,2023,Wheat,1265.3,2075.32,395.6,149.22,67.33,6.63,Loamy,1.58,5.5
Haryana,District A,2023,Rice,781.0,5592.57,308.0,246.99,61.01,6.97,Sandy,7.97,81.38
Haryana,District A,2023,Maize,1240.3,2424.16,394.89,224.93,64.33,8.21,Clay,9.75,85.03
Haryana,District A,2023,Sugarcane,1559.6,2807.16,166.07,280.36,96.15,6.34,Clay,4.51,74.16
Haryana,District A,2023,Cotton,1079.7,2986.32,338.14,268.05,28.56,6.66,Clay,8.59,68.84
Haryana,District A,2024,Wheat,942.3,5610.36,210.22,250.2,185.29,7.31,Loamy,8.13,19.32
Haryana,District A,2024,Rice,1501.9,1920.61,303.14,90.56,94.94,8.0,Peaty,6.31,20.06
Haryana,District A,2024,Maize,931.0,2228.53,199.72,106.22,113.5,7.19,Loamy,9.12,91.75
Haryana,District A,2024,Sugarcane,1896.0,2717.01,260.14,267.6,84.65,7.3,Sandy,7.7,4.75
Haryana,District A,2024,Cotton,828.9,4678.05,413.06,163.83,145.65,6.66,Loamy,4.82,42.5
Haryana,District B,2015,Wheat,711.2,3809.57,334.87,169.12,78.63,7.66,Silty,3.82,81.99
Haryana,District B,2015,Rice,1330.9,3527.62,214.21,124.51,88.96,8.01,Sandy,1.98,65.98
Haryana,District B,2015,Maize,978.6,4952.31,182.77,275.06,114.14,5.84,Sandy,8.28,78.07
Haryana,District B,2015,Sugarcane,822.5,4720.36,420.02,136.53,51.07,5.51,Sandy,8.79,50.0
Haryana,District B,2015,Cotton,711.4,2480.57,359.07,155.44,46.42,6.94,Peaty,7.61,7.36
Haryana,District B,2016,Wheat,1443.7,5068.55,153.06,179.66,160.23,6.28,Peaty,9.7,82.1
Haryana,District B,2016,Rice,806.7,2337.74,150.26,84.59,154.67,6.91,Peaty,7.72,60.46
Haryana,District B,2016,Maize,1529.5,1582.6,224.71,209.46,21.68,5.6,Silty,5.66,83.18
Haryana,District B,2016,Sugarcane,1489.1,3071.22,368.13,210.61,187.58,8.02,Loamy,1.96,49.19
Haryana,District B,2016,Cotton,1652.7,2497.41,207.8,110.68,198.5,6.09,Sandy,9.45,0.19
Haryana,District B,2017,Wheat,1588.7,4456.79,392.92,138.85,167.69,5.63,Peaty,9.87,18.04
Haryana,District B,2017,Rice,1649.0,3024.61,170.25,155.34,162.89,6.89,Silty,4.59,61.54
Haryana,District B,2017,Maize,1047.9,3267.54,378.26,284.47,117.62,7.81,Silty,6.82,3.31
Haryana,District B,2017,Sugarcane,501.7,1854.68,405.2,196.14,26.86,6.96,Silty,6.16,92.58
Haryana,District B,2017,Cotton,1468.0,3366.31,472.14,246.22,56.0,5.89,Sandy,6.04,78.97
Haryana,District B,2018,Wheat,1608.2,4313.45,494.55,183.4,40.36,7.98,Clay,3.64,87.78
Haryana,District B,2018,Rice,1647.3,1599.7,300.69,118.67,136.76,7.66,Peaty,7.11,19.84
Haryana,District B,2018,Maize,1241.0,5062.38,290.28,184.16,158.8,7.48,Silty,2.46,99.55
Haryana,District B,2018,Sugarcane,678.3,1567.27,456.01,111.24,151.35,7.93,Clay,8.09,40.87
Haryana,District B,2018,Cotton,1735.0,4562.72,415.99,253.8,35.25,7.37,Sandy,5.53,64.6
Haryana,District B,2019,Wheat,1959.3,1750.81,329.58,265.76,106.65,5.74,Peaty,2.39,40.03
Haryana,District B,2019,Rice,1049.7,4018.09,366.2,294.58,151.11,7.43,Peaty,2.78,91.08
Haryana,District B,2019,Maize,761.9,2787.27,306.73,115.84,57.78,7.3,Peaty,5.47,41.84
Haryana,District B,2019,Sugarcane,1667.8,4804.82,329.83,255.57,121.28,8.39,Clay,7.06,89.13
Haryana,District B,2019,Cotton,1705.8,2328.18,218.37,229.26,35.17,7.94,Silty,7.73,79.41
Haryana,District B,2020,Wheat,1953.4,4079.75,188.1,265.55,153.69,6.74,Clay,4.7,92.99
Haryana,District B,2020,Rice,1015.3,5835.68,464.11,207.63,124.37,6.61,Sandy,2.15,75.42
Haryana,District B,2020,Maize,1207.3,2174.27,205.58,286.96,86.08,8.22,Peaty,8.83,60.49
Haryana,District B,2020,Sugarcane,1421.1,3893.6,136.74,161.25,199.91,8.01,Silty,8.41,10.3
Haryana,District B,2020,Cotton,841.2,1514.05,221.4,77.15,105.1,7.53,Peaty,7.09,19.89
Haryana,District B,2021,Wheat,619.6,5266.6,131.56,72.84,96.93,5.9,Loamy,5.6,44.01
Haryana,District B,2021,Rice,1268.6,4527.21,254.85,112.83,49.92,6.55,Loamy,7.51,80.16
Haryana,District B,2021,Maize,1687.6,5899.53,414.67,242.48,174.35,5.5,Silty,6.09,71.55
Haryana,District B,2021,Sugarcane,664.4,4873.32,154.35,66.66,195.69,8.37,Sandy,4.99,18.62
Haryana,District B,2021,Cotton,1228.0,5235.8,480.24,208.56,83.7,7.31,Silty,4.95,95.32
Haryana,District B,2022,Wheat,1412.3,2490.0,291.69,218.85,78.25,5.74,Clay,3.93,47.11
Haryana,District B,2022,Rice,1728.1,2060.76,443.06,274.38,190.41,6.69,Silty,2.62,91.44
Haryana,District B,2022,Maize,1626.7,5700.19,226.83,284.83,86.33,5.66,Sandy,8.97,72.9
Haryana,District B,2022,Sugarcane,1891.7,2996.95,301.28,53.52,21.25,6.22,Peaty,9.69,60.41
Haryana,District B,2022,Cotton,1623.9,5713.56,336.64,53.02,26.17,7.61,Peaty,9.04,65.39
Haryana,District B,2023,Wheat,1508.4,1524.03,493.95,269.46,181.12,7.48,Silty,2.87,31.12
Haryana,District B,2023,Rice,1655.0,5400.44,307.69,298.31,22.08,6.4,Clay,6.57,23.21
Haryana,District B,2023,Maize,501.4,4907.18,494.08,252.48,102.84,8.21,Peaty,5.61,13.69
Haryana,District B,2023,Sugarcane,1011.5,2344.78,428.48,278.69,116.65,7.68,Peaty,6.48,70.28
Haryana,District B,2023,Cotton,1179.2,2594.73,450.95,235.73,181.97,7.96,Peaty,8.27,63.56
Haryana,District B,2024,Wheat,955.6,5923.25,209.65,100.66,99.59,5.67,Sandy,9.18,2.12
Haryana,District B,2024,Rice,1022.0,4735.47,406.77,154.03,23.04,7.35,Silty,7.82,22.7
Haryana,District B,2024,Maize,831.9,2226.38,248.8,261.75,169.02,6.65,Loamy,3.39,30.26
Haryana,District B,2024,Sugarcane,903.2,3895.11,342.74,172.19,93.44,6.13,Silty,3.0,26.12
Haryana,District B,2024,Cotton,1267.9,2938.28,167.05,115.72,26.43,7.61,Clay,6.63,25.26
Haryana,District C,2015,Wheat,1503.4,4861.54,466.37,289.53,21.89,8.47,Clay,1.66,82.11
Haryana,District C,2015,Rice,1239.6,5310.52,340.3,220.46,198.83,6.2,Sandy,4.96,12.33
Haryana,District C,2015,Maize,1229.7,4313.48,430.95,219.66,31.74,6.42,Peaty,5.22,92.46
Haryana,District C,2015,Sugarcane,1096.4,4312.15,411.93,245.98,113.47,8.07,Silty,5.32,17.74
Haryana,District C,2015,Cotton,1216.2,3725.69,295.97,184.69,66.38,6.6,Clay,9.11,83.39
Haryana,District C,2016,Wheat,1330.3,4272.5,289.73,147.92,184.79,5.88,Silty,4.64,44.55
Haryana,District C,2016,Rice,1810.5,3578.25,108.48,106.87,105.61,6.77,Clay,1.58,76.27
Haryana,District C,2016,Maize,1141.2,4319.9,391.04,219.83,104.69,6.66,Silty,2.33,9.66
Haryana,District C,2016,Sugarcane,520.1,3402.85,175.04,55.41,113.6,7.54,Silty,3.04,92.93
Haryana,District C,2016,Cotton,1576.2,4931.94,180.58,108.55,113.83,6.02,Silty,8.66,42.74
Haryana,District C,2017,Wheat,1943.0,4753.05,357.83,232.09,106.06,7.02,Sandy,3.98,11.87
Haryana,District C,2017,Rice,1355.6,5578.59,413.62,205.63,76.71,7.13,Loamy,3.62,28.29
Haryana,District C,2017,Maize,857.4,5438.05,447.19,207.74,105.14,7.52,Loamy,2.74,26.18
Haryana,District C,2017,Sugarcane,1268.9,2987.7,444.2,168.44,163.92,7.24,Clay,4.12,41.91
Haryana,District C,2017,Cotton,525.4,3142.31,209.48,176.51,80.55,7.68,Sandy,9.7,16.01
Haryana,District C,2018,Wheat,1681.0,5928.74,107.96,224.76,65.52,5.62,Loamy,9.3,66.63
Haryana,District C,2018,Rice,853.5,5525.35,173.71,103.27,68.79,6.41,Sandy,7.42,92.62
Haryana,District C,2018,Maize,632.7,5794.66,468.53,63.5,84.86,7.94,Clay,4.89,97.93
Haryana,District C,2018,Sugarcane,632.9,5650.04,292.09,205.94,169.43,6.58,Silty,6.26,99.7
Haryana,District C,2018,Cotton,1183.8,4869.72,366.89,297.86,148.38,5.99,Silty,6.57,14.37
Haryana,District C,2019,Wheat,1283.6,1532.49,226.64,219.3,107.13,8.43,Silty,5.9,15.44
Haryana,District C,2019,Rice,876.5,4823.18,422.43,119.82,86.24,5.73,Peaty,7.52,90.8
Haryana,District C,2019,Maize,853.5,5587.16,223.79,294.1,70.63,8.36,Sandy,4.5,94.03
Haryana,District C,2019,Sugarcane,1140.7,3996.12,132.13,247.54,96.1,7.9,Sandy,8.08,97.39
Haryana,District C,2019,Cotton,589.4,5156.05,220.28,187.69,72.22,7.34,Peaty,1.8,69.4
Haryana,District C,2020,Wheat,749.6,5038.65,200.02,154.26,83.08,8.08,Loamy,6.09,14.21
Haryana,District C,2020,Rice,1557.2,5572.85,273.84,172.02,186.94,7.06,Loamy,5.78,20.13
Haryana,District C,2020,Maize,927.0,4943.19,288.14,129.34,132.07,7.46,Silty,7.67,59.94
Haryana,District C,2020,Sugarcane,586.4,4998.51,253.23,132.6,100.65,6.54,Silty,6.41,60.63
Haryana,District C,2020,Cotton,1047.5,5570.13,301.29,166.2,199.55,6.98,Loamy,5.62,81.4
Haryana,District C,2021,Wheat,1665.3,5048.62,383.21,113.55,175.18,8.18,Clay,8.43,14.27
Haryana,District C,2021,Rice,964.3,4060.98,198.4,174.29,165.68,6.91,Silty,1.46,74.55
Haryana,District C,2021,Maize,1258.0,4414.69,301.06,172.95,50.92,6.34,Clay,2.76,97.3
Haryana,District C,2021,Sugarcane,729.7,2711.72,336.24,202.54,47.72,7.88,Silty,9.55,7.24
Haryana,District C,2021,Cotton,942.9,2370.95,321.54,145.7,48.31,7.43,Clay,3.47,47.98
Haryana,District C,2022,Wheat,1618.6,2423.72,217.16,136.53,154.41,8.04,Silty,8.54,15.28
Haryana,District C,2022,Rice,624.4,4387.99,288.77,276.97,85.37,6.36,Loamy,5.1,34.44
Haryana,District C,2022,Maize,1540.6,4918.03,441.19,293.21,68.0,7.65,Clay,6.52,94.5
Haryana,District C,2022,Sugarcane,572.4,1504.6,340.07,121.02,178.5,6.48,Loamy,5.13,25.18
Haryana,District C,2022,Cotton,1055.5,1591.06,309.6,176.26,114.55,8.42,Clay,4.32,42.4
Haryana,District C,2023,Wheat,1040.8,5093.23,309.62,193.02,173.54,7.92,Clay,2.88,46.18
Haryana,District C,2023,Rice,1865.5,2970.33,299.49,289.64,152.25,7.74,Peaty,4.73,8.23
Haryana,District C,2023,Maize,1409.8,1966.79,434.36,253.64,116.05,5.92,Clay,1.08,23.55
Haryana,District C,2023,Sugarcane,706.6,4254.75,166.62,182.16,126.22,6.39,Clay,8.11,21.52
Haryana,District C,2023,Cotton,598.9,3893.21,124.85,241.64,149.46,8.15,Peaty,7.42,27.35
Haryana,District C,2024,Wheat,682.4,4002.26,230.79,160.62,136.45,6.98,Sandy,5.9,73.98
Haryana,District C,2024,Rice,1558.9,3903.85,371.56,268.39,97.81,6.74,Loamy,8.78,44.55
Haryana,District C,2024,Maize,1571.1,5404.01,117.25,193.49,173.63,6.69,Peaty,6.37,42.78
Haryana,District C,2024,Sugarcane,995.9,1906.43,325.06,169.76,38.82,7.34,Silty,2.54,31.11
Haryana,District C,2024,Cotton,981.0,4464.54,349.25,173.65,58.03,6.65,Silty,5.21,12.73
Himachal Pradesh,District A,2015,Wheat,1474.3,1828.73,251.28,227.51,23.6,7.21,Loamy,2.06,95.83
Himachal Pradesh,District A,2015,Rice,636.5,2539.66,118.63,226.28,173.05,6.8,Loamy,4.09,45.99
Himachal Pradesh,District A,2015,Maize,788.0,2511.94,208.62,162.31,137.51,8.07,Silty,2.65,37.88
Himachal Pradesh,District A,2015,Sugarcane,1841.6,1544.37,371.15,169.29,48.99,6.46,Clay,8.22,13.95
Himachal Pradesh,District A,2015,Cotton,1665.2,4316.31,263.66,113.51,174.75,7.6,Silty,2.65,68.01
Himachal Pradesh,District A,2016,Wheat,585.1,4037.12,184.25,287.21,80.4,6.48,Loamy,4.76,96.29
Himachal Pradesh,District A,2016,Rice,536.3,2878.55,366.48,272.71,66.15,8.29,Peaty,4.51,51.13
Himachal Pradesh,District A,2016,Maize,1893.6,5434.33,153.81,93.2,84.38,6.37,Silty,9.66,65.36
Himachal Pradesh,District A,2016,Sugarcane,1757.2,3863.41,183.33,181.17,119.91,7.73,Peaty,3.74,68.25
Himachal Pradesh,District A,2016,Cotton,1771.4,4621.28,472.84,229.32,157.63,6.0,Loamy,9.05,47.52
Himachal Pradesh,District A,2017,Wheat,1917.7,2465.06,129.66,272.86,172.58,8.48,Peaty,4.53,36.23
Himachal Pradesh,District A,2017,Rice,977.9,5526.37,298.69,200.0,52.55,7.12,Loamy,7.58,83.25
Himachal Pradesh,District A,2017,Maize,1572.2,4786.1,304.99,228.03,96.08,7.45,Loamy,3.21,70.46
Himachal Pradesh,District A,2017,Sugarcane,648.8,5589.99,186.01,101.15,52.67,5.54,Silty,8.88,61.42
Himachal Pradesh,District A,2017,Cotton,782.3,2783.75,290.37,288.59,64.52,7.69,Sandy,1.94,38.77
Himachal Pradesh,District A,2018,Wheat,839.1,5310.25,223.43,297.97,26.95,5.88,Clay,2.74,88.27
Himachal Pradesh,District A,2018,Rice,1714.2,5855.37,291.16,231.85,86.73,6.05,Loamy,1.45,26.37
Himachal Pradesh,District A,2018,Maize,597.5,3159.96,433.11,131.58,151.01,5.78,Loamy,6.0,28.72
Himachal Pradesh,District A,2018,Sugarcane,1910.3,4929.32,489.01,59.39,71.32,6.09,Loamy,7.11,23.11
Himachal Pradesh,District A,2018,Cotton,1263.5,5495.18,377.5,148.66,87.04,6.87,Sandy,6.71,36.42
Himachal Pradesh,District A,2019,Wheat,1778.5,4904.49,344.21,141.05,57.79,7.83,Clay,2.31,49.21
Himachal Pradesh,District A,2019,Rice,1090.9,4250.93,117.79,238.03,34.24,7.47,Silty,8.49,17.47
Himachal Pradesh,District A,2019,Maize,1273.2,2676.72,389.06,130.34,150.43,6.35,Sandy,6.82,18.27
Himachal Pradesh,District A,2019,Sugarcane,1625.8,3025.89,383.96,61.97,93.41,7.62,Peaty,3.27,26.05
Himachal Pradesh,District A,2019,Cotton,1468.7,2029.2,479.32,106.2,199.93,6.99,Peaty,4.9,20.23
Himachal Pradesh,District A,2020,Wheat,820.9,1526.12,220.38,237.23,162.95,6.11,Loamy,5.52,91.7
Himachal Pradesh,District A,2020,Rice,1560.1,4750.95,134.02,105.0,21.59,7.65,Peaty,8.08,33.89
Himachal Pradesh,District A,2020,Maize,1729.0,2088.14,169.35,135.22,93.53,6.55,Peaty,1.87,35.12
Himachal Pradesh,District A,2020,Sugarcane,1755.9,1800.59,476.94,296.58,35.94,6.37,Silty,3.71,53.94
Himachal Pradesh,District A,2020,Cotton,1664.9,2945.58,242.55,114.04,65.83,8.35,Clay,2.4,72.22
Himachal Pradesh,District A,2021,Wheat,1583.0,4499.12,153.89,152.0,39.22,7.95,Loamy,5.56,2.56
Himachal Pradesh,District A,2021,Rice,1887.1,5333.27,309.7,107.24,41.89,6.59,Peaty,5.94,79.67
Himachal Pradesh,District A,2021,Maize,565.6,4051.26,259.28,242.99,26.92,6.71,Loamy,5.7,55.0
Himachal Pradesh,District A,2021,Sugarcane,645.7,2095.49,370.8,218.76,196.24,7.64,Peaty,4.37,62.59
Himachal Pradesh,District A,2021,Cotton,1690.4,2762.66,322.72,227.18,44.2,7.94,Loamy,5.14,11.6
Himachal Pradesh,District A,2022,Wheat,1509.4,3446.01,426.71,99.07,56.91,7.44,Loamy,1.59,62.22
Himachal Pradesh,District A,2022,Rice,1377.8,2763.97,464.09,126.03,100.95,7.13,Silty,1.73,43.58
Himachal Pradesh,District A,2022,Maize,1333.8,3323.2,184.23,198.25,156.07,7.43,Sandy,8.37,7.99
Himachal Pradesh,District A,2022,Sugarcane,1783.2,1913.53,433.78,140.2,130.2,5.96,Sandy,5.45,13.2
Himachal Pradesh,District A,2022,Cotton,1933.7,5101.62,367.19,184.55,162.59,6.98,Silty,4.71,47.38
Himachal Pradesh,District A,2023,Wheat,1121.8,5289.75,192.0,51.43,137.24,6.11,Loamy,6.58,53.56
Himachal Pradesh,District A,2023,Rice,590.3,1866.7,357.21,166.28,194.78,7.54,Silty,5.33,41.44
Himachal Pradesh,District A,2023,Maize,660.1,5654.44,422.0,107.52,66.08,5.6,Clay,2.88,77.51
Himachal Pradesh,District A,2023,Sugarcane,1149.6,2364.19,461.77,99.53,24.65,5.56,Loamy,3.19,32.38
Himachal Pradesh,District A,2023,Cotton,1949.0,5602.98,479.67,256.44,83.3,8.22,Clay,10.0,17.15
Himachal Pradesh,District A,2024,Wheat,1657.3,2505.36,132.34,268.73,174.58,6.71,Loamy,4.67,83.1
Himachal Pradesh,District A,2024,Rice,1491.5,3276.54,397.67,274.26,186.71,6.64,Loamy,9.22,9.26
Himachal Pradesh,District A,2024,Maize,1582.5,2132.24,255.75,152.89,48.58,8.27,Loamy,5.03,93.75
Himachal Pradesh,District A,2024,Sugarcane,1605.0,3560.66,327.73,223.15,126.59,8.14,Peaty,4.6,68.99
Himachal Pradesh,District A,2024,Cotton,1859.1,2088.27,328.55,113.43,164.25,5.71,Sandy,2.57,59.64
Himachal Pradesh,District B,2015,Wheat,1753.5,4897.86,401.18,179.46,180.33,7.26,Sandy,2.24,59.12
Himachal Pradesh,District B,2015,Rice,972.2,1735.57,479.46,210.37,177.85,7.53,Sandy,1.83,24.07
Himachal Pradesh,District B,2015,Maize,1815.7,3278.64,286.52,265.16,113.93,6.08,Loamy,1.28,89.54
Himachal Pradesh,District B,2015,Sugarcane,575.8,4496.32,128.67,226.55,26.11,8.03,Sandy,1.84,70.68
Himachal Pradesh,District B,2015,Cotton,1233.9,2359.27,106.27,154.5,35.41,5.78,Silty,9.32,77.53
Himachal Pradesh,District B,2016,Wheat,1361.6,4630.38,469.73,228.1,86.31,7.64,Silty,5.41,77.27
Himachal Pradesh,District B,2016,Rice,752.6,4953.73,399.78,184.84,175.85,5.9,Loamy,4.12,59.94
Himachal Pradesh,District B,2016,Maize,1905.7,2251.69,387.06,238.74,36.02,8.08,Peaty,6.86,22.14
Himachal Pradesh,District B,2016,Sugarcane,622.8,2853.63,189.79,188.01,84.33,8.4,Loamy,1.41,30.02
Himachal Pradesh,District B,2016,Cotton,1296.7,3337.0,209.54,82.83,167.45,8.49,Peaty,4.98,50.64
Himachal Pradesh,District B,2017,Wheat,1071.3,3479.88,288.09,242.36,38.94,7.81,Sandy,9.58,79.46
Himachal Pradesh,District B,2017,Rice,560.0,2995.39,288.22,128.63,146.03,7.98,Clay,9.9,27.25
Himachal Pradesh,District B,2017,Maize,1812.5,4949.8,244.87,233.53,38.73,7.87,Clay,1.22,89.78
Himachal Pradesh,District B,2017,Sugarcane,1279.2,3600.65,444.29,288.27,96.22,6.02,Silty,4.63,93.55
Himachal Pradesh,District B,2017,Cotton,1924.8,2016.73,482.62,142.07,136.33,5.6,Clay,7.5,83.55
Himachal Pradesh,District B,2018,Wheat,1098.7,3515.74,440.51,243.91,71.87,6.47,Silty,5.02,25.6
Himachal Pradesh,District B,2018,Rice,1491.0,3140.44,414.44,80.39,40.95,6.11,Peaty,6.58,14.74
Himachal Pradesh,District B,2018,Maize,739.9,1564.03,412.84,253.07,49.16,7.72,Loamy,3.16,62.14
Himachal Pradesh,District B,2018,Sugarcane,767.7,4905.98,119.05,289.78,32.94,7.24,Silty,1.11,49.85
Himachal Pradesh,District B,2018,Cotton,1025.0,4111.49,190.18,66.22,132.67,6.75,Sandy,7.46,94.36
Himachal Pradesh,District B,2019,Wheat,1540.2,5731.81,321.81,200.05,195.85,7.43,Clay,2.79,63.38
Himachal Pradesh,District B,2019,Rice,1353.6,3221.65,230.33,109.4,116.38,8.26,Sandy,7.7,83.44
Himachal Pradesh,District B,2019,Maize,1027.5,1782.94,349.02,97.17,122.43,7.72,Peaty,5.39,94.11
Himachal Pradesh,District B,2019,Sugarcane,840.7,3253.32,342.58,238.83,182.3,8.25,Clay,3.3,11.99
Himachal Pradesh,District B,2019,Cotton,1867.3,5990.83,172.24,59.61,69.51,8.0,Peaty,3.24,43.22
Himachal Pradesh,District B,2020,Wheat,1501.9,3432.38,276.52,66.41,92.26,7.79,Silty,4.72,42.36
Himachal Pradesh,District B,2020,Rice,1553.9,5742.47,206.82,160.04,163.28,7.33,Peaty,6.65,18.67
Himachal Pradesh,District B,2020,Maize,1265.3,3880.96,450.48,165.62,70.3,6.19,Peaty,6.29,34.34
Himachal Pradesh,District B,2020,Sugarcane,1502.5,2526.8,226.95,290.69,82.65,6.54,Sandy,9.74,98.31
Himachal Pradesh,District B,2020,Cotton,1369.5,1504.89,460.26,192.56,85.88,7.99,Peaty,1.31,82.11
Himachal Pradesh,District B,2021,Wheat,1318.8,3021.65,200.36,198.45,57.45,6.47,Peaty,9.39,26.45
Himachal Pradesh,District B,2021,Rice,724.8,1904.85,325.35,78.44,44.98,6.4,Clay,6.44,81.67
Himachal Pradesh,District B,2021,Maize,1642.0,2681.18,198.12,291.45,21.48,8.14,Loamy,1.48,61.51
Himachal Pradesh,District B,2021,Sugarcane,571.1,4257.25,190.23,276.16,105.52,6.17,Loamy,1.38,1.12
Himachal Pradesh,District B,2021,Cotton,1187.1,2093.26,365.74,103.51,97.91,6.09,Loamy,7.52,64.51
Himachal Pradesh,District B,2022,Wheat,923.5,2830.2,478.0,296.92,105.22,7.91,Peaty,5.18,95.16
Himachal Pradesh,District B,2022,Rice,1917.3,5008.24,340.84,163.74,84.11,8.34,Loamy,8.75,1.32
Himachal Pradesh,District B,2022,Maize,1526.7,1585.94,382.75,208.91,46.7,7.8,Clay,3.36,68.89
Himachal Pradesh,District B,2022,Sugarcane,1885.5,3029.22,301.16,165.78,48.37,7.27,Clay,4.63,39.85
Himachal Pradesh,District B,2022,Cotton,754.8,3223.8,448.65,140.78,191.29,8.34,Sandy,2.6,86.27
Himachal Pradesh,District B,2023,Wheat,1089.1,1519.68,209.55,199.41,163.87,5.9,Clay,9.3,75.11
Himachal Pradesh,District B,2023,Rice,1384.7,4961.34,271.54,239.61,86.92,6.23,Sandy,6.02,25.39
Himachal Pradesh,District B,2023,Maize,708.6,2485.41,331.11,66.28,98.16,5.91,Silty,5.05,74.43
Himachal Pradesh,District B,2023,Sugarcane,1200.5,2525.1,179.74,156.36,155.99,7.32,Clay,7.52,34.98
Himachal Pradesh,District B,2023,Cotton,970.0,4191.63,274.5,295.21,84.13,7.34,Loamy,6.87,61.21
Himachal Pradesh,District B,2024,Wheat,1681.8,2642.48,405.45,222.0,78.11,7.14,Sandy,9.73,42.46
Himachal Pradesh,District B,2024,Rice,1752.2,1740.07,439.03,207.38,107.97,8.17,Sandy,4.59,11.96
Himachal Pradesh,District B,2024,Maize,1125.1,1827.43,139.51,153.98,74.97,8.28,Clay,6.35,29.09
Himachal Pradesh,District B,2024,Sugarcane,899.7,4931.41,202.73,161.57,145.06,5.74,Sandy,6.3,68.42
Himachal Pradesh,District B,2024,Cotton,1054.9,3520.41,231.99,252.04,43.51,8.39,Sandy,5.57,49.58
Himachal Pradesh,District C,2015,Wheat,1895.6,5504.85,414.32,124.06,118.1,6.17,Clay,6.7,55.42
Himachal Pradesh,District C,2015,Rice,1558.0,3378.64,403.23,148.31,168.75,6.3,Sandy,4.6,98.6
Himachal Pradesh,District C,2015,Maize,651.0,3406.62,222.86,276.27,176.48,6.21,Silty,3.87,39.25
Himachal Pradesh,District C,2015,Sugarcane,919.0,5691.35,373.33,115.62,136.11,8.05,Clay,1.53,21.55
Himachal Pradesh,District C,2015,Cotton,1997.8,3448.84,381.19,95.67,129.78,7.68,Peaty,8.46,60.34
Himachal Pradesh,District C,2016,Wheat,1083.7,4009.39,330.7,91.38,92.49,6.53,Loamy,6.16,94.32
Himachal Pradesh,District C,2016,Rice,1584.4,4602.63,487.26,249.72,44.59,6.54,Peaty,5.41,11.16
Himachal Pradesh,District C,2016,Maize,1187.9,4636.47,499.02,130.98,112.54,8.14,Loamy,8.95,16.04
Himachal Pradesh,District C,2016,Sugarcane,1009.4,3008.5,116.82,199.56,173.87,6.64,Silty,2.57,37.82
Himachal Pradesh,District C,2016,Cotton,1705.9,5099.96,474.32,150.81,147.57,7.02,Loamy,7.41,36.79
Himachal Pradesh,District C,2017,Wheat,1005.0,2635.99,330.61,290.96,56.01,5.79,Peaty,2.13,39.3
Himachal Pradesh,District C,2017,Rice,1777.2,5578.14,302.55,198.53,147.47,8.0,Silty,1.92,7.31
Himachal Pradesh,District C,2017,Maize,1193.4,2857.18,345.12,60.75,41.92,8.1,Sandy,8.31,67.91
Himachal Pradesh,District C,2017,Sugarcane,1410.4,4041.66,444.37,255.41,42.01,8.05,Sandy,4.04,12.28
Himachal Pradesh,District C,2017,Cotton,627.0,1709.23,144.38,135.93,126.9,6.06,Peaty,8.28,52.05
Himachal Pradesh,District C,2018,Wheat,1586.3,3148.48,114.71,276.08,43.0,8.34,Silty,3.75,49.55
Himachal Pradesh,District C,2018,Rice,1252.4,1604.79,242.18,234.97,111.81,6.23,Peaty,8.06,67.87
Himachal Pradesh,District C,2018,Maize,1209.2,5548.92,234.46,123.58,177.1,7.89,Loamy,2.36,70.07
Himachal Pradesh,District C,2018,Sugarcane,886.5,5652.04,151.7,129.58,29.86,7.61,Silty,8.1,35.14
Himachal Pradesh,District C,2018,Cotton,750.7,1650.27,254.29,275.89,63.02,6.12,Sandy,4.26,21.75
Himachal Pradesh,District C,2019,Wheat,1893.2,2881.5,259.36,224.89,72.8,7.96,Sandy,1.59,4.99
Himachal Pradesh,District C,2019,Rice,673.3,1821.15,404.22,171.39,81.72,6.76,Loamy,3.53,7.76
Himachal Pradesh,District C,2019,Maize,717.6,4646.3,109.0,264.11,144.99,7.8,Loamy,4.61,98.62
Himachal Pradesh,District C,2019,Sugarcane,1731.7,3457.41,390.92,117.39,38.03,6.56,Silty,7.11,28.62
Himachal Pradesh,District C,2019,Cotton,878.2,3215.7,300.38,287.79,157.18,6.79,Peaty,9.55,99.88
Himachal Pradesh,District C,2020,Wheat,1057.8,2844.61,443.34,299.65,133.34,7.89,Peaty,1.39,30.54
Himachal Pradesh,District C,2020,Rice,1543.7,5780.0,130.81,57.12,179.15,7.74,Sandy,9.15,3.69
Himachal Pradesh,District C,2020,Maize,829.7,2893.06,346.75,183.53,59.29,5.99,Loamy,2.79,74.86
Himachal Pradesh,District C,2020,Sugarcane,923.3,5158.07,147.36,239.02,37.66,6.84,Loamy,3.52,57.07
Himachal Pradesh,District C,2020,Cotton,1658.2,5676.04,204.45,133.71,103.57,8.28,Clay,9.73,55.17
Himachal Pradesh,District C,2021,Wheat,1202.2,5930.1,322.78,215.28,79.9,6.65,Silty,9.97,37.52
Himachal Pradesh,District C,2021,Rice,1398.5,5353.2,146.98,222.39,93.59,6.12,Sandy,6.87,13.47
Himachal Pradesh,District C,2021,Maize,1277.9,4956.33,165.72,238.31,156.94,5.68,Silty,6.12,41.05
Himachal Pradesh,District C,2021,Sugarcane,788.8,4853.1,150.82,75.97,147.83,6.13,Peaty,7.29,90.42
Himachal Pradesh,District C,2021,Cotton,1707.9,2735.03,451.57,258.35,187.24,6.88,Silty,4.94,30.75
Himachal Pradesh,District C,2022,Wheat,1977.4,5163.23,165.86,51.4,27.7,6.23,Sandy,5.8,85.8
Himachal Pradesh,District C,2022,Rice,1605.1,2470.24,259.72,176.97,165.84,8.02,Loamy,5.58,69.43
Himachal Pradesh,District C,2022,Maize,667.7,4043.8,199.48,157.93,134.13,6.27,Silty,9.04,95.59
Himachal Pradesh,District C,2022,Sugarcane,1271.5,5093.23,485.8,87.81,23.29,8.11,Peaty,1.38,16.01
Himachal Pradesh,District C,2022,Cotton,1076.2,2486.7,222.1,293.82,146.79,7.64,Peaty,8.84,87.01
Himachal Pradesh,District C,2023,Wheat,1368.4,3434.35,356.63,254.55,21.02,8.48,Clay,5.23,87.2
Himachal Pradesh,District C,2023,Rice,837.6,3645.58,153.03,148.77,51.88,6.59,Peaty,9.95,11.48
Himachal Pradesh,District C,2023,Maize,1589.0,1732.85,112.08,76.33,193.79,8.32,Silty,2.46,24.05
Himachal Pradesh,District C,2023,Sugarcane,1273.3,4063.67,188.64,239.16,75.72,8.27,Clay,4.93,78.99
Himachal Pradesh,District C,2023,Cotton,1726.9,2807.17,235.89,283.99,49.65,5.63,Loamy,8.08,46.18
Himachal Pradesh,District C,2024,Wheat,1998.6,5275.91,395.88,267.68,134.13,8.03,Peaty,2.55,1.23
Himachal Pradesh,District C,2024,Rice,1390.5,5490.3,368.27,295.51,31.35,8.21,Clay,9.73,92.47
Himachal Pradesh,District C,2024,Maize,1902.9,3142.52,312.76,288.53,182.42,7.87,Silty,8.14,27.3
Himachal Pradesh,District C,2024,Sugarcane,1439.7,5225.7,382.98,169.87,125.23,8.47,Clay,1.73,2.08
Himachal Pradesh,District C,2024,Cotton,1443.1,4333.53,494.77,149.51,79.74,7.37,Sandy,3.17,15.46
Jharkhand,District A,2015,Wheat,1829.7,2737.36,155.38,79.94,146.0,5.52,Silty,1.0,71.82
Jharkhand,District A,2015,Rice,666.6,2597.28,219.15,190.09,91.63,7.52,Clay,2.12,49.92
Jharkhand,District A,2015,Maize,1005.4,2831.16,126.81,273.93,144.53,5.86,Clay,9.77,68.12
Jharkhand,District A,2015,Sugarcane,1126.2,4657.79,402.53,244.99,106.02,6.79,Silty,8.71,72.19
Jharkhand,District A,2015,Cotton,1825.8,4270.99,152.13,78.7,28.64,7.2,Loamy,7.61,68.62
Jharkhand,District A,2016,Wheat,977.2,2295.61,140.96,234.33,101.08,6.47,Loamy,7.21,56.56
Jharkhand,District A,2016,Rice,616.2,2231.83,255.22,96.4,162.6,6.75,Loamy,5.36,9.08
Jharkhand,District A,2016,Maize,693.4,2578.24,443.81,281.15,168.73,6.5,Peaty,3.95,13.61
Jharkhand,District A,2016,Sugarcane,734.6,4577.48,107.89,79.39,171.99,8.03,Peaty,1.79,70.5
Jharkhand,District A,2016,Cotton,1040.2,1704.59,163.13,84.3,126.04,8.19,Peaty,5.08,87.78
Jharkhand,District A,2017,Wheat,650.0,2659.83,400.72,73.75,77.74,6.66,Silty,8.57,43.11
Jharkhand,District A,2017,Rice,1102.0,1627.46,378.11,251.88,139.44,5.95,Silty,6.16,40.15
Jharkhand,District A,2017,Maize,1143.6,5855.1,389.57,152.95,23.44,5.6,Clay,2.4,96.0
Jharkhand,District A,2017,Sugarcane,556.7,5899.35,101.86,268.42,75.32,8.32,Sandy,5.87,89.23
Jharkhand,District A,2017,Cotton,1520.0,4739.95,133.99,76.63,42.92,8.21,Silty,5.04,97.92
Jharkhand,District A,2018,Wheat,1939.8,2981.12,454.37,261.9,57.92,7.37,Clay,9.19,91.56
Jharkhand,District A,2018,Rice,993.5,4674.45,370.3,251.64,73.37,7.03,Silty,1.24,37.67
Jharkhand,District A,2018,Maize,1543.8,2636.68,483.08,57.54,192.46,6.15,Clay,3.14,85.11
Jharkhand,District A,2018,Sugarcane,1335.8,2430.78,349.4,139.43,171.99,6.86,Clay,6.49,73.07
Jharkhand,District A,2018,Cotton,1990.1,4554.52,192.74,77.05,135.37,7.07,Loamy,7.54,50.97
Jharkhand,District A,2019,Wheat,1105.4,3319.69,190.52,54.33,123.48,6.14,Clay,6.21,64.68
Jharkhand,District A,2019,Rice,1895.8,3427.54,232.56,294.31,175.42,6.47,Loamy,1.61,41.79
Jharkhand,District A,2019,Maize,868.8,3645.2,468.19,231.0,139.15,6.82,Peaty,7.88,58.09
Jharkhand,District A,2019,Sugarcane,1438.4,1732.74,184.42,68.58,72.0,7.38,Peaty,4.96,25.26
Jharkhand,District A,2019,Cotton,1618.2,4353.86,409.01,131.17,153.29,8.09,Peaty,2.59,87.3
Jharkhand,District A,2020,Wheat,1614.1,4467.3,262.75,115.49,196.3,7.89,Clay,7.18,28.93
Jharkhand,District A,2020,Rice,1774.5,3469.27,487.29,288.54,159.19,8.3,Sandy,3.13,34.54
Jharkhand,District A,2020,Maize,1629.4,3410.53,434.93,269.41,73.95,7.97,Sandy,9.77,32.75
Jharkhand,District A,2020,Sugarcane,1884.7,2712.11,495.63,217.57,103.43,7.34,Silty,3.86,23.22
Jharkhand,District A,2020,Cotton,1818.1,5260.84,191.9,58.9,164.82,7.35,Sandy,6.41,96.09
Jharkhand,District A,2021,Wheat,1505.3,2288.29,289.51,212.12,25.09,5.54,Sandy,7.63,69.02
Jharkhand,District A,2021,Rice,1135.0,5654.77,129.17,250.81,58.74,6.47,Loamy,1.7,39.17
Jharkhand,District A,2021,Maize,731.0,3195.69,351.27,186.81,61.61,6.53,Peaty,4.39,0.14
Jharkhand,District A,2021,Sugarcane,1169.9,2745.24,141.74,68.79,82.56,7.34,Sandy,6.98,68.11
Jharkhand,District A,2021,Cotton,557.0,4224.88,293.91,76.44,70.03,8.17,Clay,6.43,43.74
Jharkhand,District A,2022,Wheat,1734.6,5657.22,355.66,255.2,30.62,8.22,Sandy,3.1,94.13
Jharkhand,District A,2022,Rice,1383.2,2900.37,279.87,251.42,49.09,6.38,Loamy,9.73,50.26
Jharkhand,District A,2022,Maize,763.4,4463.8,490.18,268.04,175.13,8.3,Clay,3.09,61.69
Jharkhand,District A,2022,Sugarcane,1263.5,5962.19,493.29,208.76,99.72,6.97,Loamy,1.91,32.84
Jharkhand,District A,2022,Cotton,612.9,1830.12,178.34,171.31,161.26,6.96,Silty,1.74,55.03
Jharkhand,District A,2023,Wheat,906.9,4267.2,490.88,77.83,58.18,6.92,Silty,6.45,61.91
Jharkhand,District A,2023,Rice,1294.4,4930.28,115.66,283.99,37.11,7.52,Sandy,1.82,11.34
Jharkhand,District A,2023,Maize,549.8,1970.28,183.77,292.52,140.21,7.84,Peaty,5.82,79.75
Jharkhand,District A,2023,Sugarcane,1393.7,2915.46,324.44,183.38,168.22,8.45,Peaty,3.18,43.68
Jharkhand,District A,2023,Cotton,1610.7,3509.15,127.4,92.15,162.43,7.45,Loamy,1.7,93.0
Jharkhand,District A,2024,Wheat,1560.7,2983.7,256.3,235.2,128.26,7.51,Clay,2.94,72.86
Jharkhand,District A,2024,Rice,1468.6,5935.85,185.56,199.47,160.43,6.52,Clay,8.99,40.42
Jharkhand,District A,2024,Maize,1437.1,5501.57,183.93,295.47,146.35,6.99,Clay,1.86,38.29
Jharkhand,District A,2024,Sugarcane,1916.3,4152.77,237.8,206.42,183.87,6.32,Silty,3.95,42.29
Jharkhand,District A,2024,Cotton,1504.2,1577.18,428.06,269.95,174.3,6.63,Peaty,4.78,18.82
Jharkhand,District B,2015,Wheat,512.5,5865.26,272.68,292.34,45.26,7.26,Silty,3.45,57.83
Jharkhand,District B,2015,Rice,1550.9,4445.84,119.62,75.9,43.15,5.77,Sandy,4.08,10.56
Jharkhand,District B,2015,Maize,782.5,3752.23,417.29,87.54,138.75,6.47,Clay,9.51,86.47
Jharkhand,District B,2015,Sugarcane,600.6,4426.38,148.04,51.42,29.32,8.25,Clay,8.69,25.27
Jharkhand,District B,2015,Cotton,990.8,3917.04,184.63,252.79,159.25,5.94,Loamy,7.97,33.73
Jharkhand,District B,2016,Wheat,1449.7,1725.96,343.48,88.16,169.5,6.57,Peaty,7.89,95.45
Jharkhand,District B,2016,Rice,1774.2,5781.59,327.17,91.33,188.37,8.11,Silty,7.43,52.73
Jharkhand,District B,2016,Maize,1851.3,2908.26,329.66,175.19,108.12,6.87,Sandy,1.14,82.4
Jharkhand,District B,2016,Sugarcane,1818.2,4568.43,316.43,290.18,41.59,7.71,Sandy,8.45,36.01
Jharkhand,District B,2016,Cotton,1400.2,2203.18,314.21,107.61,153.87,7.08,Sandy,3.73,54.05
Jharkhand,District B,2017,Wheat,784.7,2340.92,330.63,221.37,41.67,5.87,Clay,8.92,21.4
Jharkhand,District B,2017,Rice,1958.1,2142.53,140.45,78.05,123.16,7.84,Peaty,5.92,70.1
Jharkhand,District B,2017,Maize,1903.5,4495.53,206.04,192.64,99.62,7.17,Loamy,8.73,65.18
Jharkhand,District B,2017,Sugarcane,783.1,1783.58,269.75,53.9,77.29,6.6,Silty,3.99,18.15
Jharkhand,District B,2017,Cotton,866.7,5247.82,345.76,278.31,61.75,5.86,Loamy,6.19,82.63
Jharkhand,District B,2018,Wheat,563.8,3388.86,284.42,247.77,104.22,7.2,Loamy,3.7,14.97
Jharkhand,District B,2018,Rice,839.5,3608.61,269.95,122.22,51.0,7.79,Clay,3.66,24.48
Jharkhand,District B,2018,Maize,826.5,2115.13,320.53,201.35,146.99,7.54,Peaty,8.73,67.78
Jharkhand,District B,2018,Sugarcane,1319.1,3304.22,272.33,64.36,101.88,7.89,Loamy,2.98,6.48
Jharkhand,District B,2018,Cotton,1608.2,2451.88,257.37,66.03,60.73,7.88,Clay,5.65,69.97
Jharkhand,District B,2019,Wheat,640.9,4294.83,466.65,124.78,132.79,7.96,Silty,7.46,31.1
Jharkhand,District B,2019,Rice,959.1,4504.13,382.16,284.25,60.47,6.9,Peaty,1.72,40.32
Jharkhand,District B,2019,Maize,1061.1,2716.95,218.8,140.1,197.99,7.85,Loamy,8.85,63.33
Jharkhand,District B,2019,Sugarcane,1835.9,3037.69,285.81,274.06,69.06,8.25,Silty,1.11,0.12
Jharkhand,District B,2019,Cotton,1424.1,2350.58,176.76,213.32,29.67,6.44,Peaty,4.57,19.34
Jharkhand,District B,2020,Wheat,1305.6,5322.32,119.79,272.31,139.79,7.35,Silty,2.96,25.67
Jharkhand,District B,2020,Rice,651.3,4225.07,371.95,210.73,175.0,6.96,Sandy,5.73,11.47
Jharkhand,District B,2020,Maize,1987.6,2861.11,354.0,195.31,161.32,6.38,Clay,8.01,24.87
Jharkhand,District B,2020,Sugarcane,1517.3,5559.87,254.29,244.78,150.46,5.68,Sandy,5.93,49.46
Jharkhand,District B,2020,Cotton,966.4,3766.8,164.71,142.33,37.76,7.22,Loamy,1.91,80.19
Jharkhand,District B,2021,Wheat,1872.6,4904.67,428.97,104.12,67.44,6.13,Clay,9.53,71.68
Jharkhand,District B,2021,Rice,1822.2,4374.15,255.06,156.44,33.56,5.59,Silty,6.85,46.77
Jharkhand,District B,2021,Maize,1363.6,3232.57,150.62,146.41,115.46,7.3,Silty,8.8,89.04
Jharkhand,District B,2021,Sugarcane,905.0,1657.42,204.43,119.68,183.68,7.45,Sandy,2.22,15.57
Jharkhand,District B,2021,Cotton,1445.6,4809.36,443.86,285.16,56.31,6.43,Sandy,5.31,59.93
Jharkhand,District B,2022,Wheat,618.3,2791.07,228.81,190.7,70.13,5.79,Peaty,2.94,72.19
Jharkhand,District B,2022,Rice,1716.0,3353.54,398.57,151.01,142.1,7.79,Peaty,1.47,24.1
Jharkhand,District B,2022,Maize,1526.1,1883.66,197.88,263.83,124.93,5.71,Peaty,5.1,29.07
Jharkhand,District B,2022,Sugarcane,850.4,4811.93,103.14,184.81,162.88,6.3,Peaty,6.9,44.58
Jharkhand,District B,2022,Cotton,1019.9,5261.66,403.38,130.31,38.54,5.72,Sandy,1.46,33.69
Jharkhand,District B,2023,Wheat,1629.8,2824.57,405.32,236.37,64.25,7.69,Peaty,3.27,37.38
Jharkhand,District B,2023,Rice,1769.1,4280.17,400.65,103.5,148.97,6.18,Loamy,5.63,81.4
Jharkhand,District B,2023,Maize,1583.2,4267.83,160.32,258.99,188.46,5.91,Sandy,1.98,75.21
Jharkhand,District B,2023,Sugarcane,568.6,2409.08,416.79,235.69,105.74,5.65,Silty,3.95,15.82
Jharkhand,District B,2023,Cotton,751.4,4478.51,320.17,80.52,40.29,5.72,Sandy,5.73,8.34
Jharkhand,District B,2024,Wheat,1755.9,4258.56,168.98,55.19,25.68,7.02,Peaty,8.3,82.85
Jharkhand,District B,2024,Rice,1354.6,2877.27,187.12,131.8,133.13,6.02,Clay,9.38,57.01
Jharkhand,District B,2024,Maize,1601.2,5778.92,133.39,51.41,25.36,7.19,Sandy,2.68,89.47
Jharkhand,District B,2024,Sugarcane,872.8,1910.89,400.01,93.9,86.94,5.58,Sandy,2.56,5.44
Jharkhand,District B,2024,Cotton,1485.0,5266.54,249.33,268.64,58.4,6.48,Peaty,7.57,29.86
Jharkhand,District C,2015,Wheat,1314.4,3450.1,210.65,293.67,66.58,6.43,Loamy,8.41,58.66
Jharkhand,District C,2015,Rice,1419.6,5192.53,237.17,98.41,55.71,7.7,Peaty,2.31,12.07
Jharkhand,District C,2015,Maize,1441.7,1500.53,107.33,147.39,144.44,7.59,Clay,5.09,35.92
Jharkhand,District C,2015,Sugarcane,939.1,2284.61,416.63,288.85,94.46,8.36,Sandy,3.48,38.17
Jharkhand,District C,2015,Cotton,1062.2,2598.92,272.28,168.34,153.96,7.8,Clay,3.13,32.37
Jharkhand,District C,2016,Wheat,1222.0,4184.98,214.94,198.12,73.6,5.67,Peaty,9.96,17.86
Jharkhand,District C,2016,Rice,1973.6,3192.67,180.13,153.53,130.52,6.14,Silty,8.69,99.9
Jharkhand,District C,2016,Maize,977.3,2169.86,417.27,200.11,38.07,8.34,Clay,4.36,41.75
Jharkhand,District C,2016,Sugarcane,950.9,4454.8,467.54,150.15,54.62,6.31,Loamy,3.16,89.19
Jharkhand,District C,2016,Cotton,1956.8,5038.34,317.11,289.2,47.69,6.94,Silty,5.65,22.51
Jharkhand,District C,2017,Wheat,1116.2,5445.82,311.01,133.55,57.42,7.9,Clay,2.06,65.37
Jharkhand,District C,2017,Rice,1776.6,5692.24,489.03,245.28,45.15,8.06,Peaty,7.57,53.13
Jharkhand,District C,2017,Maize,1742.9,3414.78,124.72,189.21,50.83,8.4,Clay,4.92,62.33
Jharkhand,District C,2017,Sugarcane,1499.5,3959.31,182.1,238.79,164.68,7.16,Silty,9.66,7.19
Jharkhand,District C,2017,Cotton,902.5,1860.93,400.43,85.21,37.98,7.19,Loamy,2.51,97.85
Jharkhand,District C,2018,Wheat,1062.6,1981.17,297.52,268.5,179.71,5.53,Peaty,2.77,86.07
Jharkhand,District C,2018,Rice,719.9,5588.75,213.39,274.86,162.35,7.25,Silty,5.97,96.76
Jharkhand,District C,2018,Maize,1994.2,2024.45,439.82,174.96,89.76,7.34,Peaty,8.84,21.35
Jharkhand,District C,2018,Sugarcane,1139.6,5727.66,271.43,139.59,99.3,7.06,Clay,3.92,56.5
Jharkhand,District C,2018,Cotton,1822.2,5060.01,321.33,68.47,71.46,6.6,Peaty,1.51,16.99
Jharkhand,District C,2019,Wheat,927.9,2771.82,369.37,54.59,156.02,6.3,Sandy,8.47,69.55
Jharkhand,District C,2019,Rice,1362.6,2351.77,341.34,57.83,41.39,6.44,Sandy,4.79,70.67
Jharkhand,District C,2019,Maize,1959.9,5519.12,236.97,299.55,20.63,5.58,Peaty,2.8,6.08
Jharkhand,District C,2019,Sugarcane,855.7,3417.45,392.23,206.08,62.77,7.01,Peaty,8.34,32.32
Jharkhand,District C,2019,Cotton,1973.4,4688.79,124.98,58.79,50.31,7.68,Loamy,2.55,6.53
Jharkhand,District C,2020,Wheat,1165.5,5327.78,130.67,138.88,181.96,5.85,Silty,1.22,90.87
Jharkhand,District C,2020,Rice,1277.6,1837.25,144.11,145.88,189.24,7.58,Silty,9.91,48.23
Jharkhand,District C,2020,Maize,1358.1,4271.57,415.87,253.0,54.91,6.21,Clay,9.69,16.09
Jharkhand,District C,2020,Sugarcane,771.9,4044.93,354.92,234.85,52.59,8.38,Sandy,7.87,96.02
Jharkhand,District C,2020,Cotton,914.2,2609.32,325.45,252.92,154.37,7.18,Silty,5.94,0.35
Jharkhand,District C,2021,Wheat,560.0,2403.83,174.4,113.69,74.89,6.58,Sandy,3.91,26.04
Jharkhand,District C,2021,Rice,1629.2,3145.72,390.54,164.02,118.5,7.13,Sandy,9.58,83.96
Jharkhand,District C,2021,Maize,1139.0,4401.23,170.83,190.13,196.64,7.05,Loamy,9.31,56.5
Jharkhand,District C,2021,Sugarcane,993.9,2131.45,248.48,226.26,89.29,6.24,Peaty,3.48,79.65
Jharkhand,District C,2021,Cotton,932.3,2374.47,489.57,140.41,128.25,7.33,Clay,4.43,50.67
Jharkhand,District C,2022,Wheat,903.1,3883.1,453.05,286.11,38.1,6.32,Loamy,3.43,69.27
Jharkhand,District C,2022,Rice,880.2,3103.65,176.51,264.08,178.88,6.39,Peaty,1.04,34.29
Jharkhand,District C,2022,Maize,1953.3,4627.35,260.53,98.14,84.1,6.01,Silty,8.29,12.8
Jharkhand,District C,2022,Sugarcane,1632.8,2465.43,490.96,63.02,83.38,6.79,Silty,2.81,77.43
Jharkhand,District C,2022,Cotton,1568.9,4357.28,254.89,277.26,194.52,6.02,Sandy,1.41,34.45
Jharkhand,District C,2023,Wheat,631.7,3656.74,391.48,191.72,55.36,7.46,Clay,9.39,14.68
Jharkhand,District C,2023,Rice,1538.5,5601.42,300.63,140.45,50.73,8.1,Silty,2.82,66.83
Jharkhand,District C,2023,Maize,773.7,4260.56,264.78,213.45,199.11,8.31,Peaty,8.28,23.58
Jharkhand,District C,2023,Sugarcane,1191.9,3626.39,236.33,288.67,145.4,7.12,Loamy,9.5,61.07
Jharkhand,District C,2023,Cotton,1573.8,4928.86,205.13,61.31,20.34,6.55,Loamy,1.92,47.02
Jharkhand,District C,2024,Wheat,1295.3,2688.12,357.11,225.85,73.84,7.78,Clay,1.89,31.88
Jharkhand,District C,2024,Rice,576.9,3280.51,175.44,190.41,144.71,7.1,Clay,8.5,72.59
Jharkhand,District C,2024,Maize,1685.4,2799.68,255.0,206.69,119.62,8.38,Sandy,2.0,18.71
Jharkhand,District C,2024,Sugarcane,1256.3,5321.11,194.26,283.79,191.88,8.38,Clay,3.75,36.54
Jharkhand,District C,2024,Cotton,1095.4,5196.93,132.41,129.13,193.94,5.96,Clay,2.67,0.48
Karnataka,District A,2015,Wheat,1263.7,3999.83,429.98,176.14,184.96,7.38,Clay,2.33,85.53
Karnataka,District A,2015,Rice,1512.7,2266.05,175.91,281.63,25.8,6.89,Silty,2.79,94.06
Karnataka,District A,2015,Maize,1642.3,4633.04,195.57,79.64,176.75,5.52,Clay,3.5,57.04
Karnataka,District A,2015,Sugarcane,875.8,2900.42,440.02,200.8,46.22,7.68,Clay,7.08,93.25
Karnataka,District A,2015,Cotton,855.4,4621.36,490.04,290.57,62.29,5.8,Sandy,4.59,33.92
Karnataka,District A,2016,Wheat,1154.4,4347.0,148.45,118.16,111.38,6.45,Clay,3.64,21.15
Karnataka,District A,2016,Rice,898.6,1926.74,238.74,59.14,53.55,7.74,Clay,2.75,18.42
Karnataka,District A,2016,Maize,931.7,2617.83,373.92,96.69,117.76,8.46,Silty,6.78,96.94
Karnataka,District A,2016,Sugarcane,706.5,3383.73,440.08,283.08,128.22,5.93,Peaty,2.57,35.29
Karnataka,District A,2016,Cotton,1063.3,3512.81,416.07,250.54,149.54,5.57,Clay,7.73,44.46
Karnataka,District A,2017,Wheat,1917.4,5207.15,355.26,65.61,137.42,8.23,Loamy,1.84,51.68
Karnataka,District A,2017,Rice,820.2,3913.93,434.14,203.95,134.08,7.12,Loamy,5.18,2.0
Karnataka,District A,2017,Maize,711.5,4554.81,398.98,78.83,60.99,5.8,Clay,2.78,47.96
Karnataka,District A,2017,Sugarcane,1831.4,4048.76,372.61,134.76,122.85,6.84,Silty,3.96,57.14
Karnataka,District A,2017,Cotton,868.3,4432.11,432.9,164.83,142.31,7.46,Loamy,8.77,41.67
Karnataka,District A,2018,Wheat,1615.8,5353.68,224.01,148.19,84.18,8.0,Sandy,8.29,98.42
Karnataka,District A,2018,Rice,1736.0,3997.39,218.11,99.42,85.53,7.5,Loamy,3.35,86.78
Karnataka,District A,2018,Maize,1466.4,1591.53,389.85,58.89,199.53,8.12,Loamy,3.32,38.14
Karnataka,District A,2018,Sugarcane,1034.3,3175.52,227.31,205.28,49.57,8.04,Peaty,6.3,53.72
Karnataka,District A,2018,Cotton,1678.8,4001.42,442.84,108.16,165.08,6.04,Peaty,9.46,33.57
Karnataka,District A,2019,Wheat,1294.8,4462.48,131.79,173.52,84.91,8.12,Silty,2.67,62.69
Karnataka,District A,2019,Rice,760.7,1787.22,232.14,107.79,180.02,5.66,Clay,5.96,77.04
Karnataka,District A,2019,Maize,1056.3,4787.1,264.27,119.92,129.75,7.56,Sandy,3.4,34.49
Karnataka,District A,2019,Sugarcane,1473.6,5472.65,173.65,260.09,41.88,6.14,Peaty,7.3,20.56
Karnataka,District A,2019,Cotton,607.2,4768.29,304.42,225.55,105.83,6.44,Peaty,2.98,83.64
Karnataka,District A,2020,Wheat,1535.0,5413.92,418.76,136.62,159.39,6.29,Sandy,6.04,20.39
Karnataka,District A,2020,Rice,1854.2,2741.75,268.43,100.57,89.84,6.97,Sandy,4.55,72.95
Karnataka,District A,2020,Maize,810.6,3196.66,103.22,239.66,132.66,7.95,Loamy,8.2,64.76
Karnataka,District A,2020,Sugarcane,505.4,2641.62,297.56,204.67,31.81,7.62,Clay,2.01,99.06
Karnataka,District A,2020,Cotton,920.6,5889.94,173.01,140.27,155.52,7.47,Sandy,2.88,44.56
Karnataka,District A,2021,Wheat,578.0,2851.63,310.85,166.41,199.94,6.67,Loamy,5.24,2.68
Karnataka,District A,2021,Rice,637.9,4586.68,271.59,266.2,145.04,5.52,Loamy,8.79,57.96
Karnataka,District A,2021,Maize,666.9,2468.73,211.77,110.26,109.55,8.33,Peaty,6.95,68.86
Karnataka,District A,2021,Sugarcane,1807.4,1652.2,261.73,246.18,166.68,8.28,Clay,3.03,65.64
Karnataka,District A,2021,Cotton,746.3,1751.91,148.41,282.5,119.32,7.89,Silty,2.79,85.46
Karnataka,District A,2022,Wheat,791.5,2227.24,182.64,177.21,42.35,8.31,Sandy,3.32,26.98
Karnataka,District A,2022,Rice,1117.0,2595.16,151.67,264.35,120.49,8.08,Loamy,8.87,5.96
Karnataka,District A,2022,Maize,976.6,5960.18,268.93,82.79,194.47,8.45,Peaty,8.78,39.04
Karnataka,District A,2022,Sugarcane,1072.1,2682.14,117.88,117.0,29.68,8.27,Sandy,2.97,67.85
Karnataka,District A,2022,Cotton,1373.8,3988.23,443.74,75.39,82.47,7.11,Loamy,7.56,89.68
Karnataka,District A,2023,Wheat,579.0,2137.67,339.3,204.78,26.05,6.69,Sandy,4.21,60.11
Karnataka,District A,2023,Rice,1334.2,3320.95,271.62,106.69,102.06,8.36,Clay,4.56,71.83
Karnataka,District A,2023,Maize,1418.4,2785.14,361.42,213.89,126.64,5.8,Loamy,9.72,67.21
Karnataka,District A,2023,Sugarcane,730.6,2099.52,181.71,241.68,73.17,5.56,Loamy,9.15,15.96
Karnataka,District A,2023,Cotton,542.9,5590.0,428.64,293.15,30.48,5.97,Silty,4.7,55.5
Karnataka,District A,2024,Wheat,865.2,1734.83,475.69,96.67,55.71,6.92,Sandy,2.79,74.35
Karnataka,District A,2024,Rice,1827.6,4107.64,198.74,127.31,179.43,6.39,Clay,3.93,13.36
Karnataka,District A,2024,Maize,1233.9,4860.25,143.94,156.17,23.2,5.6,Sandy,2.27,85.36
Karnataka,District A,2024,Sugarcane,1383.1,5431.69,415.78,218.44,129.68,5.65,Silty,9.98,18.15
Karnataka,District A,2024,Cotton,680.6,2146.1,364.41,215.36,172.63,7.76,Loamy,3.38,22.19
Karnataka,District B,2015,Wheat,1511.0,1969.9,281.62,173.19,88.64,6.06,Loamy,4.04,49.93
Karnataka,District B,2015,Rice,1512.0,5857.06,157.67,268.25,71.15,7.27,Silty,6.01,72.34
Karnataka,District B,2015,Maize,1072.5,2935.95,441.13,105.02,52.44,5.55,Loamy,5.24,87.64
Karnataka,District B,2015,Sugarcane,1165.7,2782.09,458.41,265.39,49.53,5.58,Clay,9.33,79.82
Karnataka,District B,2015,Cotton,1423.3,2078.46,348.93,63.99,179.35,6.95,Sandy,8.65,84.37
Karnataka,District B,2016,Wheat,1268.4,5052.47,171.74,193.31,197.09,6.37,Loamy,8.77,44.85
Karnataka,District B,2016,Rice,1045.3,5976.36,328.49,168.15,109.27,7.93,Peaty,3.04,12.91
Karnataka,District B,2016,Maize,1919.0,4703.57,396.66,174.85,105.45,5.83,Sandy,5.45,93.69
Karnataka,District B,2016,Sugarcane,501.7,5524.07,224.42,127.87,61.06,6.45,Clay,8.08,31.43
Karnataka,District B,2016,Cotton,627.0,3590.42,399.24,105.42,59.59,8.34,Peaty,8.27,18.82
Karnataka,District B,2017,Wheat,818.0,3031.01,227.25,289.13,162.03,7.67,Peaty,4.82,13.55
Karnataka,District B,2017,Rice,1123.7,2169.47,362.72,246.31,118.91,7.54,Loamy,4.28,44.95
Karnataka,District B,2017,Maize,1790.8,2088.24,230.29,194.32,141.75,7.79,Clay,2.73,57.48
Karnataka,District B,2017,Sugarcane,992.2,5191.55,173.58,166.16,22.46,6.95,Sandy,2.27,37.57
Karnataka,District B,2017,Cotton,923.2,5373.92,295.34,56.71,147.43,6.67,Sandy,8.33,76.82
Karnataka,District B,2018,Wheat,1704.5,5456.96,475.07,151.38,122.38,7.87,Loamy,9.34,21.57
Karnataka,District B,2018,Rice,883.5,2836.59,407.42,156.9,167.48,7.85,Clay,7.67,69.34
Karnataka,District B,2018,Maize,876.2,2637.75,351.54,240.54,177.77,8.06,Loamy,3.36,74.56
Karnataka,District B,2018,Sugarcane,1966.5,4176.85,440.23,52.22,26.59,7.29,Sandy,2.14,39.59
Karnataka,District B,2018,Cotton,907.2,2812.46,149.3,251.44,21.66,6.44,Sandy,6.3,25.43
Karnataka,District B,2019,Wheat,888.5,3697.52,361.08,80.33,51.59,6.24,Peaty,9.49,21.19
Karnataka,District B,2019,Rice,588.5,3918.61,157.04,96.83,180.48,5.52,Sandy,5.65,55.93
Karnataka,District B,2019,Maize,1507.7,3441.5,146.24,75.71,155.79,6.16,Clay,2.15,51.21
Karnataka,District B,2019,Sugarcane,918.6,2225.24,270.51,82.75,145.82,6.87,Clay,2.32,13.98
Karnataka,District B,2019,Cotton,1375.1,5932.54,138.5,121.43,176.5,5.72,Clay,5.59,51.08
Karnataka,District B,2020,Wheat,1721.4,4888.55,465.49,258.23,65.7,6.49,Peaty,8.19,25.71
Karnataka,District B,2020,Rice,1427.1,3570.3,412.98,127.31,135.77,8.15,Clay,3.06,20.11
Karnataka,District B,2020,Maize,1860.9,2687.85,212.39,153.24,45.1,7.02,Peaty,7.4,14.76
Karnataka,District B,2020,Sugarcane,1184.1,1673.64,107.12,160.03,65.53,7.55,Sandy,9.38,55.29
Karnataka,District B,2020,Cotton,1544.8,4185.32,149.1,290.78,42.12,6.26,Clay,5.69,72.04
Karnataka,District B,2021,Wheat,1552.9,3529.25,308.91,179.08,144.48,5.64,Sandy,8.64,13.92
Karnataka,District B,2021,Rice,1370.3,5496.49,289.42,236.64,164.84,7.71,Peaty,9.41,21.3
Karnataka,District B,2021,Maize,655.6,3045.35,398.37,206.52,94.84,8.39,Peaty,1.56,74.46
Karnataka,District B,2021,Sugarcane,536.1,4426.45,184.19,224.11,75.76,8.12,Clay,6.58,28.59
Karnataka,District B,2021,Cotton,1875.8,5014.48,197.32,287.2,84.29,7.46,Loamy,9.26,7.81
Karnataka,District B,2022,Wheat,1141.1,3895.79,459.48,299.42,155.61,8.41,Peaty,7.44,7.48
Karnataka,District B,2022,Rice,1875.8,4836.93,234.2,140.73,111.17,6.58,Silty,9.4,3.5
Karnataka,District B,2022,Maize,1653.8,4752.27,485.58,282.68,157.2,7.06,Silty,9.09,33.81
Karnataka,District B,2022,Sugarcane,1616.2,4919.13,360.22,148.72,129.51,5.62,Loamy,4.57,10.36
Karnataka,District B,2022,Cotton,1755.6,3976.36,376.38,220.65,171.49,5.9,Sandy,1.93,7.75
Karnataka,District B,2023,Wheat,1389.9,2352.06,244.5,265.5,96.38,8.25,Loamy,2.9,28.7
Karnataka,District B,2023,Rice,1865.7,3762.68,207.61,199.62,56.3,5.72,Peaty,5.51,98.16
Karnataka,District B,2023,Maize,1746.6,5602.82,201.74,243.13,67.79,6.13,Clay,1.17,96.54
Karnataka,District B,2023,Sugarcane,723.9,5187.47,210.37,137.68,59.02,7.26,Peaty,5.62,16.4
Karnataka,District B,2023,Cotton,1195.2,4225.44,295.78,172.17,33.95,6.07,Sandy,6.17,76.84
Karnataka,District B,2024,Wheat,933.2,3340.53,309.59,83.72,24.68,5.96,Sandy,8.5,80.24
Karnataka,District B,2024,Rice,650.1,5702.98,144.17,208.64,141.03,7.54,Sandy,4.46,67.26
Karnataka,District B,2024,Maize,1383.0,2505.74,438.88,172.99,168.06,6.72,Loamy,8.57,14.62
Karnataka,District B,2024,Sugarcane,1837.0,3522.85,319.92,274.15,73.98,6.05,Sandy,2.9,54.56
Karnataka,District B,2024,Cotton,769.8,3063.29,472.54,86.52,133.83,7.28,Clay,4.45,63.03
Karnataka,District C,2015,Wheat,1163.1,4328.86,158.71,292.54,151.33,6.25,Peaty,6.18,10.92
Karnataka,District C,2015,Rice,767.3,1685.89,423.7,187.93,77.01,5.88,Clay,5.73,70.19
Karnataka,District C,2015,Maize,1954.9,3457.25,262.41,142.48,168.85,5.97,Loamy,8.05,29.67
Karnataka,District C,2015,Sugarcane,1344.2,2622.09,426.79,77.63,169.3,7.31,Silty,1.95,93.82
Karnataka,District C,2015,Cotton,566.4,4873.84,128.57,166.82,51.57,5.92,Clay,6.81,35.62
Karnataka,District C,2016,Wheat,1510.6,4781.56,376.22,78.49,138.24,6.34,Sandy,5.69,28.56
Karnataka,District C,2016,Rice,872.6,4915.2,147.3,142.49,47.27,6.27,Silty,8.98,73.19
Karnataka,District C,2016,Maize,1341.4,2509.91,304.09,180.21,126.27,5.68,Loamy,5.19,92.65
Karnataka,District C,2016,Sugarcane,514.7,2614.01,141.6,242.4,77.62,8.02,Clay,7.01,66.58
Karnataka,District C,2016,Cotton,1550.2,4531.94,254.76,220.71,181.53,6.5,Sandy,3.8,87.04
Karnataka,District C,2017,Wheat,755.6,3086.08,409.67,57.61,141.13,7.95,Silty,2.95,14.08
Karnataka,District C,2017,Rice,1281.1,5230.67,115.94,298.89,128.4,8.44,Sandy,4.12,56.19
Karnataka,District C,2017,Maize,1150.1,3565.12,487.83,124.04,132.92,6.76,Sandy,5.46,46.1
Karnataka,District C,2017,Sugarcane,1562.6,1903.7,357.94,204.09,62.05,7.13,Sandy,6.16,97.75
Karnataka,District C,2017,Cotton,855.4,3099.01,202.63,116.61,92.75,7.61,Loamy,9.63,27.72
Karnataka,District C,2018,Wheat,1810.1,3249.58,147.64,70.11,48.17,6.25,Peaty,5.96,41.07
Karnataka,District C,2018,Rice,1757.4,5914.28,358.04,268.6,127.77,7.57,Sandy,1.02,9.77
Karnataka,District C,2018,Maize,652.3,4672.04,181.97,273.68,187.15,8.43,Silty,3.45,50.98
Karnataka,District C,2018,Sugarcane,763.2,5127.94,455.37,262.82,98.01,7.78,Silty,1.36,75.32
Karnataka,District C,2018,Cotton,1138.0,5979.97,138.9,263.91,106.4,7.98,Clay,3.7,28.9
Karnataka,District C,2019,Wheat,1699.4,2748.93,432.75,73.88,40.03,8.2,Loamy,8.46,72.97
Karnataka,District C,2019,Rice,814.1,5769.97,124.31,274.57,74.8,7.0,Peaty,2.55,35.81
Karnataka,District C,2019,Maize,789.4,2417.49,174.82,172.25,163.63,7.21,Silty,9.55,2.77
Karnataka,District C,2019,Sugarcane,709.2,4066.5,395.13,184.47,83.91,8.43,Sandy,3.21,76.8
Karnataka,District C,2019,Cotton,519.0,2477.61,126.05,245.06,156.06,7.94,Peaty,7.26,77.4
Karnataka,District C,2020,Wheat,564.4,3425.94,148.88,157.8,98.12,6.99,Clay,2.67,20.44
Karnataka,District C,2020,Rice,858.1,2519.49,258.06,213.45,98.85,7.83,Clay,7.21,93.45
Karnataka,District C,2020,Maize,1570.9,1665.57,251.15,252.4,192.55,6.61,Clay,8.77,12.33
Karnataka,District C,2020,Sugarcane,1768.7,2959.12,337.3,184.74,139.35,7.72,Sandy,8.99,80.95
Karnataka,District C,2020,Cotton,1678.1,3562.11,115.03,173.06,181.72,6.07,Clay,9.51,98.68
Karnataka,District C,2021,Wheat,567.4,2176.56,269.41,96.58,85.5,5.89,Clay,1.5,80.1
Karnataka,District C,2021,Rice,889.1,4118.86,277.48,55.51,27.25,7.98,Sandy,6.94,85.66
Karnataka,District C,2021,Maize,613.5,3582.74,495.7,242.4,193.17,7.84,Peaty,7.36,76.05
Karnataka,District C,2021,Sugarcane,1284.8,5659.07,430.02,260.97,141.14,6.41,Sandy,2.68,66.09
Karnataka,District C,2021,Cotton,1326.9,2430.03,236.13,199.22,186.48,8.26,Sandy,7.62,77.55
Karnataka,District C,2022,Wheat,1713.2,4068.43,104.2,240.42,39.19,5.85,Peaty,9.85,24.25
Karnataka,District C,2022,Rice,1468.7,2866.44,459.49,198.38,57.35,6.29,Clay,1.36,61.27
Karnataka,District C,2022,Maize,1709.2,3470.1,321.83,249.96,129.89,6.17,Peaty,6.65,73.41
Karnataka,District C,2022,Sugarcane,1431.3,5861.59,178.92,287.77,116.9,7.52,Loamy,4.43,76.94
Karnataka,District C,2022,Cotton,1560.4,1680.63,318.64,72.07,199.25,8.19,Silty,4.13,62.85
Karnataka,District C,2023,Wheat,564.3,2269.07,273.1,139.07,90.49,7.91,Clay,4.82,14.56
Karnataka,District C,2023,Rice,1746.7,3069.14,260.06,273.51,109.39,7.13,Sandy,2.53,47.32
Karnataka,District C,2023,Maize,1956.9,3175.65,248.63,98.76,40.58,7.72,Peaty,10.0,36.39
Karnataka,District C,2023,Sugarcane,592.3,5335.45,497.21,254.09,173.34,7.38,Peaty,6.27,21.49
Karnataka,District C,2023,Cotton,1833.6,5970.12,134.67,265.56,90.29,7.07,Loamy,8.25,13.94
Karnataka,District C,2024,Wheat,1128.0,5465.8,324.21,144.9,28.68,7.52,Peaty,4.65,3.99
Karnataka,District C,2024,Rice,1752.8,2443.83,231.32,267.51,154.33,6.16,Clay,6.55,31.87
Karnataka,District C,2024,Maize,1515.7,5765.5,355.39,237.91,155.28,6.49,Peaty,1.45,52.41
Karnataka,District C,2024,Sugarcane,549.3,3607.84,454.11,140.4,187.84,7.39,Sandy,8.59,18.03
Karnataka,District C,2024,Cotton,594.3,3202.6,443.57,105.21,47.71,8.23,Silty,1.11,72.74
Kerala,District A,2015,Wheat,963.8,3186.17,287.64,156.7,112.7,7.25,Silty,8.44,45.21
Kerala,District A,2015,Rice,1285.5,5921.01,123.99,171.99,159.33,5.95,Loamy,3.06,64.51
Kerala,District A,2015,Maize,1002.3,5638.01,361.49,119.54,105.13,8.04,Loamy,4.18,52.49
Kerala,District A,2015,Sugarcane,1399.5,4050.0,361.67,126.94,42.76,7.78,Silty,3.31,40.71
Kerala,District A,2015,Cotton,1247.9,3899.97,363.8,60.4,149.87,5.69,Loamy,8.45,45.12
Kerala,District A,2016,Wheat,723.6,5932.65,455.71,242.83,94.07,6.05,Silty,8.95,69.94
Kerala,District A,2016,Rice,1012.4,3449.3,157.34,92.02,49.57,5.89,Loamy,5.34,4.25
Kerala,District A,2016,Maize,1193.8,3385.23,411.73,138.74,196.86,6.04,Peaty,2.21,84.76
Kerala,District A,2016,Sugarcane,1389.1,5690.84,450.42,219.26,138.41,6.14,Clay,9.9,39.65
Kerala,District A,2016,Cotton,1986.4,2201.67,201.42,72.25,68.91,7.8,Loamy,8.57,67.72
Kerala,District A,2017,Wheat,1546.7,3911.71,454.09,113.0,88.61,7.83,Peaty,9.0,34.64
Kerala,District A,2017,Rice,1054.0,5499.31,285.75,179.03,79.9,6.33,Peaty,2.08,87.93
Kerala,District A,2017,Maize,1668.8,2358.37,377.61,200.66,53.22,6.32,Loamy,3.82,24.52
Kerala,District A,2017,Sugarcane,1627.8,1579.17,207.2,143.85,178.8,8.35,Peaty,8.93,61.49
Kerala,District A,2017,Cotton,1733.5,3958.26,187.38,185.6,86.8,7.59,Peaty,8.53,67.81
Kerala,District A,2018,Wheat,1526.8,2477.2,493.7,260.42,162.02,6.49,Peaty,5.41,40.49
Kerala,District A,2018,Rice,755.4,2411.78,467.32,264.57,55.83,8.13,Silty,1.98,79.17
Kerala,District A,2018,Maize,756.1,1665.19,174.23,241.26,92.92,8.12,Loamy,1.38,68.28
Kerala,District A,2018,Sugarcane,961.2,4017.28,473.09,126.46,28.75,7.53,Loamy,9.62,15.78
Kerala,District A,2018,Cotton,1088.2,5298.63,422.75,206.2,68.49,6.35,Loamy,9.3,17.29
Kerala,District A,2019,Wheat,1359.3,4129.58,247.84,138.13,140.35,6.66,Silty,5.24,26.89
Kerala,District A,2019,Rice,584.0,3338.96,121.04,187.62,75.31,7.1,Peaty,9.39,89.45
Kerala,District A,2019,Maize,785.0,3045.5,345.4,73.92,83.82,6.25,Peaty,3.47,69.86
Kerala,District A,2019,Sugarcane,729.3,1986.11,313.95,188.87,39.2,8.39,Sandy,7.09,54.14
Kerala,District A,2019,Cotton,527.7,1778.89,455.23,267.22,84.31,8.17,Peaty,6.9,92.52
Kerala,District A,2020,Wheat,871.6,5348.55,468.18,275.5,191.37,8.03,Clay,4.69,49.17
Kerala,District A,2020,Rice,1808.9,2856.29,163.7,85.2,168.86,7.78,Peaty,1.23,57.06
Kerala,District A,2020,Maize,1826.3,1578.25,262.07,281.56,83.57,6.88,Peaty,5.36,22.46
Kerala,District A,2020,Sugarcane,1305.9,5749.21,263.96,219.91,196.05,7.99,Loamy,1.15,47.97
Kerala,District A,2020,Cotton,1788.4,5531.26,482.49,269.89,124.41,6.83,Sandy,9.49,88.98
Kerala,District A,2021,Wheat,1285.5,3916.53,223.57,163.63,148.6,6.71,Clay,5.87,22.53
Kerala,District A,2021,Rice,1961.4,3256.53,463.87,106.39,54.06,7.35,Clay,2.27,7.12
Kerala,District A,2021,Maize,1336.6,2806.34,431.22,218.0,194.73,6.26,Clay,5.51,23.92
Kerala,District A,2021,Sugarcane,1385.1,3494.79,278.69,140.68,23.05,7.07,Silty,8.42,81.63
Kerala,District A,2021,Cotton,1691.4,5206.8,184.59,170.55,107.28,8.17,Sandy,8.23,45.2
Kerala,District A,2022,Wheat,1278.6,5146.81,271.08,225.4,98.23,6.75,Loamy,7.63,56.44
Kerala,District A,2022,Rice,1830.0,4495.0,358.93,111.59,91.07,7.55,Peaty,4.28,98.88
Kerala,District A,2022,Maize,1390.8,3297.3,434.22,232.47,154.87,6.09,Clay,8.76,50.4
Kerala,District A,2022,Sugarcane,1525.2,4145.7,436.94,121.14,123.59,5.87,Peaty,3.61,23.28
Kerala,District A,2022,Cotton,1885.4,4834.85,226.44,240.83,23.99,7.08,Loamy,4.46,73.84
Kerala,District A,2023,Wheat,1661.3,4231.63,109.07,282.76,143.52,5.6,Sandy,2.8,57.92
Kerala,District A,2023,Rice,1200.0,3389.27,455.89,159.34,33.56,8.34,Sandy,6.08,7.41
Kerala,District A,2023,Maize,1222.6,5530.85,175.27,132.8,91.3,7.26,Silty,2.23,16.05
Kerala,District A,2023,Sugarcane,615.4,2422.92,386.19,252.23,101.46,7.02,Peaty,1.62,25.76
Kerala,District A,2023,Cotton,1315.8,4827.98,342.0,148.03,41.3,7.84,Silty,7.62,51.3
Kerala,District A,2024,Wheat,1608.0,5582.8,468.41,183.78,112.07,6.3,Loamy,5.12,12.76
Kerala,District A,2024,Rice,1149.1,2071.74,301.01,190.32,80.8,5.71,Loamy,7.96,83.89
Kerala,District A,2024,Maize,1050.3,4923.74,294.15,100.27,42.4,6.54,Silty,9.98,4.92
Kerala,District A,2024,Sugarcane,1161.7,3534.42,220.25,192.84,47.0,7.85,Peaty,8.85,33.26
Kerala,District A,2024,Cotton,699.0,5152.01,369.58,110.45,116.56,6.71,Clay,1.93,38.49
Kerala,District B,2015,Wheat,1664.2,3442.43,232.89,152.83,128.51,8.5,Sandy,2.88,16.28
Kerala,District B,2015,Rice,563.5,4014.68,317.83,101.31,145.16,7.72,Peaty,5.8,51.08
Kerala,District B,2015,Maize,1319.1,5287.68,168.04,129.01,179.95,7.18,Sandy,9.45,58.0
Kerala,District B,2015,Sugarcane,856.2,3293.83,403.32,212.72,52.0,5.65,Loamy,3.26,49.97
Kerala,District B,2015,Cotton,1620.1,4032.0,133.32,96.4,59.48,6.27,Clay,7.04,95.79
Kerala,District B,2016,Wheat,1654.5,4218.08,496.25,116.33,31.22,5.6,Clay,8.47,63.51
Kerala,District B,2016,Rice,1857.5,4640.89,248.38,95.31,186.44,5.81,Silty,8.93,30.42
Kerala,District B,2016,Maize,1481.6,3693.76,246.52,211.36,190.55,5.62,Silty,7.15,90.34
Kerala,District B,2016,Sugarcane,846.7,1887.25,122.19,269.46,195.19,6.41,Clay,2.43,64.17
Kerala,District B,2016,Cotton,1575.5,4121.7,157.32,161.35,83.92,6.99,Silty,7.98,8.4
Kerala,District B,2017,Wheat,1835.5,3622.95,397.54,85.01,140.73,6.21,Sandy,1.12,11.0
Kerala,District B,2017,Rice,1045.5,4110.77,177.2,250.49,155.59,7.59,Sandy,2.27,94.52
Kerala,District B,2017,Maize,1899.6,2514.76,345.77,57.0,187.72,7.07,Silty,2.62,90.16
Kerala,District B,2017,Sugarcane,753.6,5473.17,328.9,266.86,105.33,8.28,Loamy,5.99,12.58
Kerala,District B,2017,Cotton,1170.8,4064.57,342.27,141.38,33.74,7.47,Peaty,6.34,49.13
Kerala,District B,2018,Wheat,955.2,4015.78,367.8,56.67,103.86,5.67,Sandy,2.47,81.21
Kerala,District B,2018,Rice,838.6,3867.79,151.21,168.66,120.47,6.84,Loamy,5.36,46.89
Kerala,District B,2018,Maize,892.4,5647.21,267.12,266.03,39.74,6.46,Peaty,6.12,3.57
Kerala,District B,2018,Sugarcane,1270.3,4242.84,176.52,118.33,135.26,6.9,Sandy,4.08,26.67
Kerala,District B,2018,Cotton,1977.3,5600.11,111.6,242.68,39.86,5.58,Clay,3.42,81.93
Kerala,District B,2019,Wheat,1566.0,5917.24,384.61,154.56,145.81,8.5,Peaty,1.32,5.96
Kerala,District B,2019,Rice,1060.3,1849.15,338.66,211.81,87.22,7.73,Sandy,7.12,24.75
Kerala,District B,2019,Maize,1400.7,2659.1,233.38,160.38,115.25,6.85,Loamy,2.13,47.54
Kerala,District B,2019,Sugarcane,1626.5,3199.47,447.67,146.74,82.97,8.49,Silty,7.74,30.52
Kerala,District B,2019,Cotton,1927.2,4714.43,230.7,122.39,114.27,5.74,Sandy,2.58,77.47
Kerala,District B,2020,Wheat,1270.8,1547.55,369.41,155.92,111.95,6.14,Clay,9.81,7.34
Kerala,District B,2020,Rice,925.9,2593.49,199.42,144.68,167.26,8.24,Silty,6.45,8.91
Kerala,District B,2020,Maize,514.4,1576.92,263.02,107.02,48.32,7.35,Peaty,2.6,54.64
Kerala,District B,2020,Sugarcane,679.6,5704.06,216.7,269.58,70.95,7.92,Loamy,1.88,24.04
Kerala,District B,2020,Cotton,1109.8,5396.29,475.55,298.18,192.65,5.52,Silty,2.77,90.46
Kerala,District B,2021,Wheat,520.7,3953.86,269.22,181.27,119.62,6.67,Silty,9.79,96.17
Kerala,District B,2021,Rice,1968.6,5068.56,495.44,273.09,94.87,7.85,Sandy,9.59,15.59
Kerala,District B,2021,Maize,783.9,5136.07,204.33,249.81,68.88,5.6,Peaty,2.77,75.78
Kerala,District B,2021,Sugarcane,1461.8,5656.21,413.2,95.19,164.03,7.43,Peaty,8.49,57.38
Kerala,District B,2021,Cotton,1199.0,4364.88,219.18,95.65,130.99,6.2,Clay,4.68,39.59
Kerala,District B,2022,Wheat,1931.4,5625.07,193.31,245.2,132.09,5.96,Silty,4.21,96.38
Kerala,District B,2022,Rice,1904.2,5316.13,468.12,162.28,116.56,7.73,Sandy,4.62,48.04
Kerala,District B,2022,Maize,1961.4,3049.65,359.29,148.13,180.97,8.04,Silty,7.23,6.52
Kerala,District B,2022,Sugarcane,1944.8,3070.46,432.74,129.61,133.9,8.45,Peaty,6.88,7.61
Kerala,District B,2022,Cotton,1405.4,5690.51,440.15,66.92,198.81,7.6,Clay,3.51,28.9
Kerala,District B,2023,Wheat,1608.1,1633.17,252.38,151.88,107.32,7.51,Loamy,1.46,89.25
Kerala,District B,2023,Rice,840.5,3990.27,357.72,92.16,195.72,6.96,Loamy,6.75,19.07
Kerala,District B,2023,Maize,1869.3,3597.52,230.23,241.38,22.94,6.8,Peaty,1.69,70.59
Kerala,District B,2023,Sugarcane,1090.5,2727.01,101.35,229.96,170.09,6.69,Loamy,3.05,62.22
Kerala,District B,2023,Cotton,518.2,3698.9,357.68,279.55,88.64,7.8,Sandy,2.93,62.53
Kerala,District B,2024,Wheat,1269.4,3899.13,291.24,218.44,122.95,8.46,Clay,1.1,86.17
Kerala,District B,2024,Rice,1176.9,1518.11,260.66,96.7,132.39,7.54,Peaty,1.36,65.61
Kerala,District B,2024,Maize,1763.1,4741.46,431.98,100.13,180.0,6.47,Sandy,7.42,58.45
Kerala,District B,2024,Sugarcane,1853.8,5231.09,386.71,58.14,87.23,7.4,Sandy,8.43,29.13
Kerala,District B,2024,Cotton,1712.9,5641.22,271.0,141.26,164.4,7.09,Clay,6.61,15.29
Kerala,District C,2015,Wheat,1767.2,2380.99,472.91,112.64,152.1,6.35,Clay,4.21,12.42
Kerala,District C,2015,Rice,574.9,4001.42,108.3,75.86,82.56,5.63,Sandy,2.17,34.99
Kerala,District C,2015,Maize,1686.7,4318.64,278.16,72.96,131.45,5.99,Silty,1.62,86.45
Kerala,District C,2015,Sugarcane,928.2,4267.73,491.64,198.88,150.45,6.84,Sandy,4.29,54.28
Kerala,District C,2015,Cotton,1935.6,5544.33,288.13,223.96,124.48,7.58,Peaty,5.12,34.08
Kerala,District C,2016,Wheat,1201.7,2901.37,275.25,139.73,121.92,6.21,Sandy,6.16,16.64
Kerala,District C,2016,Rice,1841.5,2540.69,175.86,107.03,185.53,7.61,Sandy,4.39,90.92
Kerala,District C,2016,Maize,1684.1,4877.69,488.38,141.55,129.98,8.23,Peaty,1.49,77.6
Kerala,District C,2016,Sugarcane,1420.6,1812.79,303.43,70.61,152.47,7.14,Clay,7.05,48.88
Kerala,District C,2016,Cotton,633.9,3243.49,137.79,97.69,21.29,6.04,Silty,1.7,34.33
Kerala,District C,2017,Wheat,1530.7,3743.64,176.27,188.18,93.34,6.67,Peaty,1.24,5.81
Kerala,District C,2017,Rice,1784.4,5822.7,375.36,141.09,188.95,7.49,Peaty,6.83,23.14
Kerala,District C,2017,Maize,1337.7,5040.56,446.81,76.28,84.15,7.42,Silty,5.19,8.65
Kerala,District C,2017,Sugarcane,585.4,3184.47,285.53,202.28,21.17,8.47,Clay,1.55,90.43
Kerala,District C,2017,Cotton,1685.1,2530.61,256.9,117.16,197.19,8.06,Silty,8.1,45.63
Kerala,District C,2018,Wheat,808.2,2436.36,160.67,186.66,185.59,8.48,Loamy,4.74,30.0
Kerala,District C,2018,Rice,572.8,4849.26,398.44,217.68,135.85,6.23,Loamy,3.18,16.86
Kerala,District C,2018,Maize,1091.5,4950.03,475.52,156.83,159.35,6.91,Sandy,9.07,92.0
Kerala,District C,2018,Sugarcane,1861.6,3872.51,187.77,249.51,58.47,6.3,Loamy,5.63,32.18
Kerala,District C,2018,Cotton,731.2,3539.28,449.56,192.64,178.1,6.09,Loamy,9.64,10.0
Kerala,District C,2019,Wheat,1223.4,1723.26,299.82,113.06,183.99,6.7,Loamy,5.96,11.07
Kerala,District C,2019,Rice,933.3,2435.5,258.63,77.8,25.73,7.47,Clay,4.42,0.36
Kerala,District C,2019,Maize,1422.8,3414.37,150.81,124.09,122.54,7.47,Loamy,4.07,96.66
Kerala,District C,2019,Sugarcane,1391.2,5105.2,205.84,102.51,161.11,7.56,Sandy,5.29,98.73
Kerala,District C,2019,Cotton,1576.2,4458.63,328.18,299.34,196.48,7.11,Clay,7.32,99.99
Kerala,District C,2020,Wheat,1152.9,3426.42,437.04,251.38,151.59,6.89,Silty,7.46,33.69
Kerala,District C,2020,Rice,1437.2,3742.67,246.85,270.39,40.29,6.96,Peaty,4.67,2.61
Kerala,District C,2020,Maize,1348.1,1932.34,433.78,238.13,102.89,6.79,Sandy,2.84,41.57
Kerala,District C,2020,Sugarcane,1310.9,4097.88,341.0,210.03,68.92,6.7,Sandy,3.13,77.42
Kerala,District C,2020,Cotton,860.1,4780.96,200.76,148.82,196.97,6.23,Peaty,3.63,59.72
Kerala,District C,2021,Wheat,1576.0,3513.16,449.44,179.26,45.97,7.37,Clay,9.42,39.19
Kerala,District C,2021,Rice,1104.3,4428.48,310.79,143.61,198.16,6.41,Loamy,8.78,0.34
Kerala,District C,2021,Maize,801.9,4157.01,164.98,296.45,103.56,7.29,Clay,2.06,23.2
Kerala,District C,2021,Sugarcane,1855.6,2297.56,372.89,182.62,34.97,6.36,Clay,6.45,12.18
Kerala,District C,2021,Cotton,1322.9,1553.72,300.48,224.38,33.11,8.32,Loamy,4.89,41.86
Kerala,District C,2022,Wheat,566.4,4150.77,319.87,69.53,189.77,5.8,Silty,1.0,88.23
Kerala,District C,2022,Rice,529.6,4910.15,244.68,234.55,92.31,5.71,Sandy,8.93,53.77
Kerala,District C,2022,Maize,1785.6,2719.26,402.18,193.64,28.72,6.72,Loamy,8.06,92.27
Kerala,District C,2022,Sugarcane,1064.2,3778.13,245.25,114.27,155.19,6.52,Peaty,4.14,17.97
Kerala,District C,2022,Cotton,1310.0,4672.11,371.56,203.03,46.32,8.01,Clay,1.86,3.79
Kerala,District C,2023,Wheat,1185.2,5216.34,225.23,146.04,183.71,8.01,Sandy,6.89,45.42
Kerala,District C,2023,Rice,1832.3,4625.16,239.49,271.02,139.99,7.6,Clay,6.91,74.47
Kerala,District C,2023,Maize,1180.9,1875.53,408.58,61.95,149.22,8.23,Sandy,1.92,23.29
Kerala,District C,2023,Sugarcane,1343.4,5741.97,304.91,78.18,133.0,7.7,Clay,6.81,43.65
Kerala,District C,2023,Cotton,875.8,3005.01,236.62,289.83,163.75,6.88,Silty,9.42,69.09
Kerala,District C,2024,Wheat,831.1,4265.89,448.14,224.04,64.06,7.45,Sandy,3.49,56.87
Kerala,District C,2024,Rice,1177.5,3457.32,144.79,85.26,167.79,8.16,Clay,6.25,73.24
Kerala,District C,2024,Maize,1016.6,4489.17,459.71,231.64,147.98,6.65,Sandy,1.58,19.23
Kerala,District C,2024,Sugarcane,602.8,5405.97,417.03,193.66,35.06,6.32,Silty,7.85,18.19
Kerala,District C,2024,Cotton,754.4,5382.6,299.26,111.48,143.97,8.18,Clay,4.13,48.32
Madhya Pradesh,District A,2015,Wheat,1628.4,1803.76,186.87,165.65,128.76,6.52,Sandy,6.3,72.19
Madhya Pradesh,District A,2015,Rice,1660.3,2174.17,277.66,94.22,139.18,5.97,Silty,2.25,11.53
Madhya Pradesh,District A,2015,Maize,949.9,5979.07,230.6,284.11,90.61,6.82,Sandy,6.07,7.69
Madhya Pradesh,District A,2015,Sugarcane,1699.8,5663.98,449.78,135.44,78.64,5.61,Silty,2.47,83.03
Madhya Pradesh,District A,2015,Cotton,986.9,3385.76,372.99,138.35,133.16,8.16,Clay,5.53,31.41
Madhya Pradesh,District A,2016,Wheat,770.7,4875.38,181.78,221.9,82.87,7.04,Peaty,4.09,56.21
Madhya Pradesh,District A,2016,Rice,1389.0,3687.93,395.51,234.31,96.97,5.87,Silty,1.37,7.15
Madhya Pradesh,District A,2016,Maize,987.6,2547.51,205.97,105.32,55.25,5.89,Sandy,6.63,24.7
Madhya Pradesh,District A,2016,Sugarcane,865.5,5806.39,284.71,57.36,81.17,7.25,Silty,4.67,26.28
Madhya Pradesh,District A,2016,Cotton,1363.6,5199.82,411.46,272.5,187.06,6.21,Peaty,1.13,87.93
Madhya Pradesh,District A,2017,Wheat,731.9,5376.64,231.75,142.03,27.04,6.48,Loamy,2.29,13.48
Madhya Pradesh,District A,2017,Rice,884.5,5880.78,252.05,191.5,146.77,7.73,Clay,3.46,58.93
Madhya Pradesh,District A,2017,Maize,713.2,2667.26,318.5,109.38,142.24,6.97,Peaty,9.53,11.58
Madhya Pradesh,District A,2017,Sugarcane,1002.0,2937.97,160.47,252.58,156.78,6.95,Loamy,9.82,91.84
Madhya Pradesh,District A,2017,Cotton,1574.9,3416.88,176.07,105.37,99.75,7.8,Sandy,5.39,38.12
Madhya Pradesh,District A,2018,Wheat,1578.3,5477.44,102.09,283.4,112.07,7.6,Peaty,3.64,32.28
Madhya Pradesh,District A,2018,Rice,598.9,4267.71,439.7,138.23,63.24,8.37,Peaty,5.73,33.14
Madhya Pradesh,District A,2018,Maize,1970.0,2938.63,397.67,183.0,129.53,6.68,Loamy,8.4,94.68
Madhya Pradesh,District A,2018,Sugarcane,660.0,4340.24,327.34,272.58,155.22,8.4,Clay,1.0,47.23
Madhya Pradesh,District A,2018,Cotton,543.9,5885.4,188.83,168.17,31.0,7.07,Silty,8.71,60.83
Madhya Pradesh,District A,2019,Wheat,1510.5,2812.53,282.92,153.08,62.42,8.0,Peaty,1.34,81.99
Madhya Pradesh,District A,2019,Rice,659.1,3316.63,328.5,51.91,137.52,7.48,Clay,3.28,87.57
Madhya Pradesh,District A,2019,Maize,1189.7,2445.83,446.17,154.45,155.06,7.14,Silty,8.29,58.45
Madhya Pradesh,District A,2019,Sugarcane,1085.8,1993.19,458.18,58.87,175.37,6.58,Clay,7.26,25.55
Madhya Pradesh,District A,2019,Cotton,1593.1,5981.39,418.83,135.46,182.11,5.65,Sandy,7.86,35.4
Madhya Pradesh,District A,2020,Wheat,1995.1,3455.26,109.79,140.65,43.0,5.86,Loamy,4.92,55.93
Madhya Pradesh,District A,2020,Rice,1443.0,5706.76,202.7,202.81,78.45,6.15,Silty,9.68,87.56
Madhya Pradesh,District A,2020,Maize,1813.9,2292.3,205.96,69.1,160.12,5.71,Sandy,2.13,14.4
Madhya Pradesh,District A,2020,Sugarcane,1836.3,5946.04,215.58,85.9,106.8,7.63,Loamy,9.52,28.13
Madhya Pradesh,District A,2020,Cotton,1393.0,4605.59,257.17,269.93,196.36,6.98,Clay,2.37,52.79
Madhya Pradesh,District A,2021,Wheat,1391.4,4059.54,146.62,192.5,50.31,7.49,Loamy,1.42,15.85
Madhya Pradesh,District A,2021,Rice,1096.9,2534.66,235.16,299.54,168.57,8.15,Silty,9.36,24.95
Madhya Pradesh,District A,2021,Maize,974.9,5833.68,424.06,53.52,183.1,6.18,Silty,5.98,53.68
Madhya Pradesh,District A,2021,Sugarcane,1576.9,2432.32,163.61,212.98,72.3,8.42,Loamy,2.85,47.69
Madhya Pradesh,District A,2021,Cotton,1147.3,4384.01,477.88,78.1,101.33,6.08,Clay,9.68,47.87
Madhya Pradesh,District A,2022,Wheat,656.0,5033.83,378.86,138.67,179.73,8.43,Clay,2.68,92.68
Madhya Pradesh,District A,2022,Rice,1558.5,2183.85,257.4,64.07,97.88,7.83,Sandy,5.88,60.17
Madhya Pradesh,District A,2022,Maize,1412.9,3246.81,268.49,258.56,105.72,8.46,Loamy,8.21,53.87
Madhya Pradesh,District A,2022,Sugarcane,950.2,2702.33,187.05,255.93,124.73,7.63,Silty,9.88,24.95
Madhya Pradesh,District A,2022,Cotton,771.4,3578.99,114.03,247.93,179.08,7.56,Peaty,3.81,90.95
Madhya Pradesh,District A,2023,Wheat,1506.5,4405.58,323.76,61.44,187.75,7.38,Silty,9.11,77.49
Madhya Pradesh,District A,2023,Rice,1309.6,2169.1,239.46,195.94,176.71,6.31,Silty,9.96,7.56
Madhya Pradesh,District A,2023,Maize,1904.7,2802.52,375.71,134.53,194.2,5.8,Clay,4.85,32.6
Madhya Pradesh,District A,2023,Sugarcane,1468.3,2089.75,386.66,295.15,164.82,8.08,Sandy,3.92,51.7
Madhya Pradesh,District A,2023,Cotton,568.6,5754.11,157.51,275.75,35.04,7.97,Loamy,9.68,60.83
Madhya Pradesh,District A,2024,Wheat,1000.7,5219.92,216.58,91.19,147.13,7.42,Silty,7.61,50.1
Madhya Pradesh,District A,2024,Rice,1406.5,2862.48,180.14,185.64,99.24,6.67,Sandy,8.68,31.75
Madhya Pradesh,District A,2024,Maize,1397.3,3254.53,260.93,233.12,85.07,7.58,Sandy,3.92,31.9
Madhya Pradesh,District A,2024,Sugarcane,1623.3,2915.51,353.33,222.13,138.52,7.31,Loamy,8.04,95.58
Madhya Pradesh,District A,2024,Cotton,1370.3,4568.99,234.99,145.38,152.24,8.28,Peaty,3.44,74.25
Madhya Pradesh,District B,2015,Wheat,624.1,3855.17,453.59,187.93,130.93,8.22,Clay,8.27,46.38
Madhya Pradesh,District B,2015,Rice,771.2,4410.49,497.11,205.65,26.44,5.55,Loamy,2.76,81.31
Madhya Pradesh,District B,2015,Maize,1767.2,2663.78,230.26,109.06,183.51,7.01,Loamy,3.82,70.15
Madhya Pradesh,District B,2015,Sugarcane,1081.9,1500.79,165.04,270.65,60.08,5.84,Loamy,4.74,62.87
Madhya Pradesh,District B,2015,Cotton,1871.8,1662.83,197.46,98.43,110.41,6.79,Clay,5.46,1.28
Madhya Pradesh,District B,2016,Wheat,1926.0,5085.08,176.8,121.89,196.91,6.62,Clay,1.06,70.68
Madhya Pradesh,District B,2016,Rice,1906.2,2341.21,354.78,236.61,186.97,7.44,Silty,4.1,34.99
Madhya Pradesh,District B,2016,Maize,1314.5,3225.76,100.57,232.94,155.31,7.74,Loamy,5.7,36.0
Madhya Pradesh,District B,2016,Sugarcane,524.1,4031.02,149.5,70.01,155.99,5.53,Sandy,4.91,31.1
Madhya Pradesh,District B,2016,Cotton,1874.1,3330.61,207.86,74.42,162.8,7.98,Silty,4.23,74.99
Madhya Pradesh,District B,2017,Wheat,1919.6,3200.18,448.82,148.43,52.31,5.51,Silty,7.81,41.33
Madhya Pradesh,District B,2017,Rice,1130.3,1897.27,180.78,88.67,106.7,7.09,Peaty,4.86,12.21
Madhya Pradesh,District B,2017,Maize,1185.3,2100.04,309.34,233.66,119.6,6.24,Clay,4.11,1.76
Madhya Pradesh,District B,2017,Sugarcane,877.1,2891.97,346.74,93.15,94.35,6.95,Silty,3.53,90.86
Madhya Pradesh,District B,2017,Cotton,1115.9,3236.65,380.37,52.47,80.86,6.41,Clay,3.15,19.92
Madhya Pradesh,District B,2018,Wheat,1244.4,5551.25,228.94,213.0,147.47,7.84,Sandy,5.55,65.04
Madhya Pradesh,District B,2018,Rice,1934.4,4941.77,262.1,237.07,190.94,7.0,Silty,7.43,52.14
Madhya Pradesh,District B,2018,Maize,1524.9,2712.47,339.49,160.98,127.45,6.37,Loamy,8.25,25.99
Madhya Pradesh,District B,2018,Sugarcane,950.9,4475.19,378.23,226.02,142.89,6.68,Silty,1.64,49.99
Madhya Pradesh,District B,2018,Cotton,1810.9,2970.81,151.31,67.11,100.55,5.99,Clay,4.68,84.67
Madhya Pradesh,District B,2019,Wheat,737.1,1597.39,413.96,68.7,197.93,7.52,Loamy,3.21,67.39
Madhya Pradesh,District B,2019,Rice,564.8,5270.22,167.85,224.34,60.41,5.71,Peaty,6.23,52.45
Madhya Pradesh,District B,2019,Maize,1724.7,4872.01,260.13,70.68,158.33,6.01,Clay,2.61,8.22
Madhya Pradesh,District B,2019,Sugarcane,992.5,3409.7,317.06,143.11,162.18,5.62,Peaty,1.01,37.97
Madhya Pradesh,District B,2019,Cotton,1606.6,2175.11,301.92,103.08,33.43,7.35,Loamy,4.56,31.63
Madhya Pradesh,District B,2020,Wheat,645.6,3446.97,235.25,80.65,73.3,8.16,Loamy,5.24,80.08
Madhya Pradesh,District B,2020,Rice,1191.0,1782.83,462.22,186.2,186.41,7.22,Loamy,2.05,87.98
Madhya Pradesh,District B,2020,Maize,1160.5,4313.44,296.16,268.14,118.45,6.94,Sandy,2.0,17.77
Madhya Pradesh,District B,2020,Sugarcane,1680.7,5261.33,318.08,188.61,133.75,6.82,Clay,9.29,88.41
Madhya Pradesh,District B,2020,Cotton,647.0,4354.34,423.24,258.89,124.02,5.55,Loamy,6.52,81.37
Madhya Pradesh,District B,2021,Wheat,539.4,3527.79,403.42,186.54,137.27,7.05,Peaty,8.63,52.74
Madhya Pradesh,District B,2021,Rice,986.7,3856.88,145.63,82.5,144.94,8.25,Clay,1.67,40.29
Madhya Pradesh,District B,2021,Maize,503.8,3800.43,177.28,267.04,38.78,5.5,Sandy,9.18,52.39
Madhya Pradesh,District B,2021,Sugarcane,1412.0,5984.35,219.53,131.15,52.9,8.19,Sandy,1.95,98.18
Madhya Pradesh,District B,2021,Cotton,1596.4,5327.35,119.26,176.24,145.75,7.13,Loamy,3.01,60.52
Madhya Pradesh,District B,2022,Wheat,645.1,3598.4,274.48,263.13,132.57,7.42,Silty,8.25,65.31
Madhya Pradesh,District B,2022,Rice,1155.1,4434.51,121.11,95.07,132.85,7.42,Loamy,1.52,4.47
Madhya Pradesh,District B,2022,Maize,807.4,2548.11,266.02,103.71,133.56,6.13,Silty,2.81,52.32
Madhya Pradesh,District B,2022,Sugarcane,1019.3,3866.52,192.85,61.9,123.06,6.51,Peaty,6.15,69.74
Madhya Pradesh,District B,2022,Cotton,1510.5,2646.68,411.86,113.99,47.06,6.55,Sandy,5.43,73.33
Madhya Pradesh,District B,2023,Wheat,1350.0,2722.2,158.22,201.53,108.05,5.79,Silty,5.63,82.69
Madhya Pradesh,District B,2023,Rice,614.2,3068.23,429.06,212.11,72.19,8.04,Loamy,6.58,59.62
Madhya Pradesh,District B,2023,Maize,1791.6,2470.61,170.26,113.34,180.48,8.32,Peaty,5.51,60.54
Madhya Pradesh,District B,2023,Sugarcane,1424.5,2266.37,374.56,163.09,113.13,5.59,Clay,2.31,86.9
Madhya Pradesh,District B,2023,Cotton,1465.0,2532.38,163.09,206.91,182.15,7.66,Silty,6.29,31.08
Madhya Pradesh,District B,2024,Wheat,1998.7,4869.78,345.75,155.81,131.27,6.52,Loamy,2.54,82.96
Madhya Pradesh,District B,2024,Rice,1327.4,5930.07,387.53,71.1,91.09,7.05,Clay,6.19,54.47
Madhya Pradesh,District B,2024,Maize,1237.1,4728.92,226.62,245.52,51.56,7.85,Sandy,1.52,87.31
Madhya Pradesh,District B,2024,Sugarcane,933.4,2806.44,182.49,168.85,112.56,6.12,Clay,1.69,92.08
Madhya Pradesh,District B,2024,Cotton,1960.4,4226.78,292.5,235.35,79.1,6.98,Silty,3.92,92.68
Madhya Pradesh,District C,2015,Wheat,1183.0,2696.45,263.29,223.02,172.27,6.57,Loamy,7.86,73.56
Madhya Pradesh,District C,2015,Rice,1721.6,1644.83,119.09,247.35,115.95,7.23,Peaty,9.11,32.03
Madhya Pradesh,District C,2015,Maize,1191.1,2532.3,173.36,244.47,56.12,7.88,Loamy,5.65,90.51
Madhya Pradesh,District C,2015,Sugarcane,1684.9,5590.83,187.3,181.09,171.64,5.83,Sandy,8.89,80.64
Madhya Pradesh,District C,2015,Cotton,872.5,3177.39,397.97,172.34,47.69,6.23,Loamy,9.09,51.93
Madhya Pradesh,District C,2016,Wheat,1258.8,1780.13,468.85,94.28,115.1,7.91,Loamy,5.75,24.07
Madhya Pradesh,District C,2016,Rice,1639.5,4039.54,442.39,273.64,136.77,7.68,Loamy,9.81,13.02
Madhya Pradesh,District C,2016,Maize,655.9,3357.23,485.47,150.08,85.48,7.61,Loamy,5.49,49.43
Madhya Pradesh,District C,2016,Sugarcane,1382.7,3132.69,345.24,269.55,191.98,7.25,Silty,1.68,44.9
Madhya Pradesh,District C,2016,Cotton,642.3,4197.58,212.42,121.82,33.82,6.43,Loamy,6.26,6.67
Madhya Pradesh,District C,2017,Wheat,1477.2,3699.94,314.76,258.2,81.6,6.02,Loamy,9.51,51.79
Madhya Pradesh,District C,2017,Rice,1747.9,4906.64,307.33,211.89,93.2,7.09,Silty,5.7,81.74
Madhya Pradesh,District C,2017,Maize,809.7,3873.48,181.6,80.17,111.98,5.74,Silty,1.28,10.67
Madhya Pradesh,District C,2017,Sugarcane,1325.0,4161.33,111.59,193.34,170.93,7.67,Sandy,6.36,9.36
Madhya Pradesh,District C,2017,Cotton,803.4,2894.56,396.33,56.18,182.56,5.71,Peaty,8.26,66.25
Madhya Pradesh,District C,2018,Wheat,991.6,3191.82,458.82,54.28,145.79,8.36,Loamy,4.79,89.24
Madhya Pradesh,District C,2018,Rice,677.0,4689.08,239.28,75.33,89.6,8.14,Loamy,4.54,88.64
Madhya Pradesh,District C,2018,Maize,1264.5,4726.57,118.15,189.33,32.63,6.31,Silty,1.14,85.3
Madhya Pradesh,District C,2018,Sugarcane,1281.5,4295.86,136.55,158.15,60.91,6.26,Silty,9.89,76.32
Madhya Pradesh,District C,2018,Cotton,1360.7,4904.74,209.29,120.9,137.78,8.12,Silty,4.07,79.66
Madhya Pradesh,District C,2019,Wheat,1777.3,4304.28,239.04,204.77,125.2,7.32,Peaty,8.76,28.55
Madhya Pradesh,District C,2019,Rice,735.6,3520.9,242.33,220.56,193.96,6.59,Peaty,9.08,3.79
Madhya Pradesh,District C,2019,Maize,1929.1,4490.61,476.68,99.91,27.33,6.96,Loamy,8.98,76.58
Madhya Pradesh,District C,2019,Sugarcane,795.4,4292.11,417.87,272.4,104.3,8.19,Loamy,9.32,16.7
Madhya Pradesh,District C,2019,Cotton,901.0,1784.51,418.18,205.44,76.69,5.99,Loamy,4.38,36.87
Madhya Pradesh,District C,2020,Wheat,791.8,3513.35,349.85,84.79,195.11,6.83,Silty,2.21,76.72
Madhya Pradesh,District C,2020,Rice,1426.5,5190.29,340.27,290.71,132.85,7.85,Silty,6.79,97.22
Madhya Pradesh,District C,2020,Maize,1967.3,3620.5,165.1,100.52,180.13,8.24,Silty,7.9,73.99
Madhya Pradesh,District C,2020,Sugarcane,1492.7,5222.75,374.16,183.5,62.65,7.73,Clay,9.73,6.08
Madhya Pradesh,District C,2020,Cotton,662.2,3777.38,310.84,59.98,168.65,6.98,Clay,3.87,86.14
Madhya Pradesh,District C,2021,Wheat,795.1,2221.88,185.27,206.26,165.97,6.49,Peaty,9.01,96.71
Madhya Pradesh,District C,2021,Rice,605.7,3620.83,319.33,73.23,87.95,6.45,Loamy,6.95,70.35
Madhya Pradesh,District C,2021,Maize,705.1,5158.26,371.42,272.27,100.88,8.18,Silty,6.97,52.33
Madhya Pradesh,District C,2021,Sugarcane,1731.5,2851.84,426.19,156.37,37.41,8.43,Loamy,7.04,36.24
Madhya Pradesh,District C,2021,Cotton,1621.3,5416.2,254.87,214.25,156.28,6.07,Sandy,3.85,85.38
Madhya Pradesh,District C,2022,Wheat,1703.9,4476.31,229.95,179.08,100.07,6.52,Clay,8.06,2.17
Madhya Pradesh,District C,2022,Rice,859.2,3943.24,387.05,270.13,135.39,6.64,Clay,7.84,20.68
Madhya Pradesh,District C,2022,Maize,1543.1,2315.45,136.42,112.78,71.29,7.44,Silty,1.28,51.33
Madhya Pradesh,District C,2022,Sugarcane,626.8,3612.27,473.18,229.94,33.93,6.17,Sandy,4.93,2.4
Madhya Pradesh,District C,2022,Cotton,1886.6,1547.55,331.15,290.45,62.77,6.26,Peaty,4.19,55.44
Madhya Pradesh,District C,2023,Wheat,1423.1,2947.13,328.1,109.16,45.81,6.62,Silty,3.74,43.73
Madhya Pradesh,District C,2023,Rice,598.7,5752.09,347.65,232.81,141.79,7.5,Silty,3.31,52.92
Madhya Pradesh,District C,2023,Maize,1940.7,1903.36,373.22,290.57,74.1,8.08,Loamy,6.81,49.99
Madhya Pradesh,District C,2023,Sugarcane,1446.9,2121.14,115.47,84.23,71.45,6.26,Silty,5.1,3.88
Madhya Pradesh,District C,2023,Cotton,552.3,1907.65,241.23,51.55,108.92,6.58,Clay,6.86,39.84
Madhya Pradesh,District C,2024,Wheat,625.2,2808.17,317.49,118.91,59.82,7.08,Silty,8.2,48.44
Madhya Pradesh,District C,2024,Rice,1360.8,2163.22,229.83,152.52,165.48,7.81,Sandy,2.87,93.92
Madhya Pradesh,District C,2024,Maize,1545.9,1728.75,217.2,62.55,169.4,8.22,Silty,6.73,84.93
Madhya Pradesh,District C,2024,Sugarcane,1504.8,4798.2,193.67,142.82,46.51,7.02,Silty,9.97,61.12
Madhya Pradesh,District C,2024,Cotton,1679.7,3003.07,432.62,203.77,145.46,6.38,Loamy,4.84,3.96
Maharashtra,District A,2015,Wheat,1947.5,4322.82,161.08,93.11,122.57,6.57,Peaty,3.44,42.74
Maharashtra,District A,2015,Rice,857.6,1518.89,175.22,51.02,149.57,6.78,Peaty,7.29,37.29
Maharashtra,District A,2015,Maize,1219.2,2386.66,372.1,105.36,20.23,8.3,Clay,4.68,99.18
Maharashtra,District A,2015,Sugarcane,501.3,2387.43,175.36,229.28,83.45,6.87,Loamy,2.06,40.48
Maharashtra,District A,2015,Cotton,926.0,1617.25,454.29,271.5,57.65,5.99,Peaty,4.43,9.82
Maharashtra,District A,2016,Wheat,1285.8,3815.26,287.24,235.13,169.85,7.75,Sandy,6.6,8.03
Maharashtra,District A,2016,Rice,1541.9,3218.28,153.0,265.51,130.52,6.56,Silty,3.16,19.46
Maharashtra,District A,2016,Maize,1761.8,2266.49,324.74,69.33,190.91,7.31,Loamy,1.82,58.29
Maharashtra,District A,2016,Sugarcane,1417.6,4779.19,404.48,242.69,139.42,6.15,Silty,7.99,95.34
Maharashtra,District A,2016,Cotton,618.4,3909.92,225.01,106.35,111.05,7.32,Clay,7.29,49.15
Maharashtra,District A,2017,Wheat,1828.2,2548.12,280.34,74.17,80.33,7.02,Clay,2.78,21.81
Maharashtra,District A,2017,Rice,1447.4,3221.06,292.84,259.03,109.83,7.46,Loamy,9.09,17.72
Maharashtra,District A,2017,Maize,938.5,3981.02,227.68,156.06,108.64,8.07,Sandy,4.26,24.77
Maharashtra,District A,2017,Sugarcane,1113.0,3820.81,398.45,80.26,59.89,6.64,Sandy,4.53,79.35
Maharashtra,District A,2017,Cotton,986.2,3758.54,349.56,108.04,149.37,7.14,Loamy,6.54,23.95
Maharashtra,District A,2018,Wheat,1199.9,2400.22,323.28,116.25,26.62,7.95,Peaty,4.31,47.72
Maharashtra,District A,2018,Rice,1148.7,4765.5,338.71,123.84,29.31,7.8,Loamy,1.01,28.24
Maharashtra,District A,2018,Maize,1376.1,4179.52,410.86,176.48,111.69,7.68,Sandy,6.26,14.68
Maharashtra,District A,2018,Sugarcane,1547.8,2152.69,105.85,206.2,41.04,7.81,Sandy,3.43,78.62
Maharashtra,District A,2018,Cotton,904.6,4798.64,344.1,92.5,182.92,6.1,Peaty,3.37,19.99
Maharashtra,District A,2019,Wheat,521.0,4795.66,377.37,248.09,66.21,6.83,Sandy,4.96,69.73
Maharashtra,District A,2019,Rice,1451.0,2015.92,412.42,230.17,138.05,5.97,Sandy,5.22,88.15
Maharashtra,District A,2019,Maize,1727.9,4333.06,386.59,60.7,153.92,6.96,Peaty,2.72,79.5
Maharashtra,District A,2019,Sugarcane,1950.0,4771.92,497.14,212.76,59.14,6.11,Sandy,8.4,11.47
Maharashtra,District A,2019,Cotton,1753.4,4377.93,236.81,79.45,36.47,6.51,Silty,7.49,75.51
Maharashtra,District A,2020,Wheat,831.5,3754.49,240.08,242.98,132.05,6.93,Sandy,3.12,75.36
Maharashtra,District A,2020,Rice,1798.1,5453.8,413.47,152.0,196.73,6.64,Clay,2.0,22.0
Maharashtra,District A,2020,Maize,1392.6,5894.97,279.67,221.79,117.1,7.0,Sandy,3.63,48.97
Maharashtra,District A,2020,Sugarcane,665.7,3622.14,197.53,137.27,49.27,6.19,Sandy,2.27,38.73
Maharashtra,District A,2020,Cotton,1170.5,5933.07,240.58,211.14,44.73,5.7,Silty,9.78,37.12
Maharashtra,District A,2021,Wheat,533.8,2164.4,110.54,297.48,70.2,8.27,Loamy,3.51,86.26
Maharashtra,District A,2021,Rice,1979.1,2644.57,422.5,237.54,154.49,8.37,Sandy,7.24,89.65
Maharashtra,District A,2021,Maize,720.3,2533.81,142.93,84.91,112.27,6.46,Sandy,1.65,0.65
Maharashtra,District A,2021,Sugarcane,1293.3,3378.72,418.41,185.66,188.61,6.09,Peaty,1.58,38.82
Maharashtra,District A,2021,Cotton,718.6,2534.95,347.24,66.86,103.65,7.33,Clay,9.65,32.56
Maharashtra,District A,2022,Wheat,1975.3,2424.4,141.13,128.14,179.41,7.07,Clay,1.2,36.0
Maharashtra,District A,2022,Rice,1834.2,4606.77,158.17,197.79,180.6,7.6,Loamy,3.98,99.63
Maharashtra,District A,2022,Maize,1033.4,3428.71,423.65,72.16,89.57,5.76,Silty,1.49,26.58
Maharashtra,District A,2022,Sugarcane,1272.5,3659.67,341.88,169.86,188.19,6.22,Loamy,8.65,81.21
Maharashtra,District A,2022,Cotton,774.1,4172.44,332.87,181.99,106.55,5.77,Loamy,2.26,40.08
Maharashtra,District A,2023,Wheat,612.9,3953.45,367.9,285.31,153.08,7.12,Sandy,2.25,39.34
Maharashtra,District A,2023,Rice,1549.5,1716.11,233.82,223.77,162.57,6.07,Clay,9.14,88.39
Maharashtra,District A,2023,Maize,1263.1,4394.23,257.7,167.04,183.13,8.29,Sandy,5.44,69.4
Maharashtra,District A,2023,Sugarcane,1928.2,2828.88,198.55,200.45,43.54,7.25,Peaty,5.42,62.04
Maharashtra,District A,2023,Cotton,605.2,2431.29,234.15,142.15,141.7,7.09,Loamy,7.61,92.13
Maharashtra,District A,2024,Wheat,877.5,3098.56,161.58,222.68,192.83,7.42,Sandy,8.74,94.26
Maharashtra,District A,2024,Rice,1315.1,2177.96,451.45,60.17,165.32,7.54,Silty,9.34,98.99
Maharashtra,District A,2024,Maize,1371.9,1989.97,283.65,246.9,24.99,5.67,Sandy,7.58,50.12
Maharashtra,District A,2024,Sugarcane,1053.3,1975.28,392.9,130.25,67.76,7.46,Clay,9.52,87.2
Maharashtra,District A,2024,Cotton,876.0,5361.8,299.06,198.73,171.31,5.59,Silty,2.05,83.84
Maharashtra,District B,2015,Wheat,1664.9,2972.66,363.28,81.04,111.27,5.56,Silty,7.64,45.5
Maharashtra,District B,2015,Rice,1979.4,4109.52,353.03,142.04,152.21,6.98,Loamy,7.44,36.95
Maharashtra,District B,2015,Maize,1134.9,4037.51,480.27,77.22,25.92,7.32,Loamy,9.35,20.05
Maharashtra,District B,2015,Sugarcane,895.7,4652.69,480.69,227.47,100.08,6.01,Peaty,5.47,46.19
Maharashtra,District B,2015,Cotton,1459.4,3550.68,283.11,54.08,51.33,6.97,Loamy,2.85,57.52
Maharashtra,District B,2016,Wheat,723.5,2681.37,244.54,85.92,28.27,8.13,Clay,4.13,99.48
Maharashtra,District B,2016,Rice,953.6,2574.32,327.16,258.78,54.65,7.63,Silty,1.73,91.42
Maharashtra,District B,2016,Maize,1236.2,3516.41,489.32,297.6,137.03,5.88,Silty,8.9,15.17
Maharashtra,District B,2016,Sugarcane,1643.1,4563.14,317.17,252.65,136.69,8.13,Silty,6.31,87.06
Maharashtra,District B,2016,Cotton,822.2,3685.84,484.3,168.4,65.51,6.55,Loamy,9.59,95.01
Maharashtra,District B,2017,Wheat,1548.4,3793.21,173.08,80.81,30.76,5.55,Silty,6.11,99.87
Maharashtra,District B,2017,Rice,1929.6,4447.99,285.83,88.04,112.81,5.97,Peaty,4.76,97.24
Maharashtra,District B,2017,Maize,1603.6,1569.75,451.99,75.2,45.29,7.7,Sandy,8.54,47.03
Maharashtra,District B,2017,Sugarcane,1152.5,2827.33,409.53,270.17,67.0,5.79,Sandy,8.14,43.58
Maharashtra,District B,2017,Cotton,697.9,3031.3,305.69,263.01,135.51,6.03,Silty,5.32,59.9
Maharashtra,District B,2018,Wheat,770.6,3658.26,363.24,158.18,142.3,6.85,Silty,8.22,62.94
Maharashtra,District B,2018,Rice,1682.0,4635.52,177.25,63.09,182.61,8.34,Silty,7.52,27.01
Maharashtra,District B,2018,Maize,1313.7,5965.08,442.46,126.1,74.19,6.95,Clay,7.52,61.2
Maharashtra,District B,2018,Sugarcane,679.7,2234.95,356.29,253.35,82.91,7.29,Silty,8.02,49.24
Maharashtra,District B,2018,Cotton,1927.3,2358.14,466.25,114.63,38.49,6.82,Loamy,2.67,97.19
Maharashtra,District B,2019,Wheat,1576.0,5253.19,105.25,138.62,153.71,5.73,Sandy,4.15,99.45
Maharashtra,District B,2019,Rice,1345.7,5210.08,390.05,263.2,51.28,6.17,Peaty,9.74,12.76
Maharashtra,District B,2019,Maize,762.6,2252.55,334.4,279.39,65.92,7.16,Clay,9.49,26.6
Maharashtra,District B,2019,Sugarcane,839.5,5808.71,283.45,102.07,147.26,6.35,Silty,9.17,81.36
Maharashtra,District B,2019,Cotton,1960.9,3337.13,232.47,57.05,100.98,7.45,Sandy,3.07,81.73
Maharashtra,District B,2020,Wheat,852.4,4545.45,272.27,78.67,148.57,6.15,Sandy,9.57,36.56
Maharashtra,District B,2020,Rice,1064.3,4844.75,282.52,57.15,185.58,6.79,Sandy,4.86,78.82
Maharashtra,District B,2020,Maize,1572.9,5373.58,103.83,291.6,81.45,8.47,Clay,5.24,35.39
Maharashtra,District B,2020,Sugarcane,1033.6,5290.27,398.57,298.04,130.43,6.89,Silty,3.13,53.96
Maharashtra,District B,2020,Cotton,738.4,3736.5,136.05,285.43,134.85,8.06,Clay,2.37,79.22
Maharashtra,District B,2021,Wheat,593.1,1867.34,219.4,178.55,93.13,5.63,Sandy,5.29,10.29
Maharashtra,District B,2021,Rice,511.7,1748.18,177.01,164.15,23.78,5.97,Sandy,2.07,16.31
Maharashtra,District B,2021,Maize,1000.3,5618.14,410.19,131.03,35.77,7.35,Silty,9.47,62.57
Maharashtra,District B,2021,Sugarcane,722.6,4558.69,141.96,268.03,113.0,6.66,Silty,4.43,90.32
Maharashtra,District B,2021,Cotton,531.5,3635.92,472.46,148.71,97.07,7.24,Loamy,2.07,93.49
Maharashtra,District B,2022,Wheat,943.7,2588.16,114.25,118.9,144.83,6.78,Clay,3.42,88.21
Maharashtra,District B,2022,Rice,582.4,5734.3,324.3,214.69,86.18,7.85,Loamy,1.44,39.55
Maharashtra,District B,2022,Maize,1780.5,4897.17,306.86,193.03,43.38,8.02,Sandy,7.08,76.68
Maharashtra,District B,2022,Sugarcane,1565.1,4816.58,141.85,223.36,52.71,5.79,Silty,4.55,30.67
Maharashtra,District B,2022,Cotton,1110.5,4082.6,271.25,115.89,156.97,7.09,Loamy,6.85,57.0
Maharashtra,District B,2023,Wheat,1555.4,2941.16,469.71,78.82,77.25,5.59,Silty,4.9,35.9
Maharashtra,District B,2023,Rice,1308.6,5085.48,436.97,150.31,97.37,5.94,Clay,1.32,14.89
Maharashtra,District B,2023,Maize,1549.1,3150.22,280.83,89.24,142.79,7.75,Loamy,1.4,8.09
Maharashtra,District B,2023,Sugarcane,1485.6,2109.8,297.57,88.16,50.63,5.51,Peaty,7.38,3.29
Maharashtra,District B,2023,Cotton,944.3,5419.14,107.33,186.31,151.01,7.37,Sandy,3.14,18.95
Maharashtra,District B,2024,Wheat,1414.6,4176.95,304.04,51.09,119.94,8.3,Sandy,3.45,34.21
Maharashtra,District B,2024,Rice,1896.1,4103.3,171.58,215.92,198.34,7.97,Peaty,1.22,25.36
Maharashtra,District B,2024,Maize,966.0,5941.9,218.23,274.14,74.85,5.79,Clay,7.44,95.71
Maharashtra,District B,2024,Sugarcane,1536.5,5491.2,281.21,242.91,171.75,7.63,Silty,7.0,26.48
Maharashtra,District B,2024,Cotton,1112.2,4166.77,114.37,170.71,174.75,6.98,Loamy,2.82,79.43
Maharashtra,District C,2015,Wheat,1038.3,5804.64,497.49,279.0,35.28,6.5,Silty,1.28,93.44
Maharashtra,District C,2015,Rice,721.6,5143.44,429.28,227.18,43.63,7.5,Clay,4.83,41.35
Maharashtra,District C,2015,Maize,1164.3,1870.22,456.81,267.3,199.62,7.26,Peaty,7.63,79.4
Maharashtra,District C,2015,Sugarcane,1034.9,4952.33,491.37,224.6,95.02,7.65,Sandy,1.57,84.6
Maharashtra,District C,2015,Cotton,1411.2,3212.0,122.61,219.42,79.08,6.9,Sandy,9.21,82.54
Maharashtra,District C,2016,Wheat,1175.9,3245.02,195.91,143.11,39.99,8.41,Silty,4.18,54.7
Maharashtra,District C,2016,Rice,1299.3,1659.77,480.34,118.84,22.91,5.73,Clay,7.4,53.63
Maharashtra,District C,2016,Maize,1847.1,5147.62,228.99,176.45,155.09,6.08,Sandy,5.55,8.52
Maharashtra,District C,2016,Sugarcane,569.8,3839.26,199.16,73.84,96.3,8.25,Sandy,1.71,58.26
Maharashtra,District C,2016,Cotton,1460.0,1503.86,491.97,151.64,113.12,6.08,Peaty,5.21,72.37
Maharashtra,District C,2017,Wheat,1242.6,3443.7,264.12,176.16,86.04,7.75,Loamy,1.57,94.25
Maharashtra,District C,2017,Rice,1976.8,1927.4,234.08,78.61,170.16,6.99,Peaty,4.36,72.15
Maharashtra,District C,2017,Maize,990.4,4333.02,364.05,233.43,181.48,6.8,Peaty,4.89,71.39
Maharashtra,District C,2017,Sugarcane,519.7,2921.03,411.94,217.71,151.71,7.94,Peaty,7.09,64.09
Maharashtra,District C,2017,Cotton,1945.7,5849.8,251.12,197.46,45.44,5.7,Silty,7.21,56.78
Maharashtra,District C,2018,Wheat,1144.5,5181.51,417.77,232.99,33.87,7.89,Silty,1.97,3.8
Maharashtra,District C,2018,Rice,812.7,2787.4,145.17,66.42,156.01,5.99,Peaty,4.31,67.06
Maharashtra,District C,2018,Maize,838.1,2581.45,329.88,190.16,158.37,7.77,Silty,9.73,12.96
Maharashtra,District C,2018,Sugarcane,667.4,3566.28,363.55,138.73,54.65,7.96,Peaty,7.49,55.03
Maharashtra,District C,2018,Cotton,1679.2,2771.95,173.56,63.48,123.2,7.57,Peaty,1.18,22.81
Maharashtra,District C,2019,Wheat,535.9,3054.63,158.28,194.97,89.07,5.78,Peaty,2.55,48.63
Maharashtra,District C,2019,Rice,1600.9,4982.91,413.87,107.04,54.66,7.27,Silty,3.87,10.47
Maharashtra,District C,2019,Maize,1575.1,2848.64,166.55,86.93,76.68,7.28,Sandy,2.69,77.71
Maharashtra,District C,2019,Sugarcane,1889.7,5170.29,398.08,133.67,31.61,6.1,Clay,2.55,6.72
Maharashtra,District C,2019,Cotton,1507.0,3585.32,432.42,74.72,46.05,6.42,Sandy,7.47,55.99
Maharashtra,District C,2020,Wheat,1989.8,3412.96,170.38,167.98,62.34,7.18,Silty,9.55,85.98
Maharashtra,District C,2020,Rice,733.3,2275.77,304.98,243.22,59.43,5.68,Clay,2.34,34.61
Maharashtra,District C,2020,Maize,564.4,4737.65,481.03,116.03,35.79,6.93,Sandy,5.97,4.68
Maharashtra,District C,2020,Sugarcane,1961.4,5228.92,152.64,280.45,101.12,6.62,Peaty,9.13,8.18
Maharashtra,District C,2020,Cotton,1502.9,1563.37,351.96,187.88,166.14,7.09,Clay,8.83,41.97
Maharashtra,District C,2021,Wheat,1481.9,3768.32,390.94,169.81,71.73,6.59,Sandy,3.92,10.93
Maharashtra,District C,2021,Rice,1125.5,4939.29,257.99,212.54,156.55,6.47,Peaty,3.13,69.24
Maharashtra,District C,2021,Maize,1669.6,2575.66,202.79,126.78,127.64,6.02,Silty,3.82,65.78
Maharashtra,District C,2021,Sugarcane,1052.8,3971.29,397.72,152.12,199.95,6.39,Loamy,4.46,54.4
Maharashtra,District C,2021,Cotton,1419.5,3606.83,424.05,241.9,110.93,8.06,Peaty,8.01,95.64
Maharashtra,District C,2022,Wheat,899.7,2704.42,455.58,243.06,186.78,5.69,Silty,2.3,50.39
Maharashtra,District C,2022,Rice,733.6,2076.35,104.87,207.56,84.62,5.82,Sandy,2.52,94.17
Maharashtra,District C,2022,Maize,980.0,3002.79,435.94,211.94,147.83,7.41,Silty,5.26,30.58
Maharashtra,District C,2022,Sugarcane,1897.0,2486.4,393.3,179.53,22.07,7.05,Clay,5.81,37.84
Maharashtra,District C,2022,Cotton,1643.1,3860.34,105.27,234.06,151.8,6.0,Peaty,5.83,69.62
Maharashtra,District C,2023,Wheat,625.2,1681.51,203.69,127.28,143.78,7.21,Silty,6.14,98.61
Maharashtra,District C,2023,Rice,1384.2,1749.21,120.26,270.79,171.42,6.54,Silty,6.33,8.36
Maharashtra,District C,2023,Maize,1706.8,3498.52,406.04,53.15,25.17,6.01,Sandy,6.14,8.52
Maharashtra,District C,2023,Sugarcane,1396.1,4589.61,188.13,148.53,127.73,6.62,Silty,7.54,33.69
Maharashtra,District C,2023,Cotton,1692.4,2236.61,315.81,177.02,38.06,6.59,Sandy,6.46,45.28
Maharashtra,District C,2024,Wheat,1667.0,3414.56,161.55,294.1,63.57,7.65,Clay,9.1,50.54
Maharashtra,District C,2024,Rice,975.2,5534.29,112.81,57.0,127.97,7.89,Peaty,2.67,22.54
Maharashtra,District C,2024,Maize,1492.0,3609.38,299.76,82.04,165.03,7.35,Clay,4.37,81.04
Maharashtra,District C,2024,Sugarcane,1352.5,1988.92,249.11,110.67,113.14,8.03,Sandy,4.9,90.54
Maharashtra,District C,2024,Cotton,1364.3,4047.86,204.76,201.93,123.66,6.69,Clay,9.95,65.91
Manipur,District A,2015,Wheat,1691.1,1624.27,424.17,124.99,42.81,5.84,Silty,8.94,14.79
Manipur,District A,2015,Rice,1262.5,4411.35,306.74,272.31,198.12,5.85,Loamy,9.71,42.57
Manipur,District A,2015,Maize,800.3,5178.13,397.68,264.93,58.65,6.71,Silty,5.86,8.82
Manipur,District A,2015,Sugarcane,1116.2,3956.0,284.79,275.2,183.18,7.97,Clay,9.99,43.58
Manipur,District A,2015,Cotton,724.1,3308.41,397.04,261.98,102.82,7.28,Sandy,3.82,90.25
Manipur,District A,2016,Wheat,843.3,2359.36,307.6,218.13,27.98,6.16,Clay,9.4,19.5
Manipur,District A,2016,Rice,1765.7,5182.2,494.53,120.42,76.76,8.21,Sandy,5.49,61.58
Manipur,District A,2016,Maize,1002.3,4551.81,285.35,159.41,173.98,5.65,Clay,8.67,50.64
Manipur,District A,2016,Sugarcane,1235.3,3128.13,497.67,77.79,126.24,7.55,Silty,8.02,64.38
Manipur,District A,2016,Cotton,675.2,3181.8,155.54,270.3,154.93,7.77,Loamy,5.56,15.0
Manipur,District A,2017,Wheat,994.5,2116.12,389.97,90.06,146.38,7.58,Sandy,6.67,71.62
Manipur,District A,2017,Rice,1484.4,5318.6,218.19,210.39,29.21,6.94,Silty,4.43,35.47
Manipur,District A,2017,Maize,590.6,3599.91,497.85,124.73,152.51,7.14,Silty,1.81,21.59
Manipur,District A,2017,Sugarcane,1672.8,2755.59,157.72,132.82,125.13,7.61,Sandy,3.93,63.27
Manipur,District A,2017,Cotton,1751.0,2270.0,472.35,182.67,186.13,6.12,Peaty,4.63,77.42
Manipur,District A,2018,Wheat,1408.9,3725.32,465.19,144.28,59.6,7.32,Peaty,1.4,48.44
Manipur,District A,2018,Rice,1229.0,2228.89,434.96,249.2,47.49,6.59,Loamy,9.24,30.39
Manipur,District A,2018,Maize,1612.8,4713.01,217.88,187.7,132.93,6.94,Loamy,8.66,80.34
Manipur,District A,2018,Sugarcane,1232.1,3216.47,432.55,172.55,64.35,7.02,Sandy,8.61,20.64
Manipur,District A,2018,Cotton,1566.2,4792.9,170.82,158.42,131.66,5.58,Peaty,6.39,96.11
Manipur,District A,2019,Wheat,787.4,5745.21,260.58,182.1,42.09,7.12,Loamy,9.98,97.52
Manipur,District A,2019,Rice,1949.6,3067.75,496.51,163.87,173.33,6.15,Clay,9.69,94.7
Manipur,District A,2019,Maize,1525.6,5090.16,170.57,230.41,131.25,5.77,Peaty,7.9,99.07
Manipur,District A,2019,Sugarcane,580.9,2733.16,396.51,280.56,25.18,5.5,Peaty,8.68,76.72
Manipur,District A,2019,Cotton,1010.4,1509.05,321.88,109.49,154.21,6.84,Silty,7.32,4.51
Manipur,District A,2020,Wheat,1078.3,3044.54,426.67,291.76,102.96,7.97,Loamy,1.51,36.33
Manipur,District A,2020,Rice,1934.8,5925.69,180.83,87.16,83.53,6.51,Peaty,9.33,79.89
Manipur,District A,2020,Maize,1972.7,5129.45,104.08,121.96,25.51,5.78,Sandy,3.2,0.28
Manipur,District A,2020,Sugarcane,1867.9,4303.22,277.98,231.43,80.0,8.36,Peaty,4.49,50.34
Manipur,District A,2020,Cotton,993.3,4482.77,498.01,56.38,181.97,5.51,Peaty,7.14,46.55
Manipur,District A,2021,Wheat,682.0,1763.69,480.91,203.14,38.69,8.07,Silty,3.01,27.51
Manipur,District A,2021,Rice,1380.2,4468.5,107.04,110.47,97.57,6.5,Sandy,9.55,18.53
Manipur,District A,2021,Maize,1560.6,1692.39,179.07,134.65,163.01,7.87,Silty,9.25,8.15
Manipur,District A,2021,Sugarcane,1744.8,3530.28,446.35,72.32,168.1,5.98,Sandy,1.9,74.34
Manipur,District A,2021,Cotton,1829.4,4428.77,157.66,283.72,198.04,6.8,Loamy,8.95,9.14
Manipur,District A,2022,Wheat,1314.4,1899.63,288.08,81.7,34.46,6.07,Silty,9.8,51.21
Manipur,District A,2022,Rice,1746.1,3422.77,268.93,113.34,167.28,8.46,Clay,8.34,62.02
Manipur,District A,2022,Maize,1939.5,2635.08,128.41,173.11,35.38,6.29,Peaty,3.02,10.61
Manipur,District A,2022,Sugarcane,1930.9,2753.53,277.56,274.65,141.92,7.35,Sandy,4.34,26.45
Manipur,District A,2022,Cotton,599.7,3836.98,225.16,226.97,150.23,6.5,Sandy,3.33,72.72
Manipur,District A,2023,Wheat,524.1,2182.24,198.0,243.23,31.95,6.06,Clay,6.82,86.96
Manipur,District A,2023,Rice,1663.8,4335.42,492.9,221.42,195.59,5.67,Sandy,3.19,59.57
Manipur,District A,2023,Maize,1690.6,1650.21,387.05,113.02,190.61,7.11,Peaty,6.21,5.86
Manipur,District A,2023,Sugarcane,724.5,4856.09,174.6,108.88,162.74,5.78,Clay,5.97,40.28
Manipur,District A,2023,Cotton,785.1,4977.01,295.6,127.49,49.1,7.33,Loamy,3.68,8.41
Manipur,District A,2024,Wheat,507.6,3338.35,351.92,133.04,170.61,7.65,Loamy,3.28,10.06
Manipur,District A,2024,Rice,901.8,3346.51,125.66,267.93,112.46,7.26,Silty,7.03,43.18
Manipur,District A,2024,Maize,1642.0,5196.31,368.74,172.83,160.81,6.98,Sandy,1.13,43.88
Manipur,District A,2024,Sugarcane,1731.0,5010.27,305.36,112.44,103.72,7.19,Clay,6.8,69.43
Manipur,District A,2024,Cotton,1237.2,3095.2,425.18,173.73,199.04,6.87,Silty,6.17,74.27
Manipur,District B,2015,Wheat,1360.8,2374.07,337.92,238.85,44.91,7.95,Peaty,4.7,92.18
Manipur,District B,2015,Rice,1249.3,4690.39,187.55,240.24,149.77,8.21,Silty,9.18,91.26
Manipur,District B,2015,Maize,672.0,3553.73,100.11,176.62,186.36,6.1,Silty,6.8,16.04
Manipur,District B,2015,Sugarcane,857.8,3579.1,175.28,196.25,107.22,7.06,Sandy,4.86,81.42
Manipur,District B,2015,Cotton,1083.3,5329.19,354.65,85.26,136.94,6.07,Peaty,1.2,21.19
Manipur,District B,2016,Wheat,1304.6,3667.02,300.6,111.92,143.33,7.61,Sandy,3.19,25.66
Manipur,District B,2016,Rice,1874.1,3749.91,367.79,120.24,114.13,6.55,Loamy,4.37,66.13
Manipur,District B,2016,Maize,1478.2,5371.58,156.11,157.48,37.5,6.67,Loamy,1.2,92.27
Manipur,District B,2016,Sugarcane,1715.6,4623.7,446.08,250.71,136.5,8.04,Sandy,2.84,6.5
Manipur,District B,2016,Cotton,619.2,4920.21,277.92,231.55,142.81,5.91,Clay,7.8,72.13
Manipur,District B,2017,Wheat,1067.0,1848.4,104.84,122.04,21.66,6.19,Clay,3.21,16.36
Manipur,District B,2017,Rice,1605.6,5623.42,143.02,98.5,197.53,5.55,Silty,6.57,12.96
Manipur,District B,2017,Maize,503.1,5691.89,321.96,281.74,80.09,6.48,Silty,7.35,56.58
Manipur,District B,2017,Sugarcane,1888.0,1614.48,383.28,132.58,52.44,7.03,Peaty,9.83,94.63
Manipur,District B,2017,Cotton,1959.5,5782.95,103.06,235.27,68.95,7.62,Loamy,1.35,56.7
Manipur,District B,2018,Wheat,1602.4,2640.11,190.05,65.09,36.91,7.47,Peaty,5.03,4.85
Manipur,District B,2018,Rice,782.4,1799.57,175.5,152.63,41.28,6.0,Loamy,7.14,9.27
Manipur,District B,2018,Maize,1863.9,3691.38,257.18,288.87,98.88,7.66,Clay,2.49,99.11
Manipur,District B,2018,Sugarcane,1195.4,3276.52,467.85,182.31,146.91,8.04,Silty,7.76,3.67
Manipur,District B,2018,Cotton,1698.4,2120.78,188.95,194.28,67.7,7.48,Silty,9.59,32.95
Manipur,District B,2019,Wheat,1111.5,4970.16,272.94,281.51,110.58,6.54,Loamy,4.83,23.12
Manipur,District B,2019,Rice,766.6,5978.32,401.2,152.16,168.75,7.14,Peaty,5.18,27.6
Manipur,District B,2019,Maize,770.1,4004.73,437.11,88.21,25.89,6.24,Sandy,8.55,71.95
Manipur,District B,2019,Sugarcane,1845.4,2176.79,255.1,166.03,73.58,7.68,Peaty,4.71,94.15
Manipur,District B,2019,Cotton,1275.2,3851.32,340.09,117.08,89.0,7.16,Sandy,7.45,68.27
Manipur,District B,2020,Wheat,1338.5,2066.74,175.69,122.37,180.23,6.02,Peaty,5.71,71.56
Manipur,District B,2020,Rice,665.4,2710.65,483.41,116.54,73.37,6.09,Clay,1.92,67.46
Manipur,District B,2020,Maize,606.4,4179.11,188.01,126.02,43.33,6.25,Silty,4.45,6.88
Manipur,District B,2020,Sugarcane,1688.2,4817.71,460.8,109.1,102.13,6.05,Peaty,5.7,5.33
Manipur,District B,2020,Cotton,1572.3,3944.82,431.58,117.95,182.6,8.5,Peaty,7.78,73.46
Manipur,District B,2021,Wheat,529.7,4593.37,280.22,181.02,121.1,7.7,Peaty,6.82,56.39
Manipur,District B,2021,Rice,1060.7,2120.45,483.43,165.46,121.92,7.75,Peaty,8.79,4.35
Manipur,District B,2021,Maize,1143.4,4929.9,481.27,296.37,95.95,8.35,Peaty,5.05,81.16
Manipur,District B,2021,Sugarcane,1300.4,3012.55,232.8,274.37,101.52,6.72,Sandy,9.93,75.31
Manipur,District B,2021,Cotton,1943.0,2831.33,165.83,175.77,109.04,6.02,Loamy,7.42,87.37
Manipur,District B,2022,Wheat,1924.0,1646.01,490.12,267.64,88.93,8.01,Clay,8.14,22.07
Manipur,District B,2022,Rice,1472.8,1616.67,439.29,287.76,139.18,7.04,Peaty,9.58,61.27
Manipur,District B,2022,Maize,1701.3,3332.37,227.87,165.81,46.44,6.57,Sandy,3.81,4.24
Manipur,District B,2022,Sugarcane,1474.8,4579.08,321.44,220.83,114.28,7.58,Sandy,8.94,3.22
Manipur,District B,2022,Cotton,1627.6,4449.6,407.1,173.63,198.45,5.63,Peaty,8.51,41.91
Manipur,District B,2023,Wheat,1132.2,3496.16,266.61,131.64,71.54,8.15,Clay,6.39,63.57
Manipur,District B,2023,Rice,1569.9,4965.18,354.02,109.3,177.33,7.7,Peaty,9.82,36.32
Manipur,District B,2023,Maize,753.6,3747.74,390.11,70.82,134.17,8.07,Sandy,8.55,76.24
Manipur,District B,2023,Sugarcane,1581.3,5987.17,203.75,233.86,119.25,6.44,Loamy,9.42,16.31
Manipur,District B,2023,Cotton,521.3,3473.11,391.55,294.36,161.02,7.24,Peaty,1.05,98.57
Manipur,District B,2024,Wheat,1970.7,5982.68,290.64,290.95,91.21,5.58,Loamy,6.74,28.24
Manipur,District B,2024,Rice,1799.1,3110.08,297.85,65.88,69.61,7.53,Silty,9.12,68.84
Manipur,District B,2024,Maize,1956.5,3794.45,355.48,194.08,107.17,8.04,Peaty,4.14,60.74
Manipur,District B,2024,Sugarcane,1927.9,3338.47,165.19,183.55,71.44,6.14,Peaty,1.27,9.12
Manipur,District B,2024,Cotton,615.5,3292.63,428.64,261.01,152.66,8.19,Peaty,1.79,5.82
Manipur,District C,2015,Wheat,1778.2,4786.96,379.45,134.92,88.38,8.37,Sandy,8.1,81.33
Manipur,District C,2015,Rice,831.8,2180.58,157.82,165.99,64.37,7.03,Loamy,8.0,58.1
Manipur,District C,2015,Maize,930.0,4803.52,335.66,53.18,182.3,7.14,Sandy,1.46,95.01
Manipur,District C,2015,Sugarcane,1554.1,2940.78,227.94,265.37,182.51,8.17,Loamy,8.37,57.28
Manipur,District C,2015,Cotton,542.3,1890.48,359.82,150.29,122.12,6.19,Loamy,6.14,71.29
Manipur,District C,2016,Wheat,1666.4,2721.82,158.72,122.95,111.36,6.53,Peaty,1.48,50.98
Manipur,District C,2016,Rice,1052.0,3906.0,269.01,121.06,182.74,6.05,Sandy,9.32,53.87
Manipur,District C,2016,Maize,1814.6,2061.83,297.52,164.26,21.46,6.83,Loamy,5.19,45.92
Manipur,District C,2016,Sugarcane,1992.9,5771.3,339.39,84.49,66.55,6.59,Sandy,1.24,71.01
Manipur,District C,2016,Cotton,1827.2,3812.57,332.44,90.73,59.72,6.21,Silty,5.7,19.21
Manipur,District C,2017,Wheat,899.1,3228.07,349.3,160.01,90.64,7.19,Silty,6.16,97.81
Manipur,District C,2017,Rice,1799.2,1768.82,390.31,134.08,142.77,7.35,Silty,8.68,70.87
Manipur,District C,2017,Maize,1834.3,2767.22,239.25,205.49,193.96,6.61,Silty,4.07,31.93
Manipur,District C,2017,Sugarcane,612.0,2185.17,117.94,123.1,176.0,6.52,Clay,7.05,99.8
Manipur,District C,2017,Cotton,708.1,2360.96,162.21,197.27,44.35,7.47,Loamy,9.83,81.47
Manipur,District C,2018,Wheat,972.2,3315.69,196.92,272.69,184.62,6.76,Clay,9.99,65.25
Manipur,District C,2018,Rice,1058.6,2992.86,472.64,267.88,105.02,6.56,Loamy,7.47,54.88
Manipur,District C,2018,Maize,903.9,5996.85,335.9,220.29,142.83,8.04,Clay,2.69,94.37
Manipur,District C,2018,Sugarcane,1114.4,1614.66,187.91,223.02,56.29,5.66,Silty,6.46,29.15
Manipur,District C,2018,Cotton,1887.7,3983.46,416.2,103.58,81.93,8.12,Clay,1.87,6.98
Manipur,District C,2019,Wheat,740.4,3422.38,144.07,161.58,121.08,5.5,Clay,9.99,19.56
Manipur,District C,2019,Rice,1415.7,3390.58,454.24,238.79,127.45,5.53,Peaty,8.7,65.15
Manipur,District C,2019,Maize,565.6,3482.94,364.03,294.63,191.33,6.69,Sandy,2.07,14.69
Manipur,District C,2019,Sugarcane,778.6,2976.93,456.79,142.07,150.39,5.75,Peaty,5.34,97.8
Manipur,District C,2019,Cotton,1769.3,3546.73,410.06,98.26,121.22,5.72,Sandy,3.03,71.89
Manipur,District C,2020,Wheat,1235.1,4879.82,306.12,71.62,152.37,8.0,Silty,3.87,33.34
Manipur,District C,2020,Rice,1608.5,2632.44,458.7,190.36,116.81,6.29,Sandy,4.88,72.62
Manipur,District C,2020,Maize,1540.1,2420.17,123.4,186.5,146.06,8.49,Sandy,9.07,38.19
Manipur,District C,2020,Sugarcane,1534.1,4192.14,121.19,69.6,23.74,6.61,Sandy,5.33,91.85
Manipur,District C,2020,Cotton,1128.6,2504.53,165.25,164.25,164.12,6.37,Clay,2.67,28.98
Manipur,District C,2021,Wheat,775.9,4533.95,374.49,213.13,94.81,5.8,Clay,5.11,42.5
Manipur,District C,2021,Rice,1040.2,3127.33,210.31,295.16,176.74,6.45,Peaty,1.93,87.7
Manipur,District C,2021,Maize,1057.6,4076.77,460.15,152.03,165.24,6.79,Clay,3.67,48.24
Manipur,District C,2021,Sugarcane,1536.8,2591.73,313.95,221.17,100.77,8.09,Peaty,4.35,82.13
Manipur,District C,2021,Cotton,1045.8,3179.98,411.67,172.37,179.28,7.27,Sandy,2.12,17.05
Manipur,District C,2022,Wheat,1778.2,5405.6,369.56,216.05,127.58,6.11,Sandy,1.03,4.68
Manipur,District C,2022,Rice,966.7,2500.6,146.76,88.54,170.4,7.55,Loamy,1.27,34.49
Manipur,District C,2022,Maize,1735.1,4327.3,492.67,286.13,50.59,8.42,Sandy,6.82,68.71
Manipur,District C,2022,Sugarcane,882.8,4202.51,373.95,166.65,80.61,7.36,Peaty,4.53,18.18
Manipur,District C,2022,Cotton,1401.9,5231.54,340.0,202.63,112.13,6.66,Silty,1.03,40.18
Manipur,District C,2023,Wheat,658.6,1609.32,429.79,279.06,57.38,7.12,Peaty,3.96,41.06
Manipur,District C,2023,Rice,1796.1,2980.08,485.77,93.13,63.5,6.89,Clay,7.58,17.45
Manipur,District C,2023,Maize,855.0,4088.68,218.07,155.58,107.59,7.28,Sandy,4.4,41.35
Manipur,District C,2023,Sugarcane,1060.5,3914.41,281.34,272.4,145.35,8.2,Peaty,8.63,8.07
Manipur,District C,2023,Cotton,1975.2,3112.49,231.5,72.91,125.42,7.26,Sandy,2.91,52.15
Manipur,District C,2024,Wheat,1473.2,2918.3,385.91,293.78,181.45,6.37,Loamy,4.92,0.4
Manipur,District C,2024,Rice,1238.1,2651.19,122.46,277.76,78.04,6.78,Peaty,2.5,85.03
Manipur,District C,2024,Maize,862.5,4150.67,374.27,276.25,129.37,6.86,Clay,5.97,57.84
Manipur,District C,2024,Sugarcane,1139.9,1825.29,457.34,202.86,40.83,7.03,Sandy,5.72,59.63
Manipur,District C,2024,Cotton,1448.5,4855.53,217.97,205.65,53.87,6.16,Silty,1.65,48.62
Meghalaya,District A,2015,Wheat,1395.7,2614.43,408.55,206.72,23.26,7.33,Silty,9.87,7.43
Meghalaya,District A,2015,Rice,1543.9,3467.65,199.73,219.11,42.66,8.07,Loamy,4.23,80.56
Meghalaya,District A,2015,Maize,1247.6,3284.6,475.37,177.6,104.13,7.52,Clay,9.43,18.78
Meghalaya,District A,2015,Sugarcane,1297.7,2556.32,441.69,230.26,164.19,8.33,Clay,1.44,29.09
Meghalaya,District A,2015,Cotton,1098.7,4313.22,419.08,137.45,105.23,7.86,Silty,7.31,4.42
Meghalaya,District A,2016,Wheat,736.5,1819.45,103.95,126.5,90.62,6.22,Clay,5.77,27.33
Meghalaya,District A,2016,Rice,1694.1,1536.24,437.01,288.69,148.9,7.7,Loamy,4.69,90.31
Meghalaya,District A,2016,Maize,1868.0,4956.78,381.24,78.74,35.24,8.02,Loamy,7.34,8.24
Meghalaya,District A,2016,Sugarcane,1033.5,3453.0,204.25,93.16,45.01,6.6,Loamy,9.55,71.4
Meghalaya,District A,2016,Cotton,654.7,2226.94,300.69,281.22,64.51,7.98,Loamy,7.73,57.58
Meghalaya,District A,2017,Wheat,1776.2,2197.92,106.09,222.56,37.7,5.85,Sandy,2.67,12.45
Meghalaya,District A,2017,Rice,1255.3,2722.35,342.52,178.44,46.07,7.72,Silty,1.79,43.2
Meghalaya,District A,2017,Maize,981.3,4679.52,448.1,246.19,115.51,5.81,Clay,3.33,8.6
Meghalaya,District A,2017,Sugarcane,910.4,1915.81,303.32,159.59,51.33,6.02,Sandy,4.48,5.62
Meghalaya,District A,2017,Cotton,1880.3,3322.29,336.42,271.35,92.39,7.96,Peaty,3.42,75.42
Meghalaya,District A,2018,Wheat,858.2,4819.25,418.97,111.8,148.86,7.94,Loamy,6.15,28.19
Meghalaya,District A,2018,Rice,1986.9,3010.33,184.1,77.53,88.13,7.58,Silty,5.34,46.35
Meghalaya,District A,2018,Maize,1282.9,5787.62,341.56,201.44,43.04,8.49,Silty,5.6,83.83
Meghalaya,District A,2018,Sugarcane,1978.1,2315.91,376.54,70.16,27.71,6.34,Loamy,1.78,73.82
Meghalaya,District A,2018,Cotton,909.8,4307.38,378.3,130.48,166.73,7.15,Peaty,7.87,86.86
Meghalaya,District A,2019,Wheat,530.2,2595.78,136.0,160.52,180.19,6.9,Silty,7.82,66.87
Meghalaya,District A,2019,Rice,1592.3,5767.1,269.84,135.64,143.09,7.92,Sandy,1.81,49.27
Meghalaya,District A,2019,Maize,1851.6,5446.67,118.73,125.92,99.8,6.02,Loamy,2.66,34.66
Meghalaya,District A,2019,Sugarcane,1494.9,3669.4,395.43,290.3,40.98,7.63,Peaty,3.04,66.15
Meghalaya,District A,2019,Cotton,1088.2,1813.89,180.86,248.5,181.27,6.35,Loamy,1.24,94.77
Meghalaya,District A,2020,Wheat,1525.8,5806.64,445.54,135.12,40.28,7.0,Sandy,1.2,21.88
Meghalaya,District A,2020,Rice,661.2,5034.5,145.0,231.06,89.42,5.72,Loamy,7.41,21.65
Meghalaya,District A,2020,Maize,1409.6,3764.86,124.33,119.54,199.91,5.8,Sandy,8.64,30.07
Meghalaya,District A,2020,Sugarcane,891.1,5508.57,221.93,212.87,153.26,7.87,Clay,4.83,74.41
Meghalaya,District A,2020,Cotton,1948.7,2531.43,157.46,278.22,140.41,6.81,Clay,1.68,31.8
Meghalaya,District A,2021,Wheat,673.7,5774.74,235.5,228.3,122.84,5.82,Clay,4.78,15.3
Meghalaya,District A,2021,Rice,1204.1,4609.13,419.71,173.33,49.74,6.74,Peaty,7.02,28.6
Meghalaya,District A,2021,Maize,1399.4,5844.07,417.3,133.23,105.03,6.1,Peaty,1.6,50.29
Meghalaya,District A,2021,Sugarcane,1249.3,4681.05,397.9,231.95,93.72,7.4,Clay,4.79,59.72
Meghalaya,District A,2021,Cotton,1920.9,2368.02,462.31,63.36,75.51,6.36,Silty,2.18,88.23
Meghalaya,District A,2022,Wheat,1742.8,4434.3,283.37,283.24,169.53,7.0,Silty,6.29,33.1
Meghalaya,District A,2022,Rice,1193.1,1851.55,242.94,223.96,191.58,8.39,Peaty,6.46,18.57
Meghalaya,District A,2022,Maize,1543.0,1817.96,213.87,217.09,75.86,5.65,Loamy,4.0,48.78
Meghalaya,District A,2022,Sugarcane,1858.2,3843.89,490.97,295.96,127.75,8.13,Sandy,8.65,65.69
Meghalaya,District A,2022,Cotton,1767.7,1871.95,353.93,104.13,40.89,8.18,Peaty,1.7,5.59
Meghalaya,District A,2023,Wheat,850.0,4348.6,203.95,97.56,102.58,7.34,Loamy,7.41,91.17
Meghalaya,District A,2023,Rice,1827.6,2767.78,357.41,148.43,114.6,7.16,Peaty,8.26,45.63
Meghalaya,District A,2023,Maize,1770.1,5949.47,128.81,61.35,46.93,6.65,Clay,1.33,22.46
Meghalaya,District A,2023,Sugarcane,1858.3,3950.31,274.55,153.87,179.87,6.6,Loamy,3.78,53.15
Meghalaya,District A,2023,Cotton,715.7,5212.64,394.39,182.52,24.66,6.94,Peaty,4.35,80.59
Meghalaya,District A,2024,Wheat,1300.4,1974.6,418.84,288.27,30.81,6.67,Silty,2.32,86.77
Meghalaya,District A,2024,Rice,926.2,5023.54,368.4,199.51,54.59,6.16,Silty,3.79,42.67
Meghalaya,District A,2024,Maize,1120.9,5002.28,212.93,95.53,124.87,7.35,Peaty,3.16,86.23
Meghalaya,District A,2024,Sugarcane,1432.7,5177.82,360.63,155.99,61.05,5.71,Clay,2.62,38.65
Meghalaya,District A,2024,Cotton,857.0,5268.78,443.33,143.01,75.33,7.82,Silty,8.9,83.66
Meghalaya,District B,2015,Wheat,942.8,2783.38,417.15,284.43,160.24,7.32,Peaty,3.63,53.06
Meghalaya,District B,2015,Rice,682.2,1515.49,466.92,126.22,59.87,7.6,Sandy,4.96,61.55
Meghalaya,District B,2015,Maize,605.4,5766.93,329.44,176.96,171.09,8.1,Sandy,9.28,62.8
Meghalaya,District B,2015,Sugarcane,1817.9,4141.31,231.87,183.07,35.54,6.19,Peaty,9.98,78.69
Meghalaya,District B,2015,Cotton,910.5,2689.55,234.36,260.81,24.91,6.19,Peaty,4.64,80.64
Meghalaya,District B,2016,Wheat,1642.3,4824.64,399.93,85.97,37.84,8.08,Silty,7.94,81.39
Meghalaya,District B,2016,Rice,1277.6,5601.97,230.38,89.17,147.57,7.12,Silty,3.44,2.37
Meghalaya,District B,2016,Maize,1280.5,5947.06,426.1,274.37,131.81,6.94,Loamy,5.02,91.68
Meghalaya,District B,2016,Sugarcane,1642.8,2989.4,301.22,146.08,44.52,6.57,Sandy,7.29,12.86
Meghalaya,District B,2016,Cotton,1977.4,4236.28,300.31,145.55,181.76,6.23,Peaty,5.69,35.61
Meghalaya,District B,2017,Wheat,936.1,2976.49,275.6,271.65,152.13,7.5,Clay,1.02,34.06
Meghalaya,District B,2017,Rice,1719.8,3246.77,325.53,101.18,184.85,8.27,Sandy,1.57,87.33
Meghalaya,District B,2017,Maize,1352.9,3232.95,145.11,286.69,115.44,6.35,Silty,1.7,59.94
Meghalaya,District B,2017,Sugarcane,849.3,2688.07,449.67,78.58,128.27,6.7,Silty,9.85,30.39
Meghalaya,District B,2017,Cotton,985.6,5953.62,153.57,240.13,188.45,7.04,Silty,2.14,34.49
Meghalaya,District B,2018,Wheat,1509.7,2724.7,102.73,134.64,101.57,7.2,Silty,1.56,46.98
Meghalaya,District B,2018,Rice,899.5,5765.86,243.96,75.03,27.47,6.3,Silty,8.62,31.26
Meghalaya,District B,2018,Maize,1366.7,4786.37,259.4,66.58,61.25,8.15,Silty,3.02,76.92
Meghalaya,District B,2018,Sugarcane,1228.8,4919.85,184.44,288.17,161.05,6.09,Silty,9.27,57.64
Meghalaya,District B,2018,Cotton,1559.6,3376.66,189.48,230.89,129.41,7.0,Clay,2.87,79.39
Meghalaya,District B,2019,Wheat,1922.2,5509.96,228.57,151.5,165.51,7.29,Loamy,7.92,55.18
Meghalaya,District B,2019,Rice,1120.4,4350.88,441.41,166.66,175.66,5.78,Peaty,5.22,84.54
Meghalaya,District B,2019,Maize,1413.9,4242.76,218.61,258.48,49.85,5.66,Peaty,3.91,20.5
Meghalaya,District B,2019,Sugarcane,1661.7,5098.72,185.52,115.41,63.05,8.15,Loamy,9.3,85.96
Meghalaya,District B,2019,Cotton,1953.1,4427.16,370.33,206.26,132.11,5.94,Silty,3.89,88.15
Meghalaya,District B,2020,Wheat,1485.6,2829.79,285.28,270.38,182.62,7.48,Clay,3.33,89.13
Meghalaya,District B,2020,Rice,1224.1,2110.37,253.69,78.97,56.04,5.66,Loamy,6.99,58.07
Meghalaya,District B,2020,Maize,1764.7,2785.25,416.34,128.63,161.74,6.85,Silty,3.1,10.05
Meghalaya,District B,2020,Sugarcane,665.4,5010.32,452.56,281.78,173.71,7.99,Peaty,8.11,78.33
Meghalaya,District B,2020,Cotton,696.9,4479.04,281.0,275.0,145.17,8.35,Sandy,1.58,48.6
Meghalaya,District B,2021,Wheat,1139.5,4706.45,358.27,96.3,57.11,6.25,Peaty,5.69,47.11
Meghalaya,District B,2021,Rice,960.3,5432.55,399.73,264.53,49.13,7.58,Clay,5.47,29.02
Meghalaya,District B,2021,Maize,1655.2,2096.06,406.24,254.74,42.48,8.43,Sandy,5.79,28.87
Meghalaya,District B,2021,Sugarcane,691.1,2831.75,241.95,227.49,52.15,5.82,Clay,1.64,33.34
Meghalaya,District B,2021,Cotton,526.7,4872.73,356.28,65.67,193.65,5.57,Loamy,8.34,3.64
Meghalaya,District B,2022,Wheat,505.2,4775.18,373.54,151.46,139.09,8.36,Loamy,4.68,77.28
Meghalaya,District B,2022,Rice,1105.8,4576.11,140.56,83.24,45.15,5.64,Silty,6.33,29.49
Meghalaya,District B,2022,Maize,1858.3,3486.32,217.06,197.14,44.66,7.18,Sandy,6.46,53.02
Meghalaya,District B,2022,Sugarcane,1281.1,4578.74,117.78,164.93,99.93,6.88,Peaty,2.25,69.04
Meghalaya,District B,2022,Cotton,1103.0,3802.77,404.96,89.34,157.45,5.71,Clay,5.64,53.54
Meghalaya,District B,2023,Wheat,1791.2,3707.37,372.62,71.41,52.15,6.71,Peaty,4.68,23.3
Meghalaya,District B,2023,Rice,1800.7,2227.27,352.59,280.81,141.39,6.09,Peaty,2.32,82.97
Meghalaya,District B,2023,Maize,1468.4,3138.88,300.27,276.29,133.68,6.69,Sandy,6.16,32.14
Meghalaya,District B,2023,Sugarcane,885.4,4231.89,427.2,73.4,69.64,6.12,Loamy,4.5,2.91
Meghalaya,District B,2023,Cotton,1896.5,5771.07,479.66,285.92,166.74,7.55,Clay,5.53,75.77
Meghalaya,District B,2024,Wheat,933.2,2688.85,221.19,188.92,177.68,7.99,Loamy,4.16,5.16
Meghalaya,District B,2024,Rice,678.6,2369.24,435.13,65.85,73.77,5.53,Clay,5.7,41.7
Meghalaya,District B,2024,Maize,1719.6,4950.19,414.42,164.93,23.5,6.02,Loamy,3.24,16.81
Meghalaya,District B,2024,Sugarcane,1601.5,3921.44,186.47,127.5,194.0,8.05,Sandy,5.14,62.38
Meghalaya,District B,2024,Cotton,1065.2,1849.7,260.43,198.5,71.69,8.04,Silty,1.58,26.69
Meghalaya,District C,2015,Wheat,1086.4,2602.0,197.26,193.24,104.75,7.5,Clay,6.95,58.21
Meghalaya,District C,2015,Rice,1771.3,4344.33,166.22,128.69,152.0,7.72,Silty,9.84,69.22
Meghalaya,District C,2015,Maize,1067.3,2763.87,365.33,295.2,132.81,8.14,Sandy,8.13,8.47
Meghalaya,District C,2015,Sugarcane,1400.5,2110.34,274.21,291.49,55.13,5.6,Clay,5.96,25.54
Meghalaya,District C,2015,Cotton,1153.4,3823.42,138.69,235.94,39.68,6.71,Silty,5.21,84.2
Meghalaya,District C,2016,Wheat,1012.8,5809.36,183.79,59.57,177.04,7.76,Loamy,5.9,17.7
Meghalaya,District C,2016,Rice,1655.0,3999.61,208.08,284.35,22.3,7.68,Sandy,5.7,29.15
Meghalaya,District C,2016,Maize,981.9,1568.25,391.94,227.7,137.78,8.13,Sandy,3.81,18.63
Meghalaya,District C,2016,Sugarcane,1105.0,3618.6,458.14,189.99,72.59,7.73,Loamy,2.46,57.68
Meghalaya,District C,2016,Cotton,1867.1,5291.8,334.72,144.27,35.66,6.91,Clay,2.09,99.04
Meghalaya,District C,2017,Wheat,1738.7,3934.14,290.55,212.31,78.76,5.65,Silty,2.04,84.26
Meghalaya,District C,2017,Rice,1989.4,3148.57,281.47,227.92,188.69,8.18,Loamy,7.79,68.89
Meghalaya,District C,2017,Maize,699.8,3759.29,412.33,104.7,176.83,5.66,Silty,2.54,58.93
Meghalaya,District C,2017,Sugarcane,762.5,4558.66,296.04,77.49,184.25,7.52,Peaty,5.73,89.04
Meghalaya,District C,2017,Cotton,504.8,2769.5,315.31,94.57,183.42,7.44,Sandy,8.33,45.09
Meghalaya,District C,2018,Wheat,1338.0,1512.38,246.28,84.7,144.14,6.94,Silty,7.67,67.54
Meghalaya,District C,2018,Rice,922.6,1569.57,146.06,112.49,166.99,6.9,Loamy,8.1,28.71
Meghalaya,District C,2018,Maize,1768.0,2025.26,114.45,202.13,81.51,6.49,Sandy,4.65,33.45
Meghalaya,District C,2018,Sugarcane,1016.0,4922.05,333.71,59.52,177.94,6.39,Loamy,9.59,94.05
Meghalaya,District C,2018,Cotton,1716.7,2492.76,313.05,106.08,66.74,7.33,Clay,9.73,91.87
Meghalaya,District C,2019,Wheat,1071.2,3819.4,286.45,270.55,143.95,6.33,Silty,4.86,95.93
Meghalaya,District C,2019,Rice,763.0,1903.09,452.25,274.17,176.91,7.03,Peaty,6.07,6.94
Meghalaya,District C,2019,Maize,1393.8,1561.26,229.99,283.07,74.73,8.32,Silty,3.83,62.84
Meghalaya,District C,2019,Sugarcane,1642.4,3756.24,452.85,60.06,186.0,6.09,Clay,4.61,83.28
Meghalaya,District C,2019,Cotton,1507.5,2291.74,467.22,111.38,63.95,7.94,Loamy,3.0,50.37
Meghalaya,District C,2020,Wheat,1745.7,2163.68,319.07,227.81,174.91,8.31,Sandy,6.56,38.32
Meghalaya,District C,2020,Rice,1498.8,2314.05,283.15,176.89,38.88,5.6,Sandy,6.53,68.97
Meghalaya,District C,2020,Maize,1579.6,4011.49,189.34,285.55,145.4,6.21,Silty,1.11,33.23
Meghalaya,District C,2020,Sugarcane,1090.3,3586.72,220.67,216.73,190.05,8.24,Loamy,5.56,82.58
Meghalaya,District C,2020,Cotton,1753.9,5233.08,163.14,56.36,196.97,8.38,Peaty,7.77,81.7
Meghalaya,District C,2021,Wheat,1498.8,4809.05,208.71,298.25,52.97,6.14,Sandy,8.52,81.36
Meghalaya,District C,2021,Rice,607.1,1891.53,363.92,114.78,138.35,5.93,Peaty,3.85,33.38
Meghalaya,District C,2021,Maize,1782.1,2174.35,478.37,176.87,186.75,6.51,Loamy,5.09,77.89
Meghalaya,District C,2021,Sugarcane,730.5,1926.75,450.76,57.78,195.02,7.52,Silty,2.27,72.32
Meghalaya,District C,2021,Cotton,1344.7,4700.07,267.17,66.57,76.69,6.45,Sandy,9.22,7.85
Meghalaya,District C,2022,Wheat,1737.8,3963.39,367.68,173.21,145.6,5.6,Loamy,5.69,36.97
Meghalaya,District C,2022,Rice,685.1,3234.68,238.13,197.99,174.13,6.63,Loamy,5.33,78.9
Meghalaya,District C,2022,Maize,610.3,2362.17,320.61,286.77,33.46,5.63,Peaty,9.15,25.57
Meghalaya,District C,2022,Sugarcane,1645.4,4696.96,163.88,169.87,106.67,6.41,Silty,2.12,94.38
Meghalaya,District C,2022,Cotton,1011.6,4709.26,309.68,105.69,172.32,7.95,Clay,4.22,83.54
Meghalaya,District C,2023,Wheat,692.8,2703.43,372.4,295.47,163.48,7.83,Silty,6.95,11.31
Meghalaya,District C,2023,Rice,1988.4,3662.63,355.52,269.04,20.17,8.43,Clay,8.83,76.0
Meghalaya,District C,2023,Maize,1079.7,4889.75,482.67,55.84,116.82,6.15,Loamy,8.83,57.27
Meghalaya,District C,2023,Sugarcane,1151.0,5884.71,191.53,115.68,35.26,8.43,Silty,4.42,59.85
Meghalaya,District C,2023,Cotton,1370.3,4363.96,240.73,128.96,130.09,5.9,Peaty,1.65,24.34
Meghalaya,District C,2024,Wheat,529.3,2604.35,361.99,65.28,98.61,8.24,Peaty,9.45,60.4
Meghalaya,District C,2024,Rice,888.6,5264.88,165.29,55.57,183.47,7.23,Peaty,7.04,19.45
Meghalaya,District C,2024,Maize,800.1,3613.11,464.63,52.5,160.85,5.67,Silty,7.65,40.8
Meghalaya,District C,2024,Sugarcane,1266.1,5539.38,283.14,206.59,193.12,6.85,Silty,5.69,16.18
Meghalaya,District C,2024,Cotton,1302.9,5607.12,106.24,210.66,33.26,5.52,Peaty,2.63,28.36
Mizoram,District A,2015,Wheat,1426.7,2119.27,114.91,249.62,148.85,6.43,Clay,5.38,27.62
Mizoram,District A,2015,Rice,1096.7,2732.86,170.11,146.75,193.68,6.3,Clay,6.83,70.18
Mizoram,District A,2015,Maize,764.1,5874.82,346.11,91.09,23.69,7.85,Silty,1.35,15.84
Mizoram,District A,2015,Sugarcane,786.1,3788.27,279.98,228.97,29.17,6.99,Sandy,7.33,92.85
Mizoram,District A,2015,Cotton,1529.4,4564.99,189.51,183.78,121.25,7.6,Sandy,1.3,6.52
Mizoram,District A,2016,Wheat,616.9,4843.41,154.54,205.61,78.44,6.87,Loamy,3.92,86.42
Mizoram,District A,2016,Rice,1663.4,2356.24,161.05,136.92,94.19,8.3,Silty,8.81,50.53
Mizoram,District A,2016,Maize,1828.4,4658.79,383.36,179.7,171.25,6.26,Clay,5.57,1.17
Mizoram,District A,2016,Sugarcane,951.5,5701.33,224.21,140.11,105.17,7.19,Silty,9.3,16.22
Mizoram,District A,2016,Cotton,708.5,4036.71,122.69,216.0,63.33,5.86,Peaty,6.26,21.32
Mizoram,District A,2017,Wheat,635.8,4648.18,388.71,93.13,25.07,6.72,Peaty,8.29,61.05
Mizoram,District A,2017,Rice,666.3,4571.62,493.67,276.4,176.9,6.41,Silty,8.66,67.83
Mizoram,District A,2017,Maize,875.8,5792.25,280.33,82.45,39.76,7.44,Loamy,3.39,5.92
Mizoram,District A,2017,Sugarcane,1649.7,5472.02,427.94,166.51,116.11,6.23,Silty,4.59,83.52
Mizoram,District A,2017,Cotton,1085.6,1550.71,240.94,174.73,190.82,8.32,Loamy,5.18,17.93
Mizoram,District A,2018,Wheat,1826.0,3020.96,330.47,198.68,112.7,5.97,Sandy,4.24,27.42
Mizoram,District A,2018,Rice,1266.7,5906.55,149.72,143.18,187.76,8.13,Peaty,5.54,14.2
Mizoram,District A,2018,Maize,1627.6,4118.04,147.47,225.08,146.5,7.15,Clay,6.31,65.19
Mizoram,District A,2018,Sugarcane,539.1,3969.26,337.97,101.88,57.5,6.33,Loamy,6.46,84.58
Mizoram,District A,2018,Cotton,943.5,5604.31,397.48,148.75,37.15,6.27,Clay,3.79,32.99
Mizoram,District A,2019,Wheat,784.4,5130.83,210.26,132.56,94.58,6.8,Peaty,5.53,81.45
Mizoram,District A,2019,Rice,1728.9,5092.41,140.45,249.92,41.65,5.87,Peaty,8.37,55.24
Mizoram,District A,2019,Maize,1812.5,5952.14,344.26,203.22,155.8,6.2,Loamy,7.84,34.49
Mizoram,District A,2019,Sugarcane,702.6,2916.95,243.45,291.31,145.63,7.09,Peaty,9.13,51.2
Mizoram,District A,2019,Cotton,1858.5,3319.37,192.17,108.17,139.22,7.0,Sandy,5.94,15.87
Mizoram,District A,2020,Wheat,924.1,2881.42,187.71,248.09,79.8,6.54,Silty,3.72,63.98
Mizoram,District A,2020,Rice,1744.2,5991.32,435.38,189.37,54.82,7.54,Peaty,7.73,60.21
Mizoram,District A,2020,Maize,1347.5,2171.86,170.38,120.45,57.23,8.41,Peaty,6.63,51.76
Mizoram,District A,2020,Sugarcane,984.9,5494.15,368.07,299.59,50.36,5.76,Sandy,5.76,84.01
Mizoram,District A,2020,Cotton,602.3,1852.34,322.47,209.78,58.05,7.74,Silty,8.83,10.95
Mizoram,District A,2021,Wheat,1661.0,4114.43,444.46,229.45,70.7,7.22,Clay,5.68,21.72
Mizoram,District A,2021,Rice,1615.2,1693.8,432.62,259.52,169.92,5.96,Clay,6.74,30.7
Mizoram,District A,2021,Maize,1147.7,5428.89,492.01,111.62,190.69,7.57,Peaty,9.75,85.71
Mizoram,District A,2021,Sugarcane,1599.9,5701.86,238.74,275.22,78.54,7.7,Sandy,1.17,36.11
Mizoram,District A,2021,Cotton,529.1,5986.91,148.88,185.7,162.3,6.1,Sandy,1.65,21.27
Mizoram,District A,2022,Wheat,724.7,5780.95,176.61,265.44,40.66,8.11,Silty,8.92,48.34
Mizoram,District A,2022,Rice,1038.9,2964.83,207.03,186.14,164.9,6.43,Silty,8.42,16.67
Mizoram,District A,2022,Maize,1364.6,5535.72,417.23,290.64,61.63,6.6,Loamy,8.83,37.67
Mizoram,District A,2022,Sugarcane,1820.9,4779.43,141.67,257.88,142.79,5.6,Clay,2.98,50.73
Mizoram,District A,2022,Cotton,602.4,5655.33,217.79,271.62,109.57,8.05,Loamy,9.21,1.82
Mizoram,District A,2023,Wheat,1049.8,4779.92,270.86,56.21,31.88,7.45,Peaty,5.97,50.68
Mizoram,District A,2023,Rice,977.5,2655.11,108.39,118.24,100.84,6.09,Peaty,6.03,66.52
Mizoram,District A,2023,Maize,1905.6,5312.66,198.3,193.16,191.64,7.71,Loamy,8.01,72.59
Mizoram,District A,2023,Sugarcane,1927.8,4821.66,377.28,115.44,186.46,6.04,Clay,3.4,19.86
Mizoram,District A,2023,Cotton,1757.9,4634.24,145.05,173.62,104.04,5.93,Loamy,7.0,36.53
Mizoram,District A,2024,Wheat,589.1,5235.33,168.36,143.06,128.06,6.95,Sandy,1.86,94.04
Mizoram,District A,2024,Rice,1468.9,1954.12,488.69,86.78,157.94,5.6,Silty,5.92,20.8
Mizoram,District A,2024,Maize,1464.7,4276.74,419.34,268.97,111.82,6.97,Silty,7.56,35.62
Mizoram,District A,2024,Sugarcane,1257.0,4132.97,495.35,196.93,60.35,7.26,Sandy,2.08,90.99
Mizoram,District A,2024,Cotton,1769.7,4687.25,427.16,185.95,141.53,7.18,Silty,8.48,77.01
Mizoram,District B,2015,Wheat,1956.8,5981.88,196.3,275.11,37.01,7.63,Sandy,7.73,17.52
Mizoram,District B,2015,Rice,1136.6,2016.85,155.45,204.36,129.35,6.14,Peaty,8.77,17.42
Mizoram,District B,2015,Maize,528.8,4433.98,121.4,294.99,129.73,6.91,Peaty,6.16,9.06
Mizoram,District B,2015,Sugarcane,1895.0,4315.39,173.59,190.65,43.99,5.55,Silty,2.99,79.17
Mizoram,District B,2015,Cotton,777.9,5169.13,345.81,74.51,181.16,7.23,Silty,9.06,85.04
Mizoram,District B,2016,Wheat,1971.0,5893.08,408.93,289.1,176.11,7.68,Sandy,4.47,56.22
Mizoram,District B,2016,Rice,1886.6,4854.44,256.17,134.26,114.25,8.11,Sandy,1.79,86.15
Mizoram,District B,2016,Maize,1689.5,2919.93,242.09,61.62,22.83,6.93,Clay,2.75,84.68
Mizoram,District B,2016,Sugarcane,1356.5,4351.35,174.99,257.17,176.24,7.07,Loamy,8.29,59.08
Mizoram,District B,2016,Cotton,1137.1,4127.63,347.88,210.01,194.07,6.04,Loamy,8.92,23.99
Mizoram,District B,2017,Wheat,1955.2,4187.81,194.9,174.28,59.44,8.45,Loamy,2.38,61.58
Mizoram,District B,2017,Rice,1394.6,3490.21,290.44,205.74,125.03,6.62,Loamy,3.88,78.79
Mizoram,District B,2017,Maize,656.8,4876.04,243.54,187.92,70.5,8.46,Sandy,9.48,67.66
Mizoram,District B,2017,Sugarcane,819.4,3120.41,290.9,201.16,140.36,7.16,Silty,3.41,23.34
Mizoram,District B,2017,Cotton,656.6,2700.63,314.32,258.18,70.18,7.36,Sandy,3.6,51.04
Mizoram,District B,2018,Wheat,751.9,4378.1,146.27,232.75,51.99,8.49,Silty,3.56,37.89
Mizoram,District B,2018,Rice,799.1,5869.83,306.92,274.01,82.37,8.08,Loamy,4.28,10.89
Mizoram,District B,2018,Maize,1401.7,1728.74,443.91,240.33,58.93,6.95,Peaty,7.52,40.15
Mizoram,District B,2018,Sugarcane,549.4,2731.81,286.48,293.62,178.61,6.04,Peaty,5.05,52.06
Mizoram,District B,2018,Cotton,1317.2,2991.87,170.09,242.12,92.0,7.02,Peaty,8.08,23.46
Mizoram,District B,2019,Wheat,1153.4,5889.21,406.45,128.96,131.49,5.65,Silty,7.47,57.01
Mizoram,District B,2019,Rice,1204.5,4608.94,259.38,56.54,99.38,8.21,Sandy,9.86,29.17
Mizoram,District B,2019,Maize,1161.5,1964.74,204.25,62.08,120.71,7.75,Sandy,6.65,18.0
Mizoram,District B,2019,Sugarcane,798.9,5662.16,195.68,127.7,117.88,8.2,Sandy,5.74,35.52
Mizoram,District B,2019,Cotton,1394.2,5901.71,499.0,243.68,92.78,6.98,Sandy,9.87,70.78
Mizoram,District B,2020,Wheat,1173.4,1554.52,308.19,295.98,114.15,6.05,Sandy,4.19,91.82
Mizoram,District B,2020,Rice,1994.8,5754.16,391.77,189.54,126.32,7.12,Clay,3.62,80.71
Mizoram,District B,2020,Maize,670.5,4950.74,254.78,167.5,50.03,5.56,Loamy,9.34,70.21
Mizoram,District B,2020,Sugarcane,1121.0,4192.71,271.91,166.33,179.63,5.98,Peaty,1.02,31.4
Mizoram,District B,2020,Cotton,721.1,2489.93,104.5,106.8,79.89,5.59,Silty,4.64,51.28
Mizoram,District B,2021,Wheat,1589.5,3643.37,105.59,53.23,139.04,8.04,Silty,1.57,29.6
Mizoram,District B,2021,Rice,982.6,3854.6,364.43,237.26,64.26,6.47,Clay,1.46,30.1
Mizoram,District B,2021,Maize,1353.5,4282.41,128.01,216.02,115.05,7.98,Peaty,8.45,46.5
Mizoram,District B,2021,Sugarcane,943.4,4986.87,441.77,155.11,140.21,5.68,Silty,1.4,2.92
Mizoram,District B,2021,Cotton,1419.4,2865.01,397.01,274.02,45.09,7.67,Loamy,2.63,2.19
Mizoram,District B,2022,Wheat,835.2,4219.68,461.68,83.36,185.24,6.54,Peaty,2.04,47.05
Mizoram,District B,2022,Rice,773.5,4187.1,377.25,167.11,37.59,6.91,Peaty,7.14,79.04
Mizoram,District B,2022,Maize,1943.6,2169.61,312.97,191.88,186.05,7.38,Clay,1.37,31.21
Mizoram,District B,2022,Sugarcane,1933.5,3417.5,174.68,178.33,26.08,7.05,Sandy,4.22,76.26
Mizoram,District B,2022,Cotton,703.6,5451.83,482.18,50.31,171.69,7.02,Loamy,3.15,44.73
Mizoram,District B,2023,Wheat,1925.6,2448.54,171.62,110.47,119.33,8.29,Peaty,3.19,44.05
Mizoram,District B,2023,Rice,1085.6,1709.56,304.26,81.5,171.6,7.15,Peaty,9.49,10.04
Mizoram,District B,2023,Maize,1917.2,5080.86,411.06,72.53,52.31,8.43,Silty,7.45,88.59
Mizoram,District B,2023,Sugarcane,500.5,4595.33,406.8,102.48,108.13,5.77,Peaty,6.54,39.15
Mizoram,District B,2023,Cotton,1019.0,2481.27,210.0,218.28,86.58,5.74,Loamy,4.35,92.45
Mizoram,District B,2024,Wheat,1068.5,1772.89,267.2,217.2,126.85,6.34,Loamy,9.22,68.16
Mizoram,District B,2024,Rice,1548.9,5934.67,130.08,157.15,63.04,7.39,Peaty,9.7,45.46
Mizoram,District B,2024,Maize,1679.3,5626.73,373.33,110.68,129.41,8.41,Loamy,6.78,88.7
Mizoram,District B,2024,Sugarcane,800.5,2607.35,481.16,83.81,54.4,6.76,Silty,3.31,51.36
Mizoram,District B,2024,Cotton,1622.2,3714.62,220.83,195.51,190.4,8.16,Clay,4.73,34.8
Mizoram,District C,2015,Wheat,853.1,3561.62,374.57,235.49,160.2,6.62,Peaty,1.78,78.29
Mizoram,District C,2015,Rice,1752.5,5742.95,281.04,175.02,193.03,6.88,Silty,9.83,70.56
Mizoram,District C,2015,Maize,1360.0,1668.69,249.79,191.36,163.5,6.81,Clay,3.45,74.46
Mizoram,District C,2015,Sugarcane,1128.5,3686.95,421.0,124.05,37.43,7.06,Silty,8.17,96.83
Mizoram,District C,2015,Cotton,583.0,4162.6,372.51,296.45,189.67,7.64,Peaty,2.45,38.42
Mizoram,District C,2016,Wheat,1377.7,4763.4,354.16,228.53,97.25,7.68,Silty,8.23,36.87
Mizoram,District C,2016,Rice,1487.9,3696.72,191.16,240.32,67.3,6.52,Silty,7.47,45.87
Mizoram,District C,2016,Maize,1165.1,4220.53,162.91,274.54,103.72,6.6,Silty,2.51,92.04
Mizoram,District C,2016,Sugarcane,1184.9,4749.83,132.21,210.87,185.87,6.4,Loamy,1.03,87.08
Mizoram,District C,2016,Cotton,989.7,3365.24,278.53,262.07,80.82,8.18,Silty,4.81,10.44
Mizoram,District C,2017,Wheat,1025.7,2228.49,231.52,254.82,48.93,6.92,Loamy,3.26,93.56
Mizoram,District C,2017,Rice,892.1,3360.88,451.17,246.54,174.35,7.9,Silty,1.3,81.06
Mizoram,District C,2017,Maize,693.4,4748.19,132.93,143.83,31.34,7.07,Sandy,5.48,71.28
Mizoram,District C,2017,Sugarcane,1413.3,5926.54,176.04,162.26,185.28,8.24,Loamy,3.86,96.26
Mizoram,District C,2017,Cotton,1718.6,5267.29,106.07,288.56,160.06,7.8,Clay,2.45,18.71
Mizoram,District C,2018,Wheat,1154.5,3489.35,209.75,82.98,190.09,5.89,Clay,3.74,86.63
Mizoram,District C,2018,Rice,1115.1,2058.2,104.1,230.49,148.61,6.75,Clay,8.47,97.15
Mizoram,District C,2018,Maize,1023.7,2809.28,340.6,243.83,101.97,7.39,Peaty,9.65,16.5
Mizoram,District C,2018,Sugarcane,1996.1,3264.7,389.28,193.1,107.6,7.59,Loamy,2.13,48.89
Mizoram,District C,2018,Cotton,1282.9,2408.56,474.25,106.87,93.66,5.96,Peaty,5.69,80.65
Mizoram,District C,2019,Wheat,506.0,2388.24,298.47,226.33,107.31,5.99,Sandy,3.96,78.82
Mizoram,District C,2019,Rice,1837.1,3059.02,438.12,227.69,182.77,6.25,Peaty,9.3,69.26
Mizoram,District C,2019,Maize,871.5,2332.5,192.15,115.89,61.43,7.48,Clay,4.6,41.01
Mizoram,District C,2019,Sugarcane,1163.5,5409.42,344.5,55.11,113.44,7.79,Sandy,1.58,39.11
Mizoram,District C,2019,Cotton,917.9,4101.18,309.12,170.28,76.61,5.91,Clay,4.87,47.95
Mizoram,District C,2020,Wheat,1889.5,1740.54,178.75,226.44,123.96,6.25,Silty,6.68,35.08
Mizoram,District C,2020,Rice,1653.4,5384.87,245.93,181.4,41.13,6.75,Clay,1.4,71.58
Mizoram,District C,2020,Maize,1641.1,2247.82,167.15,100.95,163.39,6.32,Peaty,8.36,27.66
Mizoram,District C,2020,Sugarcane,1883.6,4690.89,414.11,71.26,124.9,7.96,Clay,6.54,35.81
Mizoram,District C,2020,Cotton,1135.7,2932.16,499.81,195.02,36.57,7.06,Loamy,4.46,10.71
Mizoram,District C,2021,Wheat,1644.0,5321.23,334.95,90.31,22.74,7.6,Sandy,6.86,81.32
Mizoram,District C,2021,Rice,1151.3,2060.32,475.99,186.32,130.75,8.3,Peaty,6.15,29.76
Mizoram,District C,2021,Maize,1995.7,4563.68,263.37,189.96,94.85,8.16,Loamy,8.7,56.77
Mizoram,District C,2021,Sugarcane,1719.9,3694.89,401.58,266.94,90.45,5.54,Clay,5.48,12.74
Mizoram,District C,2021,Cotton,673.0,2216.59,400.39,227.71,56.69,8.04,Clay,3.96,36.92
Mizoram,District C,2022,Wheat,637.6,4312.34,195.45,250.83,90.95,6.88,Peaty,7.86,23.11
Mizoram,District C,2022,Rice,1949.4,4300.45,102.26,153.91,98.63,7.93,Clay,3.98,7.05
Mizoram,District C,2022,Maize,925.3,4726.33,353.9,70.35,40.64,6.63,Peaty,8.5,1.46
Mizoram,District C,2022,Sugarcane,993.5,3409.18,464.45,175.35,68.55,6.67,Silty,2.43,91.45
Mizoram,District C,2022,Cotton,1817.7,3196.27,257.81,164.98,138.11,6.28,Silty,2.27,44.01
Mizoram,District C,2023,Wheat,923.0,4940.32,142.68,279.37,181.16,8.23,Sandy,6.57,6.86
Mizoram,District C,2023,Rice,1071.0,3528.26,339.93,181.32,103.07,8.38,Sandy,7.8,67.45
Mizoram,District C,2023,Maize,1199.0,4224.3,137.67,270.98,117.88,5.62,Peaty,5.4,86.86
Mizoram,District C,2023,Sugarcane,1785.3,5170.88,124.56,111.77,177.6,8.2,Silty,4.96,17.51
Mizoram,District C,2023,Cotton,1952.6,2459.12,176.37,215.18,63.71,8.32,Sandy,2.18,79.76
Mizoram,District C,2024,Wheat,812.9,3712.55,442.59,98.36,63.54,5.69,Loamy,9.79,62.44
Mizoram,District C,2024,Rice,727.8,1710.42,315.24,108.72,74.21,6.24,Clay,7.63,67.74
Mizoram,District C,2024,Maize,1950.8,1565.2,400.3,176.45,182.48,7.23,Clay,2.33,99.36
Mizoram,District C,2024,Sugarcane,1466.4,4053.72,306.11,55.91,189.14,7.43,Peaty,6.17,69.36
Mizoram,District C,2024,Cotton,1516.9,5193.15,477.65,214.7,105.7,6.45,Loamy,1.17,28.25
Nagaland,District A,2015,Wheat,579.8,5550.7,390.09,299.03,74.39,8.14,Loamy,7.32,61.37
Nagaland,District A,2015,Rice,966.6,5089.68,144.06,192.25,69.2,7.35,Loamy,7.75,28.46
Nagaland,District A,2015,Maize,1129.9,3229.43,440.84,242.84,126.02,6.32,Sandy,6.06,14.9
Nagaland,District A,2015,Sugarcane,916.4,4411.1,106.25,95.06,187.39,7.49,Clay,4.05,64.81
Nagaland,District A,2015,Cotton,1343.3,4926.78,446.47,200.76,166.86,6.44,Silty,7.03,81.21
Nagaland,District A,2016,Wheat,1367.3,1776.69,288.18,82.64,148.67,7.54,Clay,6.85,94.09
Nagaland,District A,2016,Rice,1570.1,5083.36,461.84,218.76,72.23,8.11,Loamy,7.29,88.68
Nagaland,District A,2016,Maize,846.2,4677.56,257.48,79.69,157.42,6.0,Sandy,3.23,88.24
Nagaland,District A,2016,Sugarcane,1041.3,4292.49,366.39,245.46,52.9,6.41,Loamy,4.28,98.29
Nagaland,District A,2016,Cotton,1752.4,3658.59,451.71,136.91,161.45,6.17,Clay,2.75,71.48
Nagaland,District A,2017,Wheat,1437.7,5091.69,127.4,102.53,47.8,6.07,Sandy,6.89,76.07
Nagaland,District A,2017,Rice,767.3,4141.97,476.46,202.7,130.04,7.71,Silty,7.3,91.62
Nagaland,District A,2017,Maize,516.3,5415.51,187.45,163.98,173.42,7.97,Sandy,6.89,28.02
Nagaland,District A,2017,Sugarcane,1695.9,3422.1,148.16,298.35,96.62,7.12,Sandy,8.33,74.52
Nagaland,District A,2017,Cotton,530.7,4336.07,274.63,164.16,167.31,7.14,Peaty,7.42,55.28
Nagaland,District A,2018,Wheat,1631.8,1672.57,110.83,70.84,98.76,6.21,Silty,5.88,66.24
Nagaland,District A,2018,Rice,918.2,2948.09,234.18,224.68,105.27,7.05,Clay,3.11,76.02
Nagaland,District A,2018,Maize,987.9,3482.17,209.74,155.91,142.28,5.83,Silty,9.81,49.7
Nagaland,District A,2018,Sugarcane,1994.1,3704.04,187.9,176.86,27.13,8.21,Clay,9.72,22.34
Nagaland,District A,2018,Cotton,830.6,3569.36,230.9,296.0,33.77,6.42,Peaty,8.45,99.85
Nagaland,District A,2019,Wheat,1382.5,2420.45,301.47,227.78,159.38,5.5,Sandy,4.58,87.07
Nagaland,District A,2019,Rice,1189.7,2846.64,351.73,223.03,91.72,5.58,Clay,6.33,18.37
Nagaland,District A,2019,Maize,843.4,2730.0,115.32,94.31,137.09,7.0,Silty,4.21,39.93
Nagaland,District A,2019,Sugarcane,1618.9,2103.37,225.61,79.64,101.88,7.16,Peaty,5.7,51.04
Nagaland,District A,2019,Cotton,1041.7,4728.96,339.85,177.07,196.91,8.32,Sandy,5.25,51.68
Nagaland,District A,2020,Wheat,1782.0,4795.57,131.72,102.29,76.14,5.85,Peaty,3.01,24.71
Nagaland,District A,2020,Rice,1459.5,1842.22,329.01,254.82,157.97,5.95,Clay,7.93,0.53
Nagaland,District A,2020,Maize,1606.1,4818.4,298.73,61.5,124.38,7.8,Peaty,3.51,67.48
Nagaland,District A,2020,Sugarcane,1667.8,5432.81,162.13,255.71,65.86,6.78,Loamy,5.09,19.71
Nagaland,District A,2020,Cotton,739.8,3628.43,405.07,299.3,161.73,8.13,Peaty,9.06,7.63
Nagaland,District A,2021,Wheat,1894.9,3283.83,468.65,68.93,148.74,7.71,Clay,6.28,52.95
Nagaland,District A,2021,Rice,675.5,2483.05,420.03,175.59,147.09,7.21,Sandy,3.21,25.51
Nagaland,District A,2021,Maize,642.3,3248.09,335.09,194.54,117.82,6.52,Loamy,1.14,78.7
Nagaland,District A,2021,Sugarcane,967.2,4149.77,115.69,228.87,115.29,7.67,Silty,7.65,2.76
Nagaland,District A,2021,Cotton,1332.1,2262.7,100.4,267.3,140.88,5.8,Loamy,4.76,33.73
Nagaland,District A,2022,Wheat,602.8,3373.29,162.42,113.58,180.54,8.41,Silty,8.65,79.77
Nagaland,District A,2022,Rice,1980.2,4637.15,400.42,295.7,21.26,7.4,Clay,9.26,88.38
Nagaland,District A,2022,Maize,1762.9,5756.06,314.95,51.73,21.99,7.13,Peaty,9.66,83.39
Nagaland,District A,2022,Sugarcane,663.2,1604.34,299.59,243.96,76.5,7.6,Loamy,7.85,70.8
Nagaland,District A,2022,Cotton,992.8,1961.47,205.94,82.76,73.05,6.29,Silty,9.59,68.57
Nagaland,District A,2023,Wheat,1890.0,5028.6,391.15,153.52,78.46,8.04,Clay,5.07,0.91
Nagaland,District A,2023,Rice,1688.8,2782.81,103.96,251.25,113.13,7.56,Clay,6.57,93.42
Nagaland,District A,2023,Maize,746.9,3943.61,123.26,139.73,46.66,6.06,Clay,5.26,46.5
Nagaland,District A,2023,Sugarcane,1480.2,3619.8,157.39,176.95,183.22,5.98,Peaty,8.11,29.54
Nagaland,District A,2023,Cotton,1178.7,3910.34,496.88,74.8,119.95,7.09,Sandy,8.03,39.74
Nagaland,District A,2024,Wheat,1075.9,4460.08,137.36,233.91,27.72,6.07,Loamy,2.46,20.57
Nagaland,District A,2024,Rice,1239.2,2570.05,138.69,250.35,117.17,5.97,Loamy,4.72,55.83
Nagaland,District A,2024,Maize,1570.8,1635.64,216.2,202.13,84.33,7.83,Peaty,5.64,55.87
Nagaland,District A,2024,Sugarcane,635.4,2780.18,205.11,96.56,76.81,5.61,Clay,5.92,76.36
Nagaland,District A,2024,Cotton,1363.2,5218.31,151.03,158.9,129.69,7.53,Silty,2.99,41.56
Nagaland,District B,2015,Wheat,1016.6,1551.41,225.31,171.52,127.97,8.3,Clay,2.37,86.94
Nagaland,District B,2015,Rice,1912.8,3695.79,146.09,171.35,39.7,8.15,Loamy,3.17,88.67
Nagaland,District B,2015,Maize,1456.9,5789.69,492.19,50.82,41.64,7.14,Peaty,2.02,65.93
Nagaland,District B,2015,Sugarcane,1888.4,5861.61,194.37,252.31,83.64,8.2,Peaty,7.53,85.81
Nagaland,District B,2015,Cotton,954.4,2494.13,368.08,278.68,82.67,6.32,Peaty,9.44,42.77
Nagaland,District B,2016,Wheat,1585.4,5232.57,459.55,67.03,74.37,6.46,Silty,5.6,27.15
Nagaland,District B,2016,Rice,1740.7,2341.71,244.26,188.88,176.1,6.76,Loamy,6.22,31.67
Nagaland,District B,2016,Maize,1563.8,2619.13,429.28,118.09,198.69,6.45,Silty,4.58,24.61
Nagaland,District B,2016,Sugarcane,839.2,5325.86,223.5,134.64,55.46,8.38,Sandy,3.23,94.39
Nagaland,District B,2016,Cotton,1851.3,2620.1,445.89,112.46,35.2,7.96,Clay,9.66,58.97
Nagaland,District B,2017,Wheat,1681.1,1704.2,142.61,253.63,132.24,6.07,Loamy,7.12,8.36
Nagaland,District B,2017,Rice,1377.9,2711.35,470.34,122.44,91.72,8.02,Loamy,7.39,76.33
Nagaland,District B,2017,Maize,1594.6,5190.65,461.49,74.61,38.86,7.89,Clay,1.53,40.12
Nagaland,District B,2017,Sugarcane,1729.8,2069.54,368.74,50.9,39.75,6.55,Peaty,2.93,91.48
Nagaland,District B,2017,Cotton,1646.0,2010.21,184.88,205.34,95.5,7.01,Clay,7.62,9.47
Nagaland,District B,2018,Wheat,945.0,5669.8,271.65,284.72,198.45,7.08,Sandy,6.02,60.17
Nagaland,District B,2018,Rice,1952.3,5346.24,182.34,243.5,21.49,5.89,Clay,2.13,27.7
Nagaland,District B,2018,Maize,831.9,3209.35,405.38,228.43,139.25,5.52,Silty,6.15,70.84
Nagaland,District B,2018,Sugarcane,1657.5,4825.56,132.76,127.57,81.82,6.61,Peaty,9.01,96.56
Nagaland,District B,2018,Cotton,803.5,4670.88,436.78,184.96,78.2,6.94,Peaty,8.7,82.36
Nagaland,District B,2019,Wheat,1840.1,1717.24,174.45,124.04,44.52,6.96,Clay,6.1,21.7
Nagaland,District B,2019,Rice,684.2,3832.02,319.07,133.6,133.47,5.71,Peaty,8.86,12.2
Nagaland,District B,2019,Maize,1973.8,1555.76,454.45,138.42,43.88,5.97,Clay,5.5,72.57
Nagaland,District B,2019,Sugarcane,1257.8,4168.07,404.29,201.83,130.81,7.87,Peaty,1.85,28.21
Nagaland,District B,2019,Cotton,1449.0,2482.72,359.01,280.76,20.89,7.86,Peaty,1.17,46.45
Nagaland,District B,2020,Wheat,1852.0,2509.41,112.61,158.35,146.8,6.86,Loamy,2.52,83.8
Nagaland,District B,2020,Rice,1814.6,3932.61,197.69,74.03,176.34,5.79,Peaty,7.5,35.91
Nagaland,District B,2020,Maize,683.5,2475.75,445.93,264.33,191.28,5.73,Silty,8.16,47.92
Nagaland,District B,2020,Sugarcane,1304.5,3956.24,214.72,112.53,20.86,6.69,Clay,1.83,32.15
Nagaland,District B,2020,Cotton,1442.3,5525.15,435.84,113.17,44.13,6.08,Clay,4.03,25.74
Nagaland,District B,2021,Wheat,1589.1,4680.6,474.85,101.33,146.95,5.7,Silty,2.07,65.31
Nagaland,District B,2021,Rice,1402.2,1719.75,227.85,148.76,64.65,5.62,Peaty,4.86,70.29
Nagaland,District B,2021,Maize,1777.2,3783.14,292.35,135.07,51.88,8.32,Silty,7.37,6.99
Nagaland,District B,2021,Sugarcane,1893.2,3050.44,309.6,84.62,190.2,7.52,Sandy,7.95,27.16
Nagaland,District B,2021,Cotton,1611.1,5003.15,432.48,128.22,142.69,6.41,Loamy,5.17,59.75
Nagaland,District B,2022,Wheat,1123.8,2228.92,171.21,69.39,131.25,8.05,Clay,1.6,45.75
Nagaland,District B,2022,Rice,1606.6,2209.68,208.66,108.0,91.83,6.17,Loamy,7.56,61.1
Nagaland,District B,2022,Maize,621.8,4369.86,290.83,283.64,72.07,7.68,Sandy,2.99,90.32
Nagaland,District B,2022,Sugarcane,1236.8,4554.98,158.34,114.45,125.5,6.46,Loamy,3.23,79.82
Nagaland,District B,2022,Cotton,698.8,5973.75,230.84,280.49,54.21,6.06,Sandy,1.46,80.1
Nagaland,District B,2023,Wheat,1159.4,4646.38,169.85,210.59,126.93,7.77,Loamy,8.23,32.05
Nagaland,District B,2023,Rice,1187.4,4745.78,273.34,248.3,139.1,6.73,Silty,1.17,35.69
Nagaland,District B,2023,Maize,1820.1,1863.83,178.63,294.67,172.51,8.24,Peaty,2.9,60.54
Nagaland,District B,2023,Sugarcane,1252.6,2843.27,453.54,275.35,72.5,5.97,Loamy,9.8,11.15
Nagaland,District B,2023,Cotton,1192.9,2312.86,398.01,79.51,63.17,6.09,Peaty,6.36,95.41
Nagaland,District B,2024,Wheat,1403.4,5558.38,198.02,190.19,117.8,8.47,Sandy,2.27,61.17
Nagaland,District B,2024,Rice,835.5,4376.2,489.0,286.63,61.6,6.01,Clay,2.11,46.73
Nagaland,District B,2024,Maize,1922.8,3383.55,445.35,114.11,122.77,8.03,Loamy,7.93,54.84
Nagaland,District B,2024,Sugarcane,1547.9,3222.36,104.44,132.75,129.46,6.18,Clay,9.72,66.86
Nagaland,District B,2024,Cotton,1139.0,5946.25,161.29,169.01,136.47,5.67,Silty,7.39,21.06
Nagaland,District C,2015,Wheat,1608.3,3966.4,138.41,189.32,32.02,5.54,Sandy,6.59,41.01
Nagaland,District C,2015,Rice,718.1,4603.19,151.83,97.67,167.19,7.48,Clay,1.96,55.78
Nagaland,District C,2015,Maize,1713.1,2076.97,139.81,254.24,163.41,6.85,Loamy,5.65,39.48
Nagaland,District C,2015,Sugarcane,1277.8,3479.53,327.41,231.78,159.47,7.45,Sandy,4.23,23.32
Nagaland,District C,2015,Cotton,973.9,4107.93,245.91,190.17,98.93,6.36,Peaty,1.01,82.68
Nagaland,District C,2016,Wheat,1995.2,4771.96,106.11,106.67,194.93,7.93,Sandy,3.13,1.44
Nagaland,District C,2016,Rice,531.3,4253.91,108.73,298.41,53.01,7.63,Sandy,5.61,88.75
Nagaland,District C,2016,Maize,1983.6,1591.22,257.3,254.4,78.79,7.45,Loamy,6.82,11.12
Nagaland,District C,2016,Sugarcane,1764.4,5849.96,385.0,154.77,190.71,8.41,Loamy,8.54,78.43
Nagaland,District C,2016,Cotton,911.1,3307.28,265.3,172.82,50.13,6.86,Sandy,5.79,81.99
Nagaland,District C,2017,Wheat,1276.0,2538.53,365.25,249.33,77.49,7.44,Loamy,9.75,74.39
Nagaland,District C,2017,Rice,601.1,2253.9,428.58,133.7,147.07,7.6,Sandy,6.05,41.56
Nagaland,District C,2017,Maize,608.0,3402.62,416.25,251.22,180.63,5.65,Clay,3.86,70.25
Nagaland,District C,2017,Sugarcane,1607.4,4459.34,498.68,267.17,95.07,6.48,Peaty,8.36,47.53
Nagaland,District C,2017,Cotton,1606.5,1586.22,470.34,243.46,90.95,6.65,Loamy,8.35,76.86
Nagaland,District C,2018,Wheat,1445.4,1956.55,204.94,164.73,67.87,6.8,Loamy,7.56,32.85
Nagaland,District C,2018,Rice,1546.7,5180.44,198.14,242.72,164.79,6.25,Clay,1.25,26.76
Nagaland,District C,2018,Maize,698.7,3899.05,371.86,64.44,32.65,8.11,Loamy,6.75,87.75
Nagaland,District C,2018,Sugarcane,1286.9,3180.86,446.81,127.56,34.3,6.84,Loamy,6.27,59.45
Nagaland,District C,2018,Cotton,1892.8,2789.09,211.53,160.12,84.24,7.71,Silty,7.59,43.92
Nagaland,District C,2019,Wheat,619.6,4301.0,120.75,145.6,90.86,8.5,Clay,8.35,47.68
Nagaland,District C,2019,Rice,1675.9,5685.76,392.92,244.02,32.09,6.11,Loamy,7.24,56.14
Nagaland,District C,2019,Maize,1050.5,1699.75,247.65,174.73,58.06,6.02,Peaty,4.61,33.15
Nagaland,District C,2019,Sugarcane,1962.7,4706.82,251.52,210.5,122.87,7.07,Peaty,5.84,65.48
Nagaland,District C,2019,Cotton,1861.4,5969.69,383.71,281.96,174.51,6.39,Clay,1.98,23.81
Nagaland,District C,2020,Wheat,852.3,5982.69,101.84,209.91,176.54,7.52,Sandy,9.55,38.31
Nagaland,District C,2020,Rice,1402.7,3526.4,370.37,95.91,92.11,5.71,Loamy,4.35,16.48
Nagaland,District C,2020,Maize,813.8,4455.93,304.31,107.78,92.52,6.62,Silty,8.68,38.8
Nagaland,District C,2020,Sugarcane,1870.9,3041.86,367.16,291.66,90.25,7.54,Silty,6.24,93.8
Nagaland,District C,2020,Cotton,926.7,3564.83,362.05,261.17,65.6,6.34,Sandy,6.79,51.8
Nagaland,District C,2021,Wheat,643.9,5971.64,401.06,159.42,131.27,5.76,Sandy,10.0,51.28
Nagaland,District C,2021,Rice,1327.2,3364.41,159.07,125.83,64.46,7.9,Silty,1.05,9.56
Nagaland,District C,2021,Maize,810.9,3066.24,316.42,123.46,69.71,8.11,Sandy,5.46,95.28
Nagaland,District C,2021,Sugarcane,1437.5,4727.42,272.49,54.98,136.3,7.4,Peaty,2.85,46.11
Nagaland,District C,2021,Cotton,1191.7,5148.43,429.83,239.82,85.78,5.72,Clay,2.6,54.9
Nagaland,District C,2022,Wheat,1381.6,4359.7,264.6,62.15,132.81,8.3,Clay,5.9,95.07
Nagaland,District C,2022,Rice,1049.8,5910.45,316.92,110.62,54.5,5.93,Peaty,8.42,58.94
Nagaland,District C,2022,Maize,1675.5,2065.7,355.68,288.36,49.15,7.73,Loamy,9.05,18.13
Nagaland,District C,2022,Sugarcane,1188.1,4146.21,305.62,257.56,61.66,6.63,Sandy,7.04,10.51
Nagaland,District C,2022,Cotton,1836.5,3460.46,467.88,226.75,41.86,7.24,Peaty,3.09,1.44
Nagaland,District C,2023,Wheat,1480.1,3718.99,412.84,223.67,197.83,7.03,Silty,3.58,47.69
Nagaland,District C,2023,Rice,1809.3,1690.98,491.16,298.33,127.61,6.49,Peaty,7.85,72.26
Nagaland,District C,2023,Maize,1259.0,3279.92,257.87,233.45,109.62,6.52,Peaty,8.53,6.15
Nagaland,District C,2023,Sugarcane,1958.2,1934.93,304.7,190.05,44.88,8.25,Peaty,9.47,28.11
Nagaland,District C,2023,Cotton,1890.3,5837.06,158.2,293.62,35.43,6.16,Sandy,9.94,48.86
Nagaland,District C,2024,Wheat,1325.6,4624.91,487.32,245.84,60.35,6.41,Peaty,5.58,12.24
Nagaland,District C,2024,Rice,952.6,2885.07,101.63,138.54,40.91,6.79,Silty,4.27,40.81
Nagaland,District C,2024,Maize,1843.6,2960.03,251.7,245.72,156.61,7.89,Peaty,7.89,92.79
Nagaland,District C,2024,Sugarcane,1925.1,4518.2,264.14,169.59,138.25,7.97,Clay,9.25,32.43
Nagaland,District C,2024,Cotton,1296.3,5826.13,475.28,223.94,78.42,6.16,Peaty,1.6,14.13
Odisha,District A,2015,Wheat,963.5,1696.01,223.72,64.98,62.48,6.3,Loamy,8.21,39.05
Odisha,District A,2015,Rice,1617.4,5768.37,222.51,72.39,61.81,6.17,Loamy,3.97,60.94
Odisha,District A,2015,Maize,1050.7,4528.02,194.77,225.25,82.54,6.87,Clay,5.98,82.44
Odisha,District A,2015,Sugarcane,1043.6,4933.58,438.17,255.23,137.06,7.65,Peaty,7.6,45.17
Odisha,District A,2015,Cotton,738.7,2893.79,182.9,140.36,108.08,8.38,Peaty,5.0,77.23
Odisha,District A,2016,Wheat,1438.1,2886.11,254.48,126.45,127.06,6.5,Sandy,8.28,14.87
Odisha,District A,2016,Rice,1075.0,1810.1,309.84,199.26,152.33,6.52,Silty,2.7,94.65
Odisha,District A,2016,Maize,1014.3,2851.12,374.07,251.38,88.12,7.74,Peaty,7.9,59.89
Odisha,District A,2016,Sugarcane,1252.1,4303.53,155.0,129.76,87.33,6.44,Loamy,6.23,72.93
Odisha,District A,2016,Cotton,855.1,2688.33,190.13,221.99,82.83,6.72,Silty,8.56,82.86
Odisha,District A,2017,Wheat,983.0,2844.22,222.04,252.85,169.7,6.49,Loamy,1.62,39.92
Odisha,District A,2017,Rice,780.2,2330.13,309.04,218.28,33.57,7.23,Sandy,2.92,1.69
Odisha,District A,2017,Maize,1587.1,4398.43,171.23,247.79,73.86,5.9,Silty,8.53,37.24
Odisha,District A,2017,Sugarcane,1183.1,4644.28,127.15,146.41,73.23,5.55,Clay,4.07,72.59
Odisha,District A,2017,Cotton,1525.2,4285.92,347.18,220.75,89.22,8.11,Silty,3.33,68.82
Odisha,District A,2018,Wheat,961.1,3188.21,390.13,170.23,120.16,8.02,Sandy,3.77,20.95
Odisha,District A,2018,Rice,1082.1,4230.64,362.78,194.55,197.85,7.57,Clay,2.06,6.14
Odisha,District A,2018,Maize,966.5,2114.65,310.35,179.75,123.51,7.74,Peaty,5.51,16.12
Odisha,District A,2018,Sugarcane,1948.2,2416.64,176.81,58.04,79.37,5.57,Clay,5.55,5.32
Odisha,District A,2018,Cotton,860.1,5244.48,285.02,158.65,145.78,7.64,Sandy,1.9,81.72
Odisha,District A,2019,Wheat,630.0,2815.33,118.27,245.35,27.07,6.42,Peaty,4.69,28.23
Odisha,District A,2019,Rice,912.8,5090.06,489.59,137.01,27.05,5.61,Clay,5.97,78.36
Odisha,District A,2019,Maize,1546.2,5583.78,454.33,247.08,105.53,6.42,Sandy,5.01,42.78
Odisha,District A,2019,Sugarcane,1438.8,4803.66,413.98,212.4,98.79,8.35,Clay,2.89,87.53
Odisha,District A,2019,Cotton,1231.9,2512.42,116.48,218.93,58.64,8.47,Loamy,3.6,65.77
Odisha,District A,2020,Wheat,912.8,5191.23,223.29,297.06,128.93,8.03,Peaty,9.01,46.53
Odisha,District A,2020,Rice,701.8,1560.15,275.39,59.99,129.72,7.33,Silty,2.87,40.9
Odisha,District A,2020,Maize,793.3,5831.56,161.8,278.33,97.13,6.63,Peaty,6.72,68.55
Odisha,District A,2020,Sugarcane,1201.4,1750.68,467.4,295.08,97.59,7.34,Peaty,3.9,7.73
Odisha,District A,2020,Cotton,1184.1,5182.73,106.81,195.53,178.54,6.15,Sandy,8.21,8.92
Odisha,District A,2021,Wheat,842.7,2416.8,267.93,130.58,149.68,7.6,Clay,5.81,95.4
Odisha,District A,2021,Rice,669.8,2434.72,485.01,289.33,51.89,5.94,Silty,1.23,25.78
Odisha,District A,2021,Maize,743.7,5804.15,382.11,108.31,57.34,8.07,Peaty,9.98,53.2
Odisha,District A,2021,Sugarcane,1062.9,3236.37,177.98,178.06,98.99,6.31,Silty,7.09,81.78
Odisha,District A,2021,Cotton,1270.6,2727.92,184.04,123.82,172.65,6.64,Clay,8.25,3.19
Odisha,District A,2022,Wheat,1390.9,5431.34,264.03,117.33,108.51,7.65,Silty,9.48,50.29
Odisha,District A,2022,Rice,1951.1,1900.15,291.02,65.6,133.44,5.74,Loamy,3.33,74.87
Odisha,District A,2022,Maize,745.9,5309.84,152.76,58.81,91.11,8.44,Silty,2.05,45.47
Odisha,District A,2022,Sugarcane,1143.0,3014.01,100.08,272.76,159.99,7.46,Peaty,7.92,76.2
Odisha,District A,2022,Cotton,1273.7,5677.67,205.51,110.08,130.49,7.36,Clay,4.34,68.56
Odisha,District A,2023,Wheat,980.7,4015.99,211.68,91.53,101.79,6.15,Loamy,3.24,46.46
Odisha,District A,2023,Rice,1948.6,2841.52,189.26,102.71,120.58,8.35,Loamy,2.78,4.82
Odisha,District A,2023,Maize,1672.5,3938.44,301.49,118.05,33.02,6.95,Peaty,9.9,34.97
Odisha,District A,2023,Sugarcane,1948.3,1932.93,392.98,78.58,69.24,7.21,Loamy,7.98,61.53
Odisha,District A,2023,Cotton,1390.4,5605.59,280.86,106.32,49.12,6.7,Peaty,4.85,88.85
Odisha,District A,2024,Wheat,992.0,3863.98,441.69,201.46,150.53,6.19,Sandy,3.99,57.82
Odisha,District A,2024,Rice,647.2,5708.36,234.76,299.38,196.15,7.84,Peaty,9.58,3.9
Odisha,District A,2024,Maize,588.7,1909.32,410.71,97.33,150.63,6.82,Sandy,4.48,46.87
Odisha,District A,2024,Sugarcane,1453.1,5698.26,338.35,264.28,175.3,7.06,Clay,6.76,44.59
Odisha,District A,2024,Cotton,622.2,3200.14,497.63,62.13,145.4,8.02,Loamy,6.13,70.76
Odisha,District B,2015,Wheat,1144.0,1911.13,484.95,158.08,139.77,7.09,Clay,9.57,79.25
Odisha,District B,2015,Rice,723.6,5917.42,394.76,168.08,130.05,5.82,Clay,6.57,72.82
Odisha,District B,2015,Maize,1549.1,4295.11,107.74,138.98,38.01,6.4,Loamy,2.52,85.78
Odisha,District B,2015,Sugarcane,1896.4,4987.46,476.3,125.57,175.0,6.97,Clay,6.03,88.73
Odisha,District B,2015,Cotton,1119.3,3047.67,302.48,65.37,47.76,6.16,Loamy,7.6,19.33
Odisha,District B,2016,Wheat,915.1,5749.18,134.32,186.86,113.96,7.68,Silty,3.1,38.66
Odisha,District B,2016,Rice,1291.8,3876.12,404.69,139.7,149.02,7.23,Loamy,8.95,40.49
Odisha,District B,2016,Maize,903.9,2393.29,301.74,217.31,181.68,7.46,Sandy,6.07,33.01
Odisha,District B,2016,Sugarcane,1144.8,4245.82,463.54,164.39,197.79,7.28,Peaty,2.71,71.61
Odisha,District B,2016,Cotton,575.6,3661.54,159.29,158.3,154.99,6.88,Sandy,5.38,83.48
Odisha,District B,2017,Wheat,1308.4,1520.42,459.88,87.14,101.1,6.93,Loamy,1.48,76.26
Odisha,District B,2017,Rice,950.7,3343.33,325.65,143.35,159.51,8.15,Peaty,7.55,55.12
Odisha,District B,2017,Maize,1216.0,4504.51,420.92,293.17,133.28,8.12,Loamy,2.93,9.42
Odisha,District B,2017,Sugarcane,1298.0,4860.72,264.91,217.53,108.15,6.81,Loamy,8.35,26.39
Odisha,District B,2017,Cotton,1744.3,4655.38,495.93,283.86,115.96,7.75,Sandy,2.37,41.1
Odisha,District B,2018,Wheat,1684.6,5503.3,381.03,64.98,140.67,6.22,Silty,6.29,94.85
Odisha,District B,2018,Rice,1549.8,2743.59,475.62,59.01,196.23,5.68,Peaty,6.73,79.19
Odisha,District B,2018,Maize,930.7,4966.51,276.07,217.54,102.03,8.35,Peaty,6.39,37.8
Odisha,District B,2018,Sugarcane,1873.4,5419.87,270.5,107.93,69.06,6.16,Peaty,7.46,25.05
Odisha,District B,2018,Cotton,1386.4,3903.5,437.79,232.33,169.71,6.13,Silty,1.29,58.97
Odisha,District B,2019,Wheat,1020.6,2382.87,377.76,117.13,184.31,6.39,Sandy,7.42,92.97
Odisha,District B,2019,Rice,1575.8,4103.01,192.01,53.84,145.04,6.19,Sandy,8.07,45.04
Odisha,District B,2019,Maize,893.0,1624.21,225.21,228.35,46.57,6.52,Sandy,7.35,66.33
Odisha,District B,2019,Sugarcane,655.6,2721.68,102.28,84.35,99.06,5.94,Silty,1.96,13.84
Odisha,District B,2019,Cotton,1037.1,3395.56,334.43,243.29,44.44,7.91,Sandy,9.83,65.12
Odisha,District B,2020,Wheat,1574.1,2378.44,407.54,69.82,138.18,5.67,Clay,9.49,26.66
Odisha,District B,2020,Rice,1905.0,5121.87,392.36,246.72,128.98,6.23,Silty,8.8,72.51
Odisha,District B,2020,Maize,819.8,4267.92,279.02,89.66,115.73,6.34,Loamy,7.1,90.15
Odisha,District B,2020,Sugarcane,703.1,5234.97,208.49,168.15,136.38,8.21,Peaty,1.83,36.46
Odisha,District B,2020,Cotton,1689.8,4664.21,110.54,162.47,169.27,7.71,Sandy,4.64,55.53
Odisha,District B,2021,Wheat,544.4,4324.39,258.04,52.43,141.3,7.64,Loamy,7.27,94.06
Odisha,District B,2021,Rice,875.8,4627.15,423.79,225.53,57.86,6.33,Loamy,4.34,87.58
Odisha,District B,2021,Maize,1764.5,2288.25,461.71,160.22,150.27,7.94,Clay,5.86,54.27
Odisha,District B,2021,Sugarcane,1685.0,3190.74,498.18,286.38,22.33,8.19,Loamy,5.52,58.27
Odisha,District B,2021,Cotton,1762.8,5779.67,324.13,95.32,135.16,5.73,Sandy,8.28,35.33
Odisha,District B,2022,Wheat,606.8,4615.02,235.73,112.27,144.05,8.41,Loamy,2.13,9.66
Odisha,District B,2022,Rice,1705.1,5397.57,333.5,141.5,137.47,6.42,Silty,9.61,63.98
Odisha,District B,2022,Maize,1000.2,4890.03,208.49,207.46,24.42,7.39,Peaty,9.31,94.7
Odisha,District B,2022,Sugarcane,1524.8,2451.15,115.89,86.8,193.8,6.89,Loamy,6.95,2.41
Odisha,District B,2022,Cotton,874.8,3463.21,352.25,92.88,157.62,6.59,Peaty,6.61,72.71
Odisha,District B,2023,Wheat,1687.6,3484.52,308.07,296.61,194.25,6.74,Silty,3.41,15.27
Odisha,District B,2023,Rice,1652.6,3462.81,170.82,239.71,184.73,8.3,Silty,5.32,14.19
Odisha,District B,2023,Maize,1689.2,5753.95,455.78,237.95,20.82,6.72,Peaty,9.85,22.32
Odisha,District B,2023,Sugarcane,599.7,2719.15,259.09,160.25,131.39,8.2,Peaty,6.47,18.98
Odisha,District B,2023,Cotton,1074.0,5805.91,215.27,65.72,89.27,6.6,Silty,7.35,30.24
Odisha,District B,2024,Wheat,567.4,4005.11,433.94,152.37,131.11,8.2,Silty,7.6,50.19
Odisha,District B,2024,Rice,1619.0,3725.32,151.18,192.48,108.58,7.05,Sandy,5.16,33.91
Odisha,District B,2024,Maize,550.7,2208.37,146.04,157.8,58.18,6.38,Sandy,5.78,62.72
Odisha,District B,2024,Sugarcane,1459.7,4133.64,171.09,58.4,80.81,6.78,Loamy,8.33,34.41
Odisha,District B,2024,Cotton,1870.4,2194.85,122.77,170.58,54.04,8.31,Clay,4.71,92.67
Odisha,District C,2015,Wheat,1076.6,1918.99,221.16,174.5,53.33,6.9,Loamy,6.1,37.18
Odisha,District C,2015,Rice,1838.7,2154.24,325.37,292.73,82.11,7.73,Clay,6.62,11.3
Odisha,District C,2015,Maize,882.6,2300.42,169.22,204.1,121.45,6.03,Sandy,3.44,80.54
Odisha,District C,2015,Sugarcane,1525.2,3853.09,359.95,269.11,89.56,7.81,Peaty,4.92,50.0
Odisha,District C,2015,Cotton,1546.1,3154.27,445.55,57.32,99.16,7.03,Clay,8.58,84.24
Odisha,District C,2016,Wheat,1206.8,5837.83,371.76,295.71,115.83,6.1,Clay,9.82,37.04
Odisha,District C,2016,Rice,1935.5,5086.6,276.84,185.47,129.34,7.5,Sandy,6.34,28.32
Odisha,District C,2016,Maize,663.5,4578.89,157.2,216.92,136.63,7.93,Loamy,9.61,46.6
Odisha,District C,2016,Sugarcane,1934.4,5463.4,407.06,166.86,125.65,8.01,Clay,7.64,79.07
Odisha,District C,2016,Cotton,1269.6,3913.11,179.13,111.18,182.89,8.02,Sandy,8.82,2.52
Odisha,District C,2017,Wheat,1187.4,1803.45,487.53,293.08,129.96,6.68,Loamy,7.86,22.32
Odisha,District C,2017,Rice,1162.6,4817.71,258.16,58.0,111.33,7.71,Loamy,2.02,51.33
Odisha,District C,2017,Maize,1281.6,5872.43,361.99,121.96,63.34,5.88,Silty,7.22,60.99
Odisha,District C,2017,Sugarcane,561.3,4932.73,356.76,290.97,125.7,6.41,Clay,7.3,96.58
Odisha,District C,2017,Cotton,611.1,2690.27,180.23,267.45,52.25,6.42,Sandy,4.1,28.05
Odisha,District C,2018,Wheat,1120.4,4713.22,448.24,95.65,143.55,6.56,Clay,7.94,41.48
Odisha,District C,2018,Rice,819.5,5005.15,368.2,269.06,171.98,6.12,Loamy,2.58,86.37
Odisha,District C,2018,Maize,1655.5,4064.37,356.89,76.02,27.18,6.49,Sandy,5.19,22.34
Odisha,District C,2018,Sugarcane,1751.8,2528.82,426.2,163.24,103.43,6.32,Peaty,9.01,98.35
Odisha,District C,2018,Cotton,1504.8,5387.16,303.17,283.66,169.69,8.48,Peaty,8.01,54.29
Odisha,District C,2019,Wheat,888.7,3096.4,457.6,63.99,126.47,6.62,Clay,8.97,57.91
Odisha,District C,2019,Rice,840.7,1857.57,350.8,186.26,140.92,6.88,Clay,9.28,4.0
Odisha,District C,2019,Maize,1616.1,1658.22,278.04,165.4,145.32,6.56,Clay,5.87,87.04
Odisha,District C,2019,Sugarcane,1658.8,4654.08,155.79,214.43,157.93,7.22,Loamy,3.49,24.21
Odisha,District C,2019,Cotton,1804.4,4314.29,100.58,138.28,174.41,5.58,Silty,5.97,95.32
Odisha,District C,2020,Wheat,1039.0,5225.28,395.34,272.55,192.22,5.52,Loamy,1.96,48.74
Odisha,District C,2020,Rice,1451.6,1966.56,307.84,194.38,153.65,6.2,Silty,6.13,98.31
Odisha,District C,2020,Maize,826.2,5936.57,385.74,256.52,36.14,6.4,Silty,3.5,51.46
Odisha,District C,2020,Sugarcane,1496.5,2530.22,155.56,100.4,83.73,5.95,Loamy,4.03,77.1
Odisha,District C,2020,Cotton,659.9,2534.28,103.39,292.1,126.59,7.66,Loamy,3.61,9.52
Odisha,District C,2021,Wheat,1862.3,4216.33,196.68,154.91,84.24,7.6,Loamy,1.18,19.78
Odisha,District C,2021,Rice,1217.2,3504.69,306.67,228.7,142.76,6.62,Clay,1.57,58.45
Odisha,District C,2021,Maize,1924.5,3970.87,282.04,83.48,165.83,6.62,Silty,3.75,28.14
Odisha,District C,2021,Sugarcane,1810.2,5391.03,313.56,54.75,61.1,7.42,Sandy,6.01,75.61
Odisha,District C,2021,Cotton,899.8,3225.42,207.3,255.14,150.5,8.11,Loamy,2.07,16.1
Odisha,District C,2022,Wheat,1299.6,5869.1,242.89,289.63,26.88,8.28,Silty,4.36,44.01
Odisha,District C,2022,Rice,1882.1,5496.89,429.29,144.17,20.81,7.54,Loamy,7.81,79.49
Odisha,District C,2022,Maize,1159.6,4866.46,435.97,282.12,124.84,7.84,Silty,3.05,25.94
Odisha,District C,2022,Sugarcane,1064.2,2868.29,201.55,62.42,170.61,5.69,Silty,1.59,56.3
Odisha,District C,2022,Cotton,1253.7,3710.56,329.8,121.76,139.33,7.01,Sandy,8.44,72.77
Odisha,District C,2023,Wheat,1090.4,5314.28,468.1,184.22,58.69,8.25,Silty,7.54,92.33
Odisha,District C,2023,Rice,1455.9,5783.27,136.95,65.19,128.75,8.4,Clay,9.15,58.3
Odisha,District C,2023,Maize,1114.9,4783.39,204.55,69.51,82.03,6.4,Peaty,5.96,13.83
Odisha,District C,2023,Sugarcane,1862.8,4170.03,283.07,284.3,37.51,7.87,Peaty,6.92,44.35
Odisha,District C,2023,Cotton,936.0,3383.85,278.08,277.64,38.62,6.34,Silty,4.01,78.45
Odisha,District C,2024,Wheat,674.3,5310.66,206.32,62.81,41.12,8.36,Sandy,6.45,52.69
Odisha,District C,2024,Rice,526.5,1824.45,162.44,63.69,92.16,6.51,Silty,1.0,75.57
Odisha,District C,2024,Maize,919.2,5307.39,124.06,288.25,38.25,7.86,Peaty,8.57,19.98
Odisha,District C,2024,Sugarcane,1581.9,3506.06,499.4,202.85,38.75,6.76,Loamy,3.57,34.33
Odisha,District C,2024,Cotton,1779.8,5270.94,104.62,183.07,60.24,6.46,Clay,7.75,95.06
Punjab,District A,2015,Wheat,828.9,3037.98,182.57,282.51,21.68,7.25,Clay,5.37,61.99
Punjab,District A,2015,Rice,1306.0,4031.12,456.02,138.9,57.47,6.87,Clay,5.47,76.66
Punjab,District A,2015,Maize,695.9,2895.9,110.76,211.26,165.0,8.34,Silty,6.7,95.14
Punjab,District A,2015,Sugarcane,618.8,4121.05,466.19,52.42,133.56,6.92,Sandy,9.9,91.76
Punjab,District A,2015,Cotton,1094.5,2010.54,185.92,93.45,84.08,8.13,Peaty,8.48,93.48
Punjab,District A,2016,Wheat,1810.6,3850.94,453.67,280.22,93.66,6.35,Silty,6.99,14.64
Punjab,District A,2016,Rice,1512.0,1660.66,340.26,211.49,64.01,8.31,Silty,4.25,87.75
Punjab,District A,2016,Maize,680.4,4276.58,340.25,264.97,20.6,6.07,Clay,9.59,2.06
Punjab,District A,2016,Sugarcane,1028.8,4506.65,311.09,285.76,23.05,6.81,Silty,9.37,72.52
Punjab,District A,2016,Cotton,896.8,5677.89,366.98,153.52,142.44,6.7,Sandy,9.22,92.64
Punjab,District A,2017,Wheat,1967.8,2331.14,163.11,58.55,180.53,7.76,Clay,1.43,40.57
Punjab,District A,2017,Rice,1434.7,5471.49,495.88,252.02,104.36,7.67,Loamy,2.72,72.54
Punjab,District A,2017,Maize,1236.8,5998.47,410.63,292.24,81.62,5.87,Sandy,6.14,90.99
Punjab,District A,2017,Sugarcane,1964.5,2522.62,177.13,219.17,94.64,5.57,Silty,2.87,54.48
Punjab,District A,2017,Cotton,1763.1,4872.77,389.41,120.66,24.05,5.99,Sandy,5.28,33.61
Punjab,District A,2018,Wheat,1512.3,4372.59,252.33,51.82,65.41,7.4,Silty,7.01,29.49
Punjab,District A,2018,Rice,1900.7,3533.46,199.41,129.11,155.34,7.42,Silty,3.63,32.68
Punjab,District A,2018,Maize,1095.1,2348.67,376.42,132.34,78.72,6.31,Peaty,7.95,83.56
Punjab,District A,2018,Sugarcane,1706.8,4295.37,212.17,233.71,27.09,7.89,Clay,7.03,9.79
Punjab,District A,2018,Cotton,1996.0,4903.84,393.92,66.0,91.77,5.76,Loamy,6.13,87.89
Punjab,District A,2019,Wheat,924.4,4305.37,165.86,138.49,190.5,7.74,Silty,6.39,52.76
Punjab,District A,2019,Rice,939.5,2680.93,332.01,226.62,25.97,7.2,Peaty,9.12,96.46
Punjab,District A,2019,Maize,1754.0,2451.62,214.28,267.69,180.08,7.42,Silty,3.02,85.23
Punjab,District A,2019,Sugarcane,807.9,4478.12,487.18,226.32,66.38,6.35,Sandy,7.3,77.1
Punjab,District A,2019,Cotton,920.3,3336.19,114.95,109.27,160.26,7.32,Silty,9.51,67.71
Punjab,District A,2020,Wheat,1627.2,4559.8,402.74,92.73,121.23,8.05,Sandy,2.11,24.56
Punjab,District A,2020,Rice,942.1,2322.17,349.73,123.5,48.46,8.22,Loamy,7.35,91.98
Punjab,District A,2020,Maize,1364.6,2337.55,150.78,114.93,38.63,7.04,Clay,2.29,14.34
Punjab,District A,2020,Sugarcane,958.1,1790.91,136.43,85.8,148.24,5.59,Peaty,1.75,53.75
Punjab,District A,2020,Cotton,1463.9,5813.67,459.92,160.17,189.59,6.8,Silty,9.42,42.23
Punjab,District A,2021,Wheat,1712.8,3210.42,435.34,114.87,72.07,7.53,Clay,4.1,66.65
Punjab,District A,2021,Rice,1906.5,1838.85,306.62,70.48,88.24,6.03,Clay,7.82,24.73
Punjab,District A,2021,Maize,1569.3,3510.69,213.43,180.85,88.34,6.19,Clay,8.18,80.03
Punjab,District A,2021,Sugarcane,1073.2,2262.88,436.16,132.32,154.65,7.95,Sandy,9.87,80.0
Punjab,District A,2021,Cotton,1803.2,4624.32,174.42,57.76,175.64,6.69,Silty,2.45,41.44
Punjab,District A,2022,Wheat,1107.9,3102.19,324.94,299.05,66.05,7.61,Loamy,6.26,9.75
Punjab,District A,2022,Rice,1358.6,5790.59,236.82,209.92,192.69,7.89,Sandy,2.54,77.27
Punjab,District A,2022,Maize,1110.3,3121.94,308.27,58.44,76.26,6.0,Loamy,4.73,81.73
Punjab,District A,2022,Sugarcane,1081.4,4214.23,183.94,154.13,186.97,7.2,Peaty,3.26,98.96
Punjab,District A,2022,Cotton,1503.8,2787.45,372.41,216.56,129.11,7.64,Peaty,4.14,62.08
Punjab,District A,2023,Wheat,1103.5,1614.99,290.59,160.53,156.23,6.34,Clay,9.24,40.6
Punjab,District A,2023,Rice,1844.8,1503.37,240.59,78.47,178.95,8.28,Silty,3.1,81.81
Punjab,District A,2023,Maize,1562.3,1525.07,497.27,239.11,142.84,6.72,Clay,2.55,18.5
Punjab,District A,2023,Sugarcane,530.5,3999.35,471.65,228.27,198.73,8.23,Silty,5.38,62.84
Punjab,District A,2023,Cotton,666.4,4234.58,285.63,210.69,121.74,6.43,Peaty,5.73,85.76
Punjab,District A,2024,Wheat,977.8,3413.03,421.74,72.33,174.71,6.43,Peaty,2.78,43.99
Punjab,District A,2024,Rice,1513.3,2933.37,145.53,203.81,60.34,7.54,Sandy,4.91,69.26
Punjab,District A,2024,Maize,1178.4,2078.7,452.07,157.1,33.32,7.09,Sandy,6.13,21.59
Punjab,District A,2024,Sugarcane,716.9,2959.86,165.41,64.91,71.09,5.99,Peaty,3.78,74.48
Punjab,District A,2024,Cotton,571.7,1706.52,424.34,158.57,81.41,7.32,Silty,2.97,64.4
Punjab,District B,2015,Wheat,1882.3,3506.25,294.25,109.45,88.94,6.36,Sandy,1.19,4.11
Punjab,District B,2015,Rice,1521.0,4568.08,232.09,271.37,67.9,6.69,Clay,6.45,38.31
Punjab,District B,2015,Maize,652.5,4121.14,373.22,220.07,134.67,7.0,Loamy,4.54,36.41
Punjab,District B,2015,Sugarcane,896.5,1526.99,172.94,168.56,69.63,8.12,Sandy,7.83,55.29
Punjab,District B,2015,Cotton,878.1,1999.01,459.5,273.17,39.93,7.89,Clay,3.92,73.91
Punjab,District B,2016,Wheat,1421.5,5010.14,129.73,129.65,77.48,6.49,Sandy,6.78,50.64
Punjab,District B,2016,Rice,1935.9,5877.11,356.68,139.89,167.09,5.77,Loamy,9.87,81.43
Punjab,District B,2016,Maize,1909.4,4176.58,263.07,294.92,75.7,7.77,Silty,6.79,90.27
Punjab,District B,2016,Sugarcane,670.9,2919.5,136.31,151.85,184.09,7.84,Clay,1.47,66.42
Punjab,District B,2016,Cotton,585.0,1626.83,160.96,213.41,29.51,5.56,Silty,6.48,60.71
Punjab,District B,2017,Wheat,890.3,4772.31,409.46,280.13,125.29,7.84,Silty,9.79,74.31
Punjab,District B,2017,Rice,821.7,1706.76,486.1,156.37,127.71,6.34,Silty,5.17,73.1
Punjab,District B,2017,Maize,1750.6,3958.41,289.9,146.07,54.73,5.94,Sandy,8.11,70.41
Punjab,District B,2017,Sugarcane,790.8,3796.38,277.61,155.97,117.66,8.45,Clay,3.78,33.88
Punjab,District B,2017,Cotton,1269.1,2879.99,456.92,159.75,72.56,5.97,Silty,1.23,45.0
Punjab,District B,2018,Wheat,1325.2,3029.03,399.93,218.92,194.85,7.03,Peaty,7.04,87.53
Punjab,District B,2018,Rice,1991.7,3831.02,137.3,91.63,78.25,5.81,Loamy,3.67,97.59
Punjab,District B,2018,Maize,1553.9,2280.44,290.42,166.72,108.65,7.11,Clay,3.55,82.12
Punjab,District B,2018,Sugarcane,769.3,4932.47,199.51,124.48,173.44,6.76,Sandy,5.02,25.96
Punjab,District B,2018,Cotton,735.0,2793.51,231.17,155.97,137.97,6.32,Loamy,4.36,15.63
Punjab,District B,2019,Wheat,635.6,3893.58,490.36,218.65,85.72,7.0,Clay,5.83,60.4
Punjab,District B,2019,Rice,1632.7,4766.57,117.35,250.64,115.89,6.68,Loamy,6.51,14.95
Punjab,District B,2019,Maize,1126.1,3010.14,240.16,72.83,48.77,5.99,Silty,1.62,86.83
Punjab,District B,2019,Sugarcane,1647.6,5058.31,397.94,118.94,174.59,5.51,Loamy,9.94,57.08
Punjab,District B,2019,Cotton,708.4,2724.9,167.13,81.15,163.49,6.99,Clay,3.98,55.37
Punjab,District B,2020,Wheat,886.4,2886.16,360.9,87.59,131.1,8.06,Peaty,8.35,4.61
Punjab,District B,2020,Rice,1563.7,4741.14,185.63,78.19,154.94,6.25,Sandy,2.63,89.51
Punjab,District B,2020,Maize,1335.2,5711.7,170.43,248.01,30.76,8.15,Peaty,4.33,19.05
Punjab,District B,2020,Sugarcane,1724.8,4214.59,244.17,160.96,168.78,6.52,Clay,9.2,38.73
Punjab,District B,2020,Cotton,1022.6,2419.8,458.97,104.38,134.6,8.14,Sandy,1.25,67.06
Punjab,District B,2021,Wheat,1246.0,4082.38,249.19,228.51,141.3,7.24,Peaty,1.15,82.41
Punjab,District B,2021,Rice,753.7,3264.99,429.0,101.48,175.83,6.99,Clay,8.79,30.84
Punjab,District B,2021,Maize,1770.3,3774.03,347.91,109.71,147.2,6.48,Peaty,5.48,52.67
Punjab,District B,2021,Sugarcane,1544.1,3791.73,266.82,298.72,46.58,7.28,Silty,7.11,47.48
Punjab,District B,2021,Cotton,1618.8,1560.84,222.24,219.78,197.71,5.51,Silty,9.31,86.35
Punjab,District B,2022,Wheat,534.7,3883.01,101.71,247.39,75.6,7.8,Clay,7.78,30.35
Punjab,District B,2022,Rice,915.3,3620.48,370.46,282.21,45.44,6.69,Loamy,9.16,89.84
Punjab,District B,2022,Maize,805.9,3218.83,324.15,263.2,115.76,8.4,Silty,7.9,60.02
Punjab,District B,2022,Sugarcane,534.8,5875.52,219.31,112.32,107.42,7.13,Loamy,8.39,81.32
Punjab,District B,2022,Cotton,708.2,3694.69,291.93,130.93,185.09,7.46,Peaty,9.11,12.43
Punjab,District B,2023,Wheat,866.8,2185.63,171.93,250.72,124.31,8.37,Silty,5.37,97.74
Punjab,District B,2023,Rice,1739.7,4778.77,175.59,242.35,82.56,7.09,Clay,8.98,73.89
Punjab,District B,2023,Maize,1230.9,1870.93,392.18,149.22,122.64,6.38,Loamy,4.77,98.68
Punjab,District B,2023,Sugarcane,928.0,3891.47,397.29,53.37,182.08,6.66,Loamy,1.94,28.84
Punjab,District B,2023,Cotton,1975.3,4168.76,216.56,156.59,66.53,5.6,Peaty,8.41,77.86
Punjab,District B,2024,Wheat,1249.9,2457.09,353.8,89.06,54.2,7.38,Silty,9.67,8.58
Punjab,District B,2024,Rice,512.6,3967.91,205.7,167.28,33.08,7.0,Loamy,1.67,83.64
Punjab,District B,2024,Maize,987.4,3087.87,171.92,258.83,92.85,5.65,Sandy,7.55,48.21
Punjab,District B,2024,Sugarcane,868.7,4294.0,315.66,92.8,93.02,6.81,Silty,4.63,81.45
Punjab,District B,2024,Cotton,1567.5,1777.22,471.9,166.49,44.2,6.78,Silty,6.16,57.48
Punjab,District C,2015,Wheat,883.8,4347.16,462.97,147.17,133.5,6.23,Silty,6.27,4.75
Punjab,District C,2015,Rice,1585.4,4516.59,247.73,152.82,185.2,5.54,Clay,9.31,91.4
Punjab,District C,2015,Maize,1377.0,3215.53,139.56,93.45,142.34,5.55,Sandy,8.08,79.59
Punjab,District C,2015,Sugarcane,1153.9,3239.44,176.77,290.99,192.69,7.74,Peaty,7.6,85.68
Punjab,District C,2015,Cotton,1416.1,3563.45,385.25,106.05,39.76,7.79,Silty,6.2,48.25
Punjab,District C,2016,Wheat,1301.6,3653.09,276.88,286.76,106.36,5.74,Sandy,4.7,78.14
Punjab,District C,2016,Rice,522.0,4472.21,100.04,65.76,93.49,8.02,Sandy,3.01,43.34
Punjab,District C,2016,Maize,1971.2,2466.94,439.18,256.37,180.44,8.25,Loamy,6.33,2.7
Punjab,District C,2016,Sugarcane,635.9,2205.52,154.52,114.87,101.74,6.62,Loamy,8.81,21.79
Punjab,District C,2016,Cotton,577.9,4906.92,256.09,256.15,160.26,7.38,Clay,3.27,50.98
Punjab,District C,2017,Wheat,1969.2,1786.59,180.03,206.82,74.79,8.08,Sandy,9.21,88.75
Punjab,District C,2017,Rice,759.6,2982.73,421.64,251.95,146.93,6.84,Peaty,9.81,35.39
Punjab,District C,2017,Maize,1190.8,4438.89,359.4,287.47,174.36,7.88,Clay,2.32,74.06
Punjab,District C,2017,Sugarcane,582.5,2932.77,324.88,150.6,66.65,8.28,Loamy,4.42,73.96
Punjab,District C,2017,Cotton,545.6,4626.77,473.85,145.68,23.83,5.58,Loamy,4.74,33.79
Punjab,District C,2018,Wheat,649.1,5805.16,396.5,82.94,112.03,7.17,Loamy,5.73,95.66
Punjab,District C,2018,Rice,1221.6,4546.31,303.91,285.74,91.76,6.19,Clay,8.67,49.79
Punjab,District C,2018,Maize,1031.4,3949.17,153.29,51.34,70.51,7.32,Clay,9.69,84.36
Punjab,District C,2018,Sugarcane,1343.5,5506.61,252.97,58.57,150.87,8.33,Loamy,2.9,28.69
Punjab,District C,2018,Cotton,1471.8,3113.35,322.95,153.1,50.41,5.72,Sandy,6.24,91.96
Punjab,District C,2019,Wheat,1655.1,4192.75,108.72,133.27,30.34,6.47,Sandy,5.51,64.62
Punjab,District C,2019,Rice,1399.5,4712.43,122.7,157.05,62.94,7.78,Loamy,7.54,93.62
Punjab,District C,2019,Maize,855.8,2715.7,137.68,198.15,91.13,6.99,Loamy,2.98,16.68
Punjab,District C,2019,Sugarcane,759.6,2366.69,404.91,65.26,199.53,7.07,Clay,1.61,41.39
Punjab,District C,2019,Cotton,620.2,5658.96,116.28,87.81,184.71,7.25,Clay,4.15,8.62
Punjab,District C,2020,Wheat,778.9,2352.76,377.46,151.65,160.75,7.63,Silty,6.07,74.29
Punjab,District C,2020,Rice,1449.6,4200.07,395.84,64.2,151.66,6.32,Peaty,7.36,87.12
Punjab,District C,2020,Maize,1622.1,4665.28,386.22,230.26,88.3,6.77,Peaty,2.33,45.84
Punjab,District C,2020,Sugarcane,1849.9,4430.69,122.47,252.8,188.37,7.99,Silty,6.71,45.25
Punjab,District C,2020,Cotton,1415.6,5200.18,172.19,223.84,161.74,6.84,Sandy,3.95,38.44
Punjab,District C,2021,Wheat,612.6,4826.3,170.73,251.28,172.26,7.42,Loamy,4.53,66.31
Punjab,District C,2021,Rice,1581.0,2836.13,138.65,273.67,141.88,7.44,Sandy,7.89,57.06
Punjab,District C,2021,Maize,1632.2,1945.35,451.26,184.15,26.75,7.43,Loamy,2.98,76.44
Punjab,District C,2021,Sugarcane,1900.4,2952.08,297.57,82.04,187.36,6.46,Peaty,7.26,0.6
Punjab,District C,2021,Cotton,1104.5,1688.67,369.4,292.24,137.95,6.17,Silty,5.27,63.04
Punjab,District C,2022,Wheat,1543.9,3260.91,248.08,218.89,87.81,7.24,Silty,5.94,27.84
Punjab,District C,2022,Rice,907.9,3923.84,161.6,252.7,32.42,5.78,Sandy,2.06,47.57
Punjab,District C,2022,Maize,1099.5,4748.14,481.2,238.39,52.3,8.31,Sandy,6.99,75.87
Punjab,District C,2022,Sugarcane,594.3,4954.0,393.58,197.3,80.92,5.99,Sandy,3.67,68.16
Punjab,District C,2022,Cotton,1555.8,4031.3,340.24,193.61,34.74,7.51,Peaty,1.17,22.67
Punjab,District C,2023,Wheat,1564.5,2854.19,468.06,228.17,72.19,7.05,Loamy,6.97,11.83
Punjab,District C,2023,Rice,1402.8,5930.17,216.74,262.02,199.56,7.27,Silty,7.75,30.26
Punjab,District C,2023,Maize,1560.5,2662.55,412.26,257.66,163.59,6.15,Loamy,3.07,52.03
Punjab,District C,2023,Sugarcane,1113.9,2827.42,121.58,180.19,166.99,8.05,Silty,8.7,40.87
Punjab,District C,2023,Cotton,1898.2,5563.4,183.25,114.74,52.48,6.09,Clay,6.64,80.13
Punjab,District C,2024,Wheat,1597.2,3446.85,427.64,222.95,41.67,7.12,Peaty,1.3,36.38
Punjab,District C,2024,Rice,1006.4,3438.69,301.32,239.46,90.58,6.49,Sandy,1.99,63.92
Punjab,District C,2024,Maize,701.2,3930.72,386.23,91.38,146.73,5.92,Clay,8.56,97.92
Punjab,District C,2024,Sugarcane,611.0,2475.07,402.65,185.15,78.98,6.12,Peaty,7.63,56.49
Punjab,District C,2024,Cotton,791.8,1843.83,337.3,56.3,31.78,7.61,Sandy,3.94,53.92
Rajasthan,District A,2015,Wheat,1387.5,4043.79,357.02,285.07,89.98,6.4,Peaty,4.91,54.13
Rajasthan,District A,2015,Rice,1832.0,4347.73,389.05,199.37,135.74,7.24,Silty,1.3,39.51
Rajasthan,District A,2015,Maize,657.7,1936.18,417.41,156.48,164.2,6.32,Silty,3.09,26.94
Rajasthan,District A,2015,Sugarcane,640.4,3419.08,194.11,162.09,162.6,6.84,Sandy,2.33,85.03
Rajasthan,District A,2015,Cotton,872.4,5702.7,190.86,236.74,31.18,7.39,Sandy,9.17,9.18
Rajasthan,District A,2016,Wheat,996.4,4690.62,483.34,295.2,134.86,6.08,Peaty,9.51,43.39
Rajasthan,District A,2016,Rice,792.2,5702.52,141.81,232.39,132.55,5.76,Sandy,7.42,50.75
Rajasthan,District A,2016,Maize,1503.5,1999.21,307.54,148.05,101.33,8.4,Silty,9.99,29.51
Rajasthan,District A,2016,Sugarcane,1108.3,5421.1,356.76,142.17,181.7,7.75,Sandy,3.99,28.02
Rajasthan,District A,2016,Cotton,1627.1,2159.24,476.27,92.63,86.6,6.1,Sandy,6.36,27.56
Rajasthan,District A,2017,Wheat,1936.3,3324.08,282.89,225.4,114.36,6.65,Loamy,6.37,86.76
Rajasthan,District A,2017,Rice,1528.6,3216.73,151.09,254.08,189.51,6.66,Silty,6.83,38.23
Rajasthan,District A,2017,Maize,998.0,4521.64,336.9,212.28,193.76,7.6,Loamy,6.34,28.34
Rajasthan,District A,2017,Sugarcane,1504.2,2137.12,394.32,211.41,194.82,8.23,Sandy,3.95,27.5
Rajasthan,District A,2017,Cotton,1388.1,1615.51,198.49,135.14,147.51,7.14,Clay,4.01,29.64
Rajasthan,District A,2018,Wheat,549.8,5782.73,300.6,175.63,186.22,6.37,Sandy,6.91,78.52
Rajasthan,District A,2018,Rice,1549.0,5049.23,330.04,265.71,119.02,6.19,Sandy,7.92,83.14
Rajasthan,District A,2018,Maize,699.6,5063.31,273.19,55.83,30.82,7.53,Clay,8.81,73.43
Rajasthan,District A,2018,Sugarcane,532.5,4591.0,176.94,155.65,132.45,8.12,Loamy,3.93,87.12
Rajasthan,District A,2018,Cotton,1044.7,3135.28,223.61,186.74,43.23,5.61,Clay,3.24,98.12
Rajasthan,District A,2019,Wheat,769.1,5613.39,229.79,240.79,102.15,7.71,Peaty,7.8,52.6
Rajasthan,District A,2019,Rice,985.5,4116.55,356.3,215.58,131.3,7.49,Silty,9.04,19.73
Rajasthan,District A,2019,Maize,1605.4,4779.82,103.4,105.16,108.54,6.76,Clay,5.24,17.34
Rajasthan,District A,2019,Sugarcane,1067.4,2810.55,410.9,132.85,135.32,7.52,Peaty,2.28,29.76
Rajasthan,District A,2019,Cotton,1435.3,4768.02,115.67,182.74,121.76,5.74,Sandy,4.48,97.86
Rajasthan,District A,2020,Wheat,865.4,4244.16,438.89,250.51,36.26,7.59,Peaty,4.63,19.95
Rajasthan,District A,2020,Rice,1814.0,4672.14,110.14,52.38,72.42,5.93,Loamy,9.34,31.91
Rajasthan,District A,2020,Maize,765.5,4370.25,414.8,238.31,149.37,5.65,Silty,9.64,88.52
Rajasthan,District A,2020,Sugarcane,663.4,2696.91,433.24,256.08,69.57,7.69,Clay,1.92,73.18
Rajasthan,District A,2020,Cotton,564.4,4840.34,451.91,156.31,94.45,6.41,Peaty,5.93,57.93
Rajasthan,District A,2021,Wheat,1492.6,2851.04,273.11,235.4,197.39,5.6,Sandy,5.47,12.83
Rajasthan,District A,2021,Rice,511.0,2062.36,482.47,241.02,194.08,5.61,Sandy,2.31,47.9
Rajasthan,District A,2021,Maize,1128.9,4495.76,121.84,214.69,83.86,8.28,Loamy,4.6,99.29
Rajasthan,District A,2021,Sugarcane,577.9,5048.84,273.53,158.33,50.62,7.04,Sandy,6.55,24.16
Rajasthan,District A,2021,Cotton,1587.3,4233.13,398.56,237.44,55.41,5.5,Sandy,3.04,1.89
Rajasthan,District A,2022,Wheat,1127.6,2896.95,227.44,161.32,140.4,7.35,Silty,8.27,69.89
Rajasthan,District A,2022,Rice,1406.7,4277.47,245.16,260.23,131.2,6.17,Clay,8.75,62.57
Rajasthan,District A,2022,Maize,1098.1,2341.95,344.09,96.08,104.63,7.53,Peaty,9.74,58.4
Rajasthan,District A,2022,Sugarcane,1199.0,3942.68,423.42,203.17,136.47,8.41,Silty,9.33,2.34
Rajasthan,District A,2022,Cotton,1479.4,5867.45,170.34,160.61,146.34,7.4,Peaty,5.06,98.33
Rajasthan,District A,2023,Wheat,939.3,1914.55,272.0,185.43,82.84,6.23,Sandy,4.39,63.14
Rajasthan,District A,2023,Rice,1668.6,4924.51,250.12,191.97,100.94,8.11,Peaty,4.09,9.17
Rajasthan,District A,2023,Maize,751.4,3151.51,325.7,214.2,79.65,7.5,Sandy,6.87,15.86
Rajasthan,District A,2023,Sugarcane,1369.5,3938.53,448.28,137.58,96.13,7.3,Peaty,8.63,42.69
Rajasthan,District A,2023,Cotton,1394.7,5053.03,116.18,255.29,44.96,6.58,Loamy,7.33,65.08
Rajasthan,District A,2024,Wheat,636.6,4097.71,158.9,113.07,102.66,5.83,Peaty,5.21,76.5
Rajasthan,District A,2024,Rice,1768.1,3233.23,346.92,50.01,119.06,8.43,Peaty,5.31,6.0
Rajasthan,District A,2024,Maize,1431.1,4116.33,181.65,249.48,26.71,7.92,Silty,4.98,84.99
Rajasthan,District A,2024,Sugarcane,790.0,3379.74,323.0,81.5,125.82,6.37,Peaty,8.3,6.53
Rajasthan,District A,2024,Cotton,690.2,2036.94,497.64,95.05,181.42,8.47,Silty,6.68,77.91
Rajasthan,District B,2015,Wheat,1089.0,2228.16,273.51,242.97,160.54,6.19,Clay,1.4,73.47
Rajasthan,District B,2015,Rice,569.6,5270.55,462.17,124.35,33.31,6.94,Sandy,7.16,35.47
Rajasthan,District B,2015,Maize,1580.5,5191.27,366.49,166.28,73.19,5.87,Clay,7.48,54.82
Rajasthan,District B,2015,Sugarcane,1582.2,3008.49,126.72,242.77,59.55,7.35,Silty,8.39,38.97
Rajasthan,District B,2015,Cotton,797.0,4144.32,430.52,62.22,127.45,7.43,Peaty,4.99,22.18
Rajasthan,District B,2016,Wheat,952.9,2239.96,270.29,58.88,180.0,5.99,Silty,3.15,59.81
Rajasthan,District B,2016,Rice,1301.1,2673.11,285.19,277.41,96.79,7.39,Clay,1.7,8.13
Rajasthan,District B,2016,Maize,1667.4,3076.16,191.04,236.83,50.59,6.24,Silty,3.16,59.58
Rajasthan,District B,2016,Sugarcane,1331.4,2932.53,411.55,70.22,50.86,6.91,Sandy,6.13,64.62
Rajasthan,District B,2016,Cotton,1335.8,5035.15,320.4,77.77,165.72,7.78,Clay,3.44,29.58
Rajasthan,District B,2017,Wheat,1262.1,2102.45,254.15,95.54,67.66,7.62,Clay,4.35,70.36
Rajasthan,District B,2017,Rice,1004.3,5906.25,169.99,238.27,126.05,6.2,Sandy,2.5,24.97
Rajasthan,District B,2017,Maize,701.8,5088.92,191.47,88.88,132.16,5.73,Peaty,1.0,69.7
Rajasthan,District B,2017,Sugarcane,1343.4,2444.44,193.2,252.74,110.33,7.6,Clay,3.14,97.04
Rajasthan,District B,2017,Cotton,1348.5,2089.42,262.44,132.33,58.54,8.3,Silty,4.06,51.71
Rajasthan,District B,2018,Wheat,1383.5,5502.7,122.26,255.84,196.43,7.7,Peaty,7.36,96.48
Rajasthan,District B,2018,Rice,1019.7,5453.66,108.72,122.05,28.76,7.45,Loamy,6.07,79.34
Rajasthan,District B,2018,Maize,1613.0,4473.71,105.78,69.36,124.67,8.24,Peaty,7.59,37.85
Rajasthan,District B,2018,Sugarcane,992.9,3659.19,446.84,113.01,38.17,8.09,Peaty,9.2,30.57
Rajasthan,District B,2018,Cotton,1262.3,2095.33,460.9,237.46,186.35,7.55,Peaty,1.81,75.82
Rajasthan,District B,2019,Wheat,1445.6,4347.62,405.37,150.12,92.13,6.37,Clay,9.37,92.4
Rajasthan,District B,2019,Rice,1554.4,5577.84,485.41,248.78,93.41,6.95,Loamy,7.03,82.07
Rajasthan,District B,2019,Maize,674.2,2372.56,237.64,97.06,183.16,6.15,Loamy,2.94,30.03
Rajasthan,District B,2019,Sugarcane,1950.7,2798.92,185.37,184.05,140.77,7.68,Silty,1.33,39.38
Rajasthan,District B,2019,Cotton,1660.9,5571.83,340.88,63.08,91.4,5.72,Sandy,3.26,80.26
Rajasthan,District B,2020,Wheat,1694.3,3007.56,378.83,122.46,32.65,7.01,Loamy,5.93,30.34
Rajasthan,District B,2020,Rice,1030.4,4262.1,296.2,230.76,120.9,7.91,Clay,9.32,83.01
Rajasthan,District B,2020,Maize,911.9,3987.35,346.0,82.99,65.71,5.57,Peaty,9.71,87.7
Rajasthan,District B,2020,Sugarcane,921.1,3782.45,122.57,110.19,159.47,5.87,Sandy,7.93,71.84
Rajasthan,District B,2020,Cotton,1612.6,2756.28,129.5,87.24,191.99,7.34,Silty,8.51,46.41
Rajasthan,District B,2021,Wheat,590.4,2737.35,191.45,271.87,136.54,7.18,Peaty,2.0,49.98
Rajasthan,District B,2021,Rice,1716.8,4445.94,354.93,54.36,77.15,8.32,Peaty,4.64,85.96
Rajasthan,District B,2021,Maize,1863.8,5568.63,432.34,151.65,48.6,6.5,Loamy,5.42,21.48
Rajasthan,District B,2021,Sugarcane,1860.2,4722.89,213.5,83.74,71.82,7.37,Sandy,3.37,20.99
Rajasthan,District B,2021,Cotton,1889.5,4620.66,368.61,166.82,87.81,7.17,Peaty,5.09,45.54
Rajasthan,District B,2022,Wheat,1307.5,4356.09,482.93,213.04,179.07,7.17,Silty,1.63,13.33
Rajasthan,District B,2022,Rice,1369.5,3280.71,419.52,185.79,178.81,8.42,Loamy,2.08,77.86
Rajasthan,District B,2022,Maize,1055.8,4557.22,368.6,248.4,145.49,5.62,Loamy,2.5,97.0
Rajasthan,District B,2022,Sugarcane,883.8,3390.48,178.68,83.65,128.17,6.98,Sandy,3.56,8.12
Rajasthan,District B,2022,Cotton,1739.2,5992.88,331.37,64.7,160.48,5.72,Clay,3.92,13.48
Rajasthan,District B,2023,Wheat,1325.4,1586.27,229.63,237.66,184.29,7.28,Clay,6.21,38.85
Rajasthan,District B,2023,Rice,1661.3,2081.83,274.89,224.73,93.26,5.68,Loamy,7.31,27.53
Rajasthan,District B,2023,Maize,849.3,2865.11,449.65,179.5,48.42,7.82,Peaty,4.71,56.81
Rajasthan,District B,2023,Sugarcane,1376.7,1810.64,434.72,169.86,198.07,7.65,Loamy,5.08,14.08
Rajasthan,District B,2023,Cotton,1591.0,4999.92,441.13,125.36,111.92,8.07,Sandy,7.04,60.17
Rajasthan,District B,2024,Wheat,625.0,5685.61,278.15,218.56,178.9,5.89,Peaty,8.56,49.48
Rajasthan,District B,2024,Rice,550.2,4517.32,249.81,150.6,99.43,6.98,Sandy,7.99,67.16
Rajasthan,District B,2024,Maize,1705.2,2049.67,434.73,146.82,115.18,6.8,Sandy,4.12,40.57
Rajasthan,District B,2024,Sugarcane,678.6,4867.06,340.62,141.05,50.88,7.28,Clay,8.94,67.4
Rajasthan,District B,2024,Cotton,1885.6,4398.05,437.58,188.82,103.27,7.09,Clay,6.92,89.72
Rajasthan,District C,2015,Wheat,1673.5,3579.0,481.57,296.36,108.76,8.09,Sandy,9.52,8.27
Rajasthan,District C,2015,Rice,1396.5,5449.5,131.91,188.47,168.37,8.46,Clay,1.59,49.9
Rajasthan,District C,2015,Maize,872.1,2734.67,428.76,296.73,103.5,6.47,Peaty,9.58,46.58
Rajasthan,District C,2015,Sugarcane,1940.8,5721.38,461.16,277.46,181.7,7.96,Peaty,1.22,13.23
Rajasthan,District C,2015,Cotton,701.3,1605.93,146.68,279.94,139.48,6.44,Silty,3.96,96.36
Rajasthan,District C,2016,Wheat,1973.3,4890.71,493.57,78.39,198.62,5.81,Clay,2.41,97.73
Rajasthan,District C,2016,Rice,605.3,3903.04,466.41,286.42,61.78,5.93,Peaty,9.73,96.03
Rajasthan,District C,2016,Maize,831.7,2516.62,246.42,127.55,75.01,7.32,Clay,9.43,6.79
Rajasthan,District C,2016,Sugarcane,917.0,2647.56,242.98,156.08,90.05,8.36,Peaty,7.74,72.51
Rajasthan,District C,2016,Cotton,1374.4,5373.74,349.67,268.69,74.5,5.9,Loamy,6.86,73.73
Rajasthan,District C,2017,Wheat,990.1,3773.24,457.97,269.95,154.88,7.79,Sandy,4.49,84.3
Rajasthan,District C,2017,Rice,1066.9,5242.38,362.6,177.38,62.64,8.27,Clay,4.77,2.52
Rajasthan,District C,2017,Maize,1933.8,1819.2,344.07,75.55,71.15,6.06,Peaty,3.77,38.71
Rajasthan,District C,2017,Sugarcane,528.1,5743.27,231.76,151.04,183.4,7.08,Silty,6.81,13.56
Rajasthan,District C,2017,Cotton,558.1,2598.15,251.34,259.39,153.42,8.37,Clay,1.38,60.98
Rajasthan,District C,2018,Wheat,1285.1,5025.46,111.56,245.21,113.76,6.61,Silty,7.63,83.84
Rajasthan,District C,2018,Rice,1390.6,2020.54,225.14,168.88,141.89,6.46,Peaty,7.93,9.07
Rajasthan,District C,2018,Maize,945.9,4425.5,154.69,219.4,30.62,6.5,Sandy,2.01,80.51
Rajasthan,District C,2018,Sugarcane,952.2,5990.54,403.36,200.29,197.05,6.45,Sandy,4.68,90.24
Rajasthan,District C,2018,Cotton,943.6,1541.49,178.7,77.38,77.42,7.98,Peaty,1.85,76.31
Rajasthan,District C,2019,Wheat,803.1,5281.47,484.61,103.09,34.05,6.95,Silty,3.72,71.54
Rajasthan,District C,2019,Rice,1486.4,2346.08,144.71,215.22,141.75,6.6,Silty,8.67,97.18
Rajasthan,District C,2019,Maize,1498.1,5648.73,152.82,293.77,26.03,7.08,Peaty,8.3,11.12
Rajasthan,District C,2019,Sugarcane,561.5,3003.35,350.4,248.35,118.29,7.24,Clay,5.76,61.12
Rajasthan,District C,2019,Cotton,1274.3,5462.06,194.21,116.0,43.03,7.96,Silty,4.43,33.0
Rajasthan,District C,2020,Wheat,774.7,2158.35,235.51,60.41,98.59,7.3,Sandy,4.52,50.92
Rajasthan,District C,2020,Rice,662.3,3919.55,427.79,144.41,83.48,6.52,Peaty,3.3,24.12
Rajasthan,District C,2020,Maize,1347.9,4047.07,187.18,196.87,82.26,7.42,Loamy,2.94,64.49
Rajasthan,District C,2020,Sugarcane,701.6,5792.89,337.21,206.56,98.08,6.53,Loamy,2.49,5.92
Rajasthan,District C,2020,Cotton,1544.5,3359.56,125.51,222.64,136.0,7.66,Loamy,5.17,71.82
Rajasthan,District C,2021,Wheat,1579.5,3658.15,309.26,57.5,74.77,6.54,Silty,6.22,31.95
Rajasthan,District C,2021,Rice,1938.0,4255.68,101.99,189.02,85.5,5.6,Sandy,7.96,50.38
Rajasthan,District C,2021,Maize,1459.2,4378.84,368.41,146.9,86.6,5.51,Loamy,3.33,51.87
Rajasthan,District C,2021,Sugarcane,1433.5,3390.46,450.68,180.86,26.45,6.17,Peaty,6.58,93.01
Rajasthan,District C,2021,Cotton,1827.1,3758.86,359.86,192.45,32.06,5.98,Sandy,9.4,31.58
Rajasthan,District C,2022,Wheat,1538.3,5185.39,396.37,279.4,175.57,8.48,Sandy,3.74,63.62
Rajasthan,District C,2022,Rice,1599.6,3905.72,129.57,260.4,192.96,6.72,Silty,5.68,31.02
Rajasthan,District C,2022,Maize,1221.6,4845.1,292.94,128.7,37.28,8.28,Silty,6.13,71.52
Rajasthan,District C,2022,Sugarcane,1756.6,3536.25,399.14,125.45,58.35,6.06,Clay,7.36,37.11
Rajasthan,District C,2022,Cotton,1241.0,4409.31,275.1,248.26,40.93,7.65,Sandy,4.76,71.28
Rajasthan,District C,2023,Wheat,513.9,2743.77,156.95,81.9,192.63,6.63,Loamy,3.89,43.92
Rajasthan,District C,2023,Rice,912.6,5747.01,251.0,214.52,60.31,6.16,Sandy,3.66,11.71
Rajasthan,District C,2023,Maize,886.3,3243.05,120.88,169.67,153.2,7.04,Clay,3.32,49.93
Rajasthan,District C,2023,Sugarcane,1790.4,5563.34,432.93,132.14,75.18,8.46,Clay,3.59,70.48
Rajasthan,District C,2023,Cotton,1062.4,2094.52,194.89,210.69,29.34,6.32,Sandy,3.21,57.6
Rajasthan,District C,2024,Wheat,1548.8,2898.31,374.18,135.79,134.29,7.4,Loamy,4.73,37.25
Rajasthan,District C,2024,Rice,1127.1,2429.05,159.8,177.3,187.05,6.68,Loamy,9.11,35.04
Rajasthan,District C,2024,Maize,544.3,1610.73,155.8,77.51,154.66,6.38,Silty,3.79,12.43
Rajasthan,District C,2024,Sugarcane,1900.0,4371.63,110.79,215.59,100.49,8.42,Sandy,7.67,25.0
Rajasthan,District C,2024,Cotton,924.4,5229.64,460.47,256.19,46.6,8.5,Sandy,2.3,34.9
Sikkim,District A,2015,Wheat,1378.8,2124.52,441.09,56.87,38.51,5.85,Loamy,6.3,81.42
Sikkim,District A,2015,Rice,1111.0,4913.65,254.95,197.5,160.06,5.85,Clay,4.18,19.48
Sikkim,District A,2015,Maize,902.5,5194.26,165.19,245.06,141.51,6.48,Loamy,8.08,53.19
Sikkim,District A,2015,Sugarcane,1637.2,3468.02,116.51,220.44,99.94,8.12,Loamy,4.24,72.41
Sikkim,District A,2015,Cotton,1242.8,2397.5,267.95,105.64,20.9,6.24,Loamy,3.98,3.05
Sikkim,District A,2016,Wheat,1742.0,3711.81,356.74,152.87,82.19,6.17,Peaty,8.32,49.61
Sikkim,District A,2016,Rice,1584.2,5864.01,239.36,176.07,112.62,8.48,Peaty,8.45,50.39
Sikkim,District A,2016,Maize,1076.7,2225.65,428.28,194.06,36.64,7.45,Clay,8.3,91.89
Sikkim,District A,2016,Sugarcane,1400.7,4792.26,122.64,190.06,155.96,6.99,Loamy,5.21,5.84
Sikkim,District A,2016,Cotton,1213.7,1623.99,345.32,196.63,163.61,7.25,Loamy,8.05,13.27
Sikkim,District A,2017,Wheat,898.2,1618.04,254.45,177.38,190.27,7.07,Sandy,3.64,1.97
Sikkim,District A,2017,Rice,1209.4,4958.66,444.9,255.11,94.96,7.69,Peaty,6.5,85.02
Sikkim,District A,2017,Maize,996.1,2247.15,162.82,117.59,100.32,8.13,Clay,8.27,77.41
Sikkim,District A,2017,Sugarcane,946.8,1835.49,170.6,73.22,63.81,6.88,Loamy,2.14,19.31
Sikkim,District A,2017,Cotton,1285.1,2018.53,485.99,176.78,88.42,5.97,Loamy,7.35,14.82
Sikkim,District A,2018,Wheat,1536.2,1596.55,160.31,227.47,148.13,7.42,Peaty,6.45,7.09
Sikkim,District A,2018,Rice,1144.4,2679.14,294.69,151.08,168.78,6.24,Peaty,8.23,61.45
Sikkim,District A,2018,Maize,1158.3,1617.15,230.87,155.16,107.45,8.29,Silty,9.91,86.19
Sikkim,District A,2018,Sugarcane,1158.2,5998.63,305.63,91.78,120.06,6.18,Silty,7.23,40.88
Sikkim,District A,2018,Cotton,1609.4,5550.63,172.06,99.0,93.57,6.01,Peaty,7.38,75.12
Sikkim,District A,2019,Wheat,589.3,3029.8,215.27,76.08,85.24,6.4,Silty,9.82,66.27
Sikkim,District A,2019,Rice,1062.8,1794.7,395.22,294.49,32.24,5.52,Silty,1.92,8.16
Sikkim,District A,2019,Maize,1865.5,1858.02,145.61,192.39,156.23,6.7,Silty,6.12,66.92
Sikkim,District A,2019,Sugarcane,1618.9,2099.15,180.18,222.15,173.08,6.73,Clay,7.94,4.44
Sikkim,District A,2019,Cotton,1842.7,5501.77,312.77,112.15,126.59,7.17,Silty,8.72,30.4
Sikkim,District A,2020,Wheat,1716.2,5600.9,129.18,239.11,65.96,6.03,Silty,1.19,60.84
Sikkim,District A,2020,Rice,1942.9,4474.57,468.91,191.5,171.81,5.87,Loamy,5.66,20.82
Sikkim,District A,2020,Maize,1665.1,2844.88,332.16,117.88,96.53,6.12,Loamy,7.48,89.05
Sikkim,District A,2020,Sugarcane,1984.7,3777.29,423.23,191.72,107.56,7.11,Peaty,4.79,72.37
Sikkim,District A,2020,Cotton,874.5,4273.72,385.18,273.02,79.74,8.08,Peaty,3.82,95.2
Sikkim,District A,2021,Wheat,1441.4,3213.04,416.73,126.12,51.75,7.13,Silty,3.11,75.39
Sikkim,District A,2021,Rice,837.0,4163.05,378.8,264.94,152.1,7.9,Peaty,2.94,81.02
Sikkim,District A,2021,Maize,924.3,1655.2,143.97,236.47,67.17,7.46,Loamy,2.33,18.73
Sikkim,District A,2021,Sugarcane,1171.3,3849.67,465.51,145.25,59.15,7.73,Peaty,4.68,61.38
Sikkim,District A,2021,Cotton,779.3,2154.88,419.54,157.43,197.61,7.07,Loamy,4.23,48.05
Sikkim,District A,2022,Wheat,1856.8,5110.09,197.37,131.2,83.53,8.24,Silty,5.36,1.02
Sikkim,District A,2022,Rice,1546.2,3252.13,353.19,201.67,106.55,8.33,Sandy,8.97,10.09
Sikkim,District A,2022,Maize,1950.5,3898.86,497.49,161.25,115.99,6.3,Peaty,4.99,81.46
Sikkim,District A,2022,Sugarcane,619.6,5047.11,296.1,51.35,60.73,6.08,Clay,5.29,15.97
Sikkim,District A,2022,Cotton,885.2,3768.35,107.86,156.03,142.05,7.05,Silty,5.69,58.89
Sikkim,District A,2023,Wheat,1594.8,2666.67,436.7,288.29,109.83,7.78,Silty,1.63,32.61
Sikkim,District A,2023,Rice,631.2,5949.96,191.61,208.98,71.18,7.46,Silty,8.07,11.08
Sikkim,District A,2023,Maize,1842.7,5281.9,371.52,66.85,57.54,8.08,Clay,5.02,68.87
Sikkim,District A,2023,Sugarcane,708.4,1598.76,456.19,193.64,23.6,8.48,Clay,7.61,10.28
Sikkim,District A,2023,Cotton,1430.9,3464.22,262.42,108.07,25.48,8.04,Loamy,2.29,91.37
Sikkim,District A,2024,Wheat,1819.2,2177.82,475.38,189.45,146.3,8.02,Loamy,4.84,84.5
Sikkim,District A,2024,Rice,1570.5,2774.32,339.83,157.55,21.19,7.92,Clay,4.25,17.9
Sikkim,District A,2024,Maize,1594.9,5476.44,131.51,246.26,181.23,8.42,Loamy,3.13,10.55
Sikkim,District A,2024,Sugarcane,575.3,1602.97,272.47,156.68,53.4,7.85,Sandy,9.24,58.76
Sikkim,District A,2024,Cotton,541.4,5833.38,223.18,162.49,71.17,7.69,Clay,7.84,85.96
Sikkim,District B,2015,Wheat,1601.5,5655.68,308.37,219.36,86.52,5.53,Loamy,8.83,17.39
Sikkim,District B,2015,Rice,543.0,2240.26,458.12,123.88,62.07,5.54,Silty,9.54,98.59
Sikkim,District B,2015,Maize,852.5,4513.65,436.65,108.42,53.78,5.53,Peaty,9.93,68.07
Sikkim,District B,2015,Sugarcane,1889.9,3038.44,359.07,218.62,177.12,8.48,Loamy,6.68,33.64
Sikkim,District B,2015,Cotton,1717.5,4893.67,457.01,135.93,53.22,5.57,Clay,6.2,85.22
Sikkim,District B,2016,Wheat,1084.6,3823.59,104.37,247.39,66.71,7.95,Loamy,3.43,45.69
Sikkim,District B,2016,Rice,1626.8,4702.57,357.08,270.06,164.48,8.45,Peaty,5.6,21.37
Sikkim,District B,2016,Maize,1279.0,2133.44,271.94,199.48,31.16,6.7,Sandy,5.24,1.04
Sikkim,District B,2016,Sugarcane,743.1,1960.44,117.61,228.5,54.62,8.02,Silty,8.39,46.61
Sikkim,District B,2016,Cotton,1399.3,3013.02,118.42,142.54,113.29,5.54,Sandy,4.02,99.32
Sikkim,District B,2017,Wheat,1978.3,2354.12,351.98,183.88,47.79,6.0,Loamy,4.75,14.13
Sikkim,District B,2017,Rice,1387.6,5984.77,459.72,119.65,123.86,5.85,Peaty,1.63,88.97
Sikkim,District B,2017,Maize,798.1,4906.05,239.82,168.6,72.43,7.59,Sandy,6.27,78.99
Sikkim,District B,2017,Sugarcane,1721.1,2392.26,260.66,206.05,76.86,7.47,Silty,6.84,44.66
Sikkim,District B,2017,Cotton,825.7,3090.23,296.84,72.89,192.37,7.5,Peaty,8.41,32.26
Sikkim,District B,2018,Wheat,1395.2,2747.14,393.36,230.75,119.37,6.22,Loamy,6.66,70.81
Sikkim,District B,2018,Rice,1460.4,4518.17,390.36,252.27,92.55,7.74,Clay,9.02,41.0
Sikkim,District B,2018,Maize,540.4,4627.33,413.61,54.51,127.11,7.27,Loamy,1.79,0.43
Sikkim,District B,2018,Sugarcane,1509.4,4265.13,395.05,232.91,175.39,8.27,Silty,1.58,98.8
Sikkim,District B,2018,Cotton,1435.7,5759.03,141.53,135.51,44.11,8.01,Peaty,5.51,18.66
Sikkim,District B,2019,Wheat,690.7,4146.74,302.55,223.7,74.94,6.71,Peaty,8.2,26.5
Sikkim,District B,2019,Rice,579.6,3503.37,395.79,252.12,196.8,6.07,Peaty,3.94,94.35
Sikkim,District B,2019,Maize,1481.0,3897.24,181.41,258.34,56.76,6.24,Clay,5.59,28.21
Sikkim,District B,2019,Sugarcane,926.4,1582.35,376.97,243.99,25.84,7.26,Loamy,1.56,45.44
Sikkim,District B,2019,Cotton,931.3,2735.54,188.95,133.13,83.56,6.43,Clay,8.0,13.21
Sikkim,District B,2020,Wheat,906.9,3546.78,477.26,95.88,186.16,7.66,Loamy,7.51,3.12
Sikkim,District B,2020,Rice,648.4,3006.79,129.59,296.9,124.47,6.96,Silty,9.79,95.51
Sikkim,District B,2020,Maize,1689.6,3197.28,126.38,74.59,20.21,5.51,Silty,7.01,72.67
Sikkim,District B,2020,Sugarcane,1269.8,2570.29,465.75,119.42,153.14,6.24,Loamy,6.86,64.27
Sikkim,District B,2020,Cotton,646.1,3387.61,309.96,123.51,178.58,8.01,Silty,4.13,46.8
Sikkim,District B,2021,Wheat,1466.8,4882.27,230.72,196.59,90.08,7.65,Peaty,7.21,65.39
Sikkim,District B,2021,Rice,1313.0,3087.79,440.18,227.43,68.87,7.01,Peaty,6.4,81.2
Sikkim,District B,2021,Maize,1762.2,4515.88,356.61,287.26,89.06,8.0,Sandy,5.42,72.91
Sikkim,District B,2021,Sugarcane,1065.5,2214.96,334.6,99.12,102.37,8.12,Loamy,7.31,92.33
Sikkim,District B,2021,Cotton,1636.9,1879.05,287.65,158.82,80.57,6.97,Sandy,2.96,42.61
Sikkim,District B,2022,Wheat,1957.9,5220.43,143.17,177.13,151.41,7.6,Silty,8.17,44.21
Sikkim,District B,2022,Rice,1816.7,2547.0,333.68,85.73,170.01,5.89,Peaty,2.37,29.45
Sikkim,District B,2022,Maize,1651.5,3343.55,172.59,166.81,122.41,6.86,Loamy,3.56,66.13
Sikkim,District B,2022,Sugarcane,668.4,3265.28,396.4,106.2,126.16,5.96,Loamy,7.09,77.59
Sikkim,District B,2022,Cotton,904.5,1770.08,262.34,86.17,69.9,8.34,Loamy,1.82,79.78
Sikkim,District B,2023,Wheat,1243.3,3248.34,480.25,142.75,50.06,6.32,Silty,3.62,51.61
Sikkim,District B,2023,Rice,1503.9,4997.84,384.06,101.4,40.86,7.13,Sandy,7.2,16.68
Sikkim,District B,2023,Maize,734.5,1719.51,264.73,252.21,108.25,6.6,Silty,1.47,39.92
Sikkim,District B,2023,Sugarcane,649.9,1965.97,258.14,175.71,53.6,7.55,Silty,1.57,16.73
Sikkim,District B,2023,Cotton,1785.9,4139.85,411.51,252.2,168.18,7.15,Peaty,9.43,22.03
Sikkim,District B,2024,Wheat,1715.2,5239.86,121.76,227.99,31.33,7.28,Peaty,4.3,88.08
Sikkim,District B,2024,Rice,1700.8,5666.82,225.96,55.38,166.06,6.17,Peaty,7.6,62.27
Sikkim,District B,2024,Maize,1226.7,2294.38,421.26,118.29,167.69,7.33,Clay,1.37,23.24
Sikkim,District B,2024,Sugarcane,1833.6,5180.88,329.94,166.58,136.49,6.9,Loamy,3.77,83.85
Sikkim,District B,2024,Cotton,1552.9,2984.89,432.27,171.84,51.43,5.73,Peaty,9.49,78.63
Sikkim,District C,2015,Wheat,801.4,4367.74,403.66,102.36,36.8,6.56,Sandy,3.17,76.21
Sikkim,District C,2015,Rice,1360.8,1643.13,317.17,251.49,69.7,8.19,Silty,1.69,15.99
Sikkim,District C,2015,Maize,1755.5,3377.88,418.78,182.81,106.5,7.92,Clay,8.22,10.07
Sikkim,District C,2015,Sugarcane,1454.5,4661.64,459.64,106.08,128.76,6.8,Sandy,9.55,92.74
Sikkim,District C,2015,Cotton,1481.5,4459.73,198.78,257.16,133.87,7.98,Sandy,8.81,83.89
Sikkim,District C,2016,Wheat,1059.2,4853.55,270.99,260.03,115.54,7.79,Sandy,6.31,55.03
Sikkim,District C,2016,Rice,1415.0,4630.39,467.24,246.42,59.53,7.98,Clay,9.68,53.41
Sikkim,District C,2016,Maize,1289.2,3153.38,270.24,170.52,47.38,6.59,Silty,9.72,20.17
Sikkim,District C,2016,Sugarcane,1369.4,1874.58,187.16,240.83,74.47,8.46,Peaty,6.99,80.66
Sikkim,District C,2016,Cotton,649.2,4097.08,125.0,93.99,78.59,7.62,Peaty,2.39,49.96
Sikkim,District C,2017,Wheat,1685.7,3494.79,166.32,128.3,58.23,5.88,Clay,5.87,7.28
Sikkim,District C,2017,Rice,1405.7,5968.61,485.65,257.29,67.94,5.57,Silty,5.99,93.98
Sikkim,District C,2017,Maize,1862.0,4108.03,155.58,164.95,150.53,8.36,Sandy,2.98,72.89
Sikkim,District C,2017,Sugarcane,1032.9,4500.8,148.81,226.4,194.98,5.63,Loamy,9.42,0.94
Sikkim,District C,2017,Cotton,620.0,4961.1,374.26,250.24,68.03,8.05,Loamy,3.36,1.06
Sikkim,District C,2018,Wheat,1807.0,3909.05,490.15,228.67,34.48,7.26,Loamy,8.45,19.21
Sikkim,District C,2018,Rice,1344.5,3155.17,302.31,205.19,180.85,6.08,Loamy,6.64,39.41
Sikkim,District C,2018,Maize,744.4,2026.89,323.56,125.12,199.54,6.72,Clay,6.66,24.43
Sikkim,District C,2018,Sugarcane,1241.1,3671.59,281.42,249.02,58.99,8.21,Clay,4.74,87.47
Sikkim,District C,2018,Cotton,596.0,5485.74,224.23,191.28,68.54,8.45,Silty,3.51,10.93
Sikkim,District C,2019,Wheat,885.0,5269.53,346.07,106.83,176.92,7.9,Clay,4.44,95.58
Sikkim,District C,2019,Rice,1114.0,2498.41,352.94,156.82,65.01,7.65,Silty,9.28,35.69
Sikkim,District C,2019,Maize,1542.7,4418.99,368.17,211.26,59.9,5.93,Sandy,1.97,28.27
Sikkim,District C,2019,Sugarcane,1387.5,3229.35,343.42,89.94,67.06,7.2,Peaty,6.08,89.23
Sikkim,District C,2019,Cotton,1990.8,5861.82,387.14,85.81,24.17,7.98,Clay,9.16,37.51
Sikkim,District C,2020,Wheat,957.0,3521.12,237.59,229.71,58.44,7.48,Silty,6.2,36.1
Sikkim,District C,2020,Rice,1494.6,4040.53,469.59,75.4,59.72,7.8,Silty,2.49,50.33
Sikkim,District C,2020,Maize,1478.2,1701.72,216.65,252.36,113.64,5.61,Sandy,4.02,71.8
Sikkim,District C,2020,Sugarcane,593.1,4692.73,127.32,196.8,127.56,6.41,Loamy,9.54,53.56
Sikkim,District C,2020,Cotton,1369.6,4267.59,456.42,65.06,180.79,6.22,Loamy,6.92,97.7
Sikkim,District C,2021,Wheat,585.9,3417.55,311.91,113.03,196.92,7.42,Loamy,4.74,35.4
Sikkim,District C,2021,Rice,1329.7,3458.75,385.98,116.45,100.93,8.19,Silty,5.0,52.39
Sikkim,District C,2021,Maize,1097.5,4728.17,450.64,260.21,161.48,5.54,Clay,2.33,28.51
Sikkim,District C,2021,Sugarcane,1821.6,3932.24,228.54,186.92,59.29,5.58,Silty,6.82,20.42
Sikkim,District C,2021,Cotton,1541.0,1514.0,319.51,150.27,74.56,7.05,Sandy,2.54,18.17
Sikkim,District C,2022,Wheat,665.4,5743.39,369.1,247.48,79.61,6.88,Peaty,9.0,85.3
Sikkim,District C,2022,Rice,1677.2,1762.36,169.7,133.54,67.35,8.02,Silty,7.76,77.15
Sikkim,District C,2022,Maize,1248.9,3092.47,473.37,63.57,47.47,6.76,Peaty,7.08,50.65
Sikkim,District C,2022,Sugarcane,719.8,1612.27,472.3,81.42,146.89,7.46,Loamy,6.29,48.01
Sikkim,District C,2022,Cotton,1357.3,4016.66,222.82,74.36,181.42,7.3,Loamy,5.18,75.65
Sikkim,District C,2023,Wheat,1376.7,1742.11,456.04,126.38,44.82,5.76,Silty,1.75,77.64
Sikkim,District C,2023,Rice,1436.1,4015.59,345.59,282.55,138.0,7.44,Clay,9.61,14.87
Sikkim,District C,2023,Maize,1646.0,4347.99,426.76,57.17,34.06,5.71,Peaty,2.07,57.89
Sikkim,District C,2023,Sugarcane,985.2,3998.91,193.99,161.09,176.12,6.63,Silty,4.71,1.93
Sikkim,District C,2023,Cotton,852.1,4144.96,484.78,75.89,41.88,7.61,Peaty,1.28,85.95
Sikkim,District C,2024,Wheat,1077.5,5886.84,148.19,286.17,134.17,5.66,Clay,5.74,68.68
Sikkim,District C,2024,Rice,1236.4,4472.73,245.97,56.98,195.33,7.96,Clay,5.04,63.5
Sikkim,District C,2024,Maize,785.9,4100.95,313.46,102.07,45.42,7.78,Sandy,8.97,99.22
Sikkim,District C,2024,Sugarcane,581.0,3728.65,231.55,148.42,101.29,7.72,Silty,7.54,21.16
Sikkim,District C,2024,Cotton,1203.1,4441.01,315.8,202.08,118.32,6.1,Peaty,4.74,53.2
Tamil Nadu,District A,2015,Wheat,1962.7,1691.11,279.29,209.0,21.52,7.29,Clay,3.06,62.54
Tamil Nadu,District A,2015,Rice,559.3,2298.47,217.34,220.84,177.66,7.9,Clay,1.27,31.05
Tamil Nadu,District A,2015,Maize,1709.0,3555.0,159.98,159.64,55.65,6.68,Silty,4.19,66.52
Tamil Nadu,District A,2015,Sugarcane,1600.7,3611.32,358.0,102.64,174.81,8.1,Sandy,5.93,60.67
Tamil Nadu,District A,2015,Cotton,1208.6,5600.14,395.89,218.13,113.62,5.75,Peaty,4.01,14.23
Tamil Nadu,District A,2016,Wheat,922.8,5546.05,163.76,132.31,103.64,8.04,Silty,5.03,31.8
Tamil Nadu,District A,2016,Rice,1955.6,5445.35,199.97,128.38,115.2,6.34,Loamy,8.44,86.4
Tamil Nadu,District A,2016,Maize,1354.4,5401.26,304.01,201.76,156.57,6.78,Clay,1.24,83.95
Tamil Nadu,District A,2016,Sugarcane,765.6,4532.4,242.95,254.02,111.74,6.47,Silty,2.12,69.91
Tamil Nadu,District A,2016,Cotton,1764.4,1589.44,193.44,286.31,89.35,8.32,Peaty,6.37,56.78
Tamil Nadu,District A,2017,Wheat,744.1,1812.91,321.05,167.0,41.54,8.01,Sandy,8.44,20.83
Tamil Nadu,District A,2017,Rice,1081.9,4383.76,449.91,215.12,171.02,6.92,Clay,9.82,15.35
Tamil Nadu,District A,2017,Maize,1890.4,3850.64,357.29,269.47,93.74,6.76,Loamy,1.17,49.67
Tamil Nadu,District A,2017,Sugarcane,936.6,5675.79,135.09,164.83,190.54,8.2,Silty,5.25,37.06
Tamil Nadu,District A,2017,Cotton,1341.9,5761.83,404.35,221.76,94.87,6.36,Loamy,6.0,80.19
Tamil Nadu,District A,2018,Wheat,816.7,3294.44,152.03,68.94,128.84,6.07,Silty,8.28,12.0
Tamil Nadu,District A,2018,Rice,1191.9,2050.54,276.74,61.78,113.17,7.89,Peaty,5.58,82.88
Tamil Nadu,District A,2018,Maize,841.7,5238.58,210.55,140.62,43.12,5.81,Clay,4.0,52.92
Tamil Nadu,District A,2018,Sugarcane,1021.8,5415.6,460.29,131.5,36.56,6.13,Loamy,1.0,5.97
Tamil Nadu,District A,2018,Cotton,1148.8,5811.83,456.34,298.5,95.03,5.64,Peaty,3.25,42.74
Tamil Nadu,District A,2019,Wheat,1182.2,2833.7,498.27,241.91,144.64,8.06,Clay,4.16,53.75
Tamil Nadu,District A,2019,Rice,1623.6,2006.56,416.45,56.57,99.76,7.26,Loamy,6.17,15.87
Tamil Nadu,District A,2019,Maize,1276.3,3281.03,291.74,99.27,110.15,5.95,Silty,1.71,88.96
Tamil Nadu,District A,2019,Sugarcane,1424.6,2922.48,118.26,208.06,87.22,8.22,Loamy,1.35,94.93
Tamil Nadu,District A,2019,Cotton,1947.3,1624.84,386.41,105.37,146.25,8.11,Sandy,1.03,98.05
Tamil Nadu,District A,2020,Wheat,1907.5,2733.65,355.29,232.31,124.04,8.03,Silty,5.45,42.92
Tamil Nadu,District A,2020,Rice,517.4,4056.18,149.9,241.16,66.39,7.52,Loamy,6.55,26.7
Tamil Nadu,District A,2020,Maize,900.6,5383.72,105.12,95.38,129.83,7.95,Sandy,6.88,55.72
Tamil Nadu,District A,2020,Sugarcane,596.8,4297.88,425.56,298.11,25.34,7.48,Clay,2.66,3.65
Tamil Nadu,District A,2020,Cotton,1786.0,3878.26,231.1,122.39,118.05,6.48,Sandy,3.15,63.54
Tamil Nadu,District A,2021,Wheat,1780.6,2508.3,303.15,212.17,121.63,6.6,Sandy,7.58,62.21
Tamil Nadu,District A,2021,Rice,547.4,3093.74,238.34,185.52,66.41,6.3,Sandy,6.46,36.32
Tamil Nadu,District A,2021,Maize,873.6,4078.04,452.68,180.14,139.06,6.57,Clay,3.03,50.69
Tamil Nadu,District A,2021,Sugarcane,1163.3,3054.53,277.1,145.96,189.18,8.44,Silty,9.16,7.48
Tamil Nadu,District A,2021,Cotton,574.6,2073.62,146.58,71.96,139.04,7.3,Loamy,3.44,82.2
Tamil Nadu,District A,2022,Wheat,1620.7,3755.61,369.12,96.39,140.2,5.52,Clay,6.88,74.02
Tamil Nadu,District A,2022,Rice,924.8,4068.82,123.81,290.01,39.79,5.7,Peaty,4.85,9.72
Tamil Nadu,District A,2022,Maize,1617.0,5544.93,204.09,207.19,27.62,6.66,Silty,9.1,70.16
Tamil Nadu,District A,2022,Sugarcane,1949.3,1870.57,461.05,261.41,180.77,5.52,Peaty,5.96,49.54
Tamil Nadu,District A,2022,Cotton,1003.1,4720.07,315.28,283.22,62.95,6.43,Sandy,7.26,34.21
Tamil Nadu,District A,2023,Wheat,980.3,5029.52,121.24,239.81,166.49,7.06,Loamy,5.26,17.81
Tamil Nadu,District A,2023,Rice,1042.1,5576.4,497.5,155.46,50.03,6.36,Loamy,1.03,34.92
Tamil Nadu,District A,2023,Maize,607.2,4847.21,324.41,193.04,71.57,7.94,Silty,4.0,65.95
Tamil Nadu,District A,2023,Sugarcane,1861.9,2555.77,316.44,184.5,177.35,5.65,Loamy,2.64,2.15
Tamil Nadu,District A,2023,Cotton,720.5,5894.12,185.94,283.76,56.95,8.29,Loamy,3.16,0.99
Tamil Nadu,District A,2024,Wheat,1182.1,1821.33,456.88,93.42,96.54,6.8,Clay,9.32,93.85
Tamil Nadu,District A,2024,Rice,561.0,1567.09,270.03,197.66,70.02,6.28,Peaty,1.13,80.39
Tamil Nadu,District A,2024,Maize,1554.9,2541.24,256.09,223.83,84.47,5.99,Loamy,7.51,32.08
Tamil Nadu,District A,2024,Sugarcane,682.7,5232.95,201.12,178.2,144.44,6.45,Clay,4.1,49.46
Tamil Nadu,District A,2024,Cotton,1728.0,5273.51,389.98,111.8,149.63,6.24,Silty,5.92,67.89
Tamil Nadu,District B,2015,Wheat,579.6,1770.1,413.67,264.87,128.8,6.79,Peaty,3.4,47.54
Tamil Nadu,District B,2015,Rice,1129.7,2988.59,142.35,171.12,173.04,7.69,Loamy,4.29,70.84
Tamil Nadu,District B,2015,Maize,1198.3,2176.24,267.62,83.18,40.61,5.57,Silty,6.68,79.34
Tamil Nadu,District B,2015,Sugarcane,521.7,5461.64,481.62,193.79,155.68,7.04,Peaty,8.67,59.68
Tamil Nadu,District B,2015,Cotton,1369.1,4466.09,442.4,232.98,58.0,6.9,Clay,8.93,3.93
Tamil Nadu,District B,2016,Wheat,1474.1,3648.59,161.72,235.81,94.04,7.09,Clay,8.19,76.05
Tamil Nadu,District B,2016,Rice,968.2,4662.28,297.82,130.82,94.33,8.19,Peaty,8.31,49.38
Tamil Nadu,District B,2016,Maize,1786.6,5526.8,339.06,176.91,160.99,6.3,Loamy,2.13,97.85
Tamil Nadu,District B,2016,Sugarcane,1181.9,5199.77,407.46,228.42,168.93,5.8,Silty,3.69,55.9
Tamil Nadu,District B,2016,Cotton,875.9,5734.33,304.51,82.24,70.33,7.69,Silty,1.88,38.49
Tamil Nadu,District B,2017,Wheat,1988.1,4060.24,348.71,167.75,139.22,8.37,Silty,8.31,29.64
Tamil Nadu,District B,2017,Rice,1019.6,3142.43,491.67,140.19,39.56,7.83,Silty,3.7,30.55
Tamil Nadu,District B,2017,Maize,1080.8,5849.15,133.76,254.69,81.48,8.05,Silty,1.07,62.63
Tamil Nadu,District B,2017,Sugarcane,1363.0,2931.62,309.56,173.26,65.16,6.38,Clay,1.67,85.67
Tamil Nadu,District B,2017,Cotton,1790.2,3358.2,344.84,210.49,154.87,7.06,Loamy,5.82,67.08
Tamil Nadu,District B,2018,Wheat,1011.3,4759.48,228.17,149.38,141.45,6.64,Peaty,8.85,92.22
Tamil Nadu,District B,2018,Rice,1440.1,5150.18,494.66,203.69,183.58,6.58,Clay,9.07,65.06
Tamil Nadu,District B,2018,Maize,1659.3,4258.26,310.1,291.67,70.88,5.96,Loamy,3.47,72.73
Tamil Nadu,District B,2018,Sugarcane,987.7,1753.48,183.95,152.17,153.42,5.8,Peaty,3.32,49.03
Tamil Nadu,District B,2018,Cotton,1919.2,3250.06,355.9,156.93,28.42,7.01,Sandy,9.14,11.33
Tamil Nadu,District B,2019,Wheat,699.6,2289.07,419.75,169.55,46.14,7.56,Loamy,3.56,26.37
Tamil Nadu,District B,2019,Rice,1282.1,5854.97,468.21,139.91,160.37,8.26,Loamy,6.92,38.49
Tamil Nadu,District B,2019,Maize,1999.4,3324.2,318.49,106.35,47.38,7.44,Clay,6.07,58.32
Tamil Nadu,District B,2019,Sugarcane,1365.4,1846.52,401.48,277.36,111.89,7.66,Sandy,6.78,67.43
Tamil Nadu,District B,2019,Cotton,1582.1,2672.26,333.07,260.54,73.31,8.19,Loamy,4.81,62.32
Tamil Nadu,District B,2020,Wheat,1102.8,5271.16,292.93,275.3,111.77,7.48,Sandy,2.32,73.67
Tamil Nadu,District B,2020,Rice,708.3,5274.9,338.58,284.54,175.87,5.72,Silty,2.73,17.73
Tamil Nadu,District B,2020,Maize,1043.2,5329.32,385.78,191.62,23.5,6.21,Clay,3.18,73.03
Tamil Nadu,District B,2020,Sugarcane,777.0,4228.65,351.28,237.99,98.9,7.4,Loamy,9.53,52.19
Tamil Nadu,District B,2020,Cotton,814.4,4505.52,319.39,250.96,51.84,6.28,Loamy,8.68,90.06
Tamil Nadu,District B,2021,Wheat,1083.3,2279.62,427.14,103.44,187.21,5.57,Clay,1.03,64.46
Tamil Nadu,District B,2021,Rice,1496.4,4472.82,308.24,202.78,165.89,7.85,Clay,5.1,67.49
Tamil Nadu,District B,2021,Maize,1531.2,5435.26,365.97,190.51,147.86,7.75,Silty,1.99,7.48
Tamil Nadu,District B,2021,Sugarcane,1061.1,3741.0,346.26,289.51,79.54,7.78,Loamy,6.54,96.72
Tamil Nadu,District B,2021,Cotton,686.5,3782.76,120.64,130.3,131.71,8.02,Sandy,5.17,90.92
Tamil Nadu,District B,2022,Wheat,954.1,4892.93,289.6,274.66,163.54,8.2,Clay,7.01,73.85
Tamil Nadu,District B,2022,Rice,1613.6,3768.0,104.5,115.36,78.19,8.06,Sandy,8.91,73.08
Tamil Nadu,District B,2022,Maize,536.3,2917.29,151.57,88.69,72.36,5.72,Silty,9.61,31.19
Tamil Nadu,District B,2022,Sugarcane,739.6,4732.35,431.4,128.51,70.13,6.23,Peaty,1.79,66.91
Tamil Nadu,District B,2022,Cotton,1733.3,4486.57,268.48,122.24,93.7,6.77,Silty,4.58,38.23
Tamil Nadu,District B,2023,Wheat,861.8,2478.65,220.95,266.06,158.07,7.54,Silty,5.57,26.71
Tamil Nadu,District B,2023,Rice,611.5,2989.68,298.23,64.33,35.88,6.29,Sandy,2.06,22.58
Tamil Nadu,District B,2023,Maize,892.5,1804.36,230.44,68.06,146.62,6.66,Sandy,4.61,1.75
Tamil Nadu,District B,2023,Sugarcane,1156.4,3013.43,421.54,76.78,156.84,7.64,Sandy,7.35,13.16
Tamil Nadu,District B,2023,Cotton,1165.6,4344.74,321.8,294.41,161.43,7.82,Loamy,8.93,87.3
Tamil Nadu,District B,2024,Wheat,1098.2,5832.91,373.61,258.0,110.16,5.98,Loamy,5.28,79.7
Tamil Nadu,District B,2024,Rice,1011.0,5578.03,317.93,166.36,161.67,5.8,Clay,5.29,7.68
Tamil Nadu,District B,2024,Maize,1244.1,3006.1,363.06,95.57,90.9,8.4,Peaty,6.42,9.06
Tamil Nadu,District B,2024,Sugarcane,735.5,4222.2,277.6,187.12,178.38,7.95,Sandy,6.84,34.37
Tamil Nadu,District B,2024,Cotton,1654.6,2083.24,328.45,118.86,114.97,6.47,Clay,9.02,74.26
Tamil Nadu,District C,2015,Wheat,763.4,2736.9,467.74,159.31,189.41,6.68,Peaty,5.61,65.46
Tamil Nadu,District C,2015,Rice,1185.4,3252.52,281.77,245.38,26.03,7.85,Sandy,8.52,57.79
Tamil Nadu,District C,2015,Maize,1770.9,5219.55,462.99,79.31,46.14,5.75,Clay,9.29,66.23
Tamil Nadu,District C,2015,Sugarcane,1103.0,5997.73,213.18,96.78,103.46,7.01,Sandy,9.2,21.56
Tamil Nadu,District C,2015,Cotton,1443.6,1778.19,132.61,52.39,121.87,7.39,Loamy,7.21,25.14
Tamil Nadu,District C,2016,Wheat,1949.8,5200.63,272.48,246.09,93.56,5.72,Loamy,4.2,38.64
Tamil Nadu,District C,2016,Rice,683.2,4560.89,197.39,207.22,60.17,6.66,Clay,8.41,64.38
Tamil Nadu,District C,2016,Maize,1039.9,3803.98,498.44,235.46,130.61,7.98,Peaty,7.99,15.83
Tamil Nadu,District C,2016,Sugarcane,685.0,2711.92,480.91,236.96,23.5,6.7,Clay,6.74,45.93
Tamil Nadu,District C,2016,Cotton,1946.7,2485.4,335.14,225.05,168.6,6.72,Clay,7.83,61.55
Tamil Nadu,District C,2017,Wheat,1572.7,4583.75,153.72,87.89,65.45,6.7,Loamy,3.62,95.14
Tamil Nadu,District C,2017,Rice,1154.1,3432.14,371.23,241.89,105.6,6.14,Sandy,1.62,27.54
Tamil Nadu,District C,2017,Maize,1404.4,2423.51,369.09,84.19,24.11,8.09,Loamy,2.55,88.59
Tamil Nadu,District C,2017,Sugarcane,1481.6,5803.56,420.02,241.89,109.97,7.96,Silty,2.47,76.66
Tamil Nadu,District C,2017,Cotton,1373.0,5617.25,245.94,295.68,123.65,8.42,Clay,5.54,3.2
Tamil Nadu,District C,2018,Wheat,1439.7,4776.05,454.07,208.17,23.5,5.86,Clay,8.2,30.98
Tamil Nadu,District C,2018,Rice,968.5,4900.14,264.97,66.16,125.32,5.89,Sandy,5.21,32.16
Tamil Nadu,District C,2018,Maize,1341.8,2672.35,260.46,133.15,164.75,8.27,Loamy,8.95,97.69
Tamil Nadu,District C,2018,Sugarcane,1745.8,1642.99,360.74,173.91,188.82,8.21,Loamy,8.76,54.69
Tamil Nadu,District C,2018,Cotton,1572.4,5841.05,331.25,259.99,189.6,7.21,Clay,3.79,18.73
Tamil Nadu,District C,2019,Wheat,674.3,1726.07,401.64,108.96,24.37,6.69,Clay,8.86,10.03
Tamil Nadu,District C,2019,Rice,1402.9,4417.46,408.89,175.76,55.5,6.61,Clay,4.54,10.08
Tamil Nadu,District C,2019,Maize,759.8,3070.29,231.87,237.32,33.46,8.08,Clay,3.78,82.29
Tamil Nadu,District C,2019,Sugarcane,774.2,2059.84,117.98,284.83,75.44,8.25,Loamy,9.17,90.39
Tamil Nadu,District C,2019,Cotton,1885.5,3732.69,446.38,287.69,78.43,6.76,Sandy,8.47,85.42
Tamil Nadu,District C,2020,Wheat,1681.3,5314.23,400.35,284.37,123.75,7.25,Loamy,4.14,5.01
Tamil Nadu,District C,2020,Rice,1624.8,2645.65,289.69,110.11,168.88,8.37,Clay,9.58,15.47
Tamil Nadu,District C,2020,Maize,1360.0,5828.0,444.21,262.6,167.93,6.43,Clay,9.47,49.58
Tamil Nadu,District C,2020,Sugarcane,1031.9,3364.03,233.68,103.1,131.32,7.19,Silty,1.86,79.69
Tamil Nadu,District C,2020,Cotton,762.4,2015.53,349.23,149.66,30.77,6.57,Silty,6.54,36.28
Tamil Nadu,District C,2021,Wheat,787.7,4343.08,455.02,211.57,166.32,7.06,Peaty,7.45,34.93
Tamil Nadu,District C,2021,Rice,1698.9,3466.13,438.74,113.68,22.05,7.4,Sandy,1.54,48.76
Tamil Nadu,District C,2021,Maize,752.9,4333.87,278.02,92.78,94.15,6.2,Sandy,1.35,9.87
Tamil Nadu,District C,2021,Sugarcane,650.7,2680.21,198.35,235.56,123.09,7.79,Clay,1.2,54.67
Tamil Nadu,District C,2021,Cotton,1446.3,2523.85,317.39,299.78,179.65,5.68,Loamy,5.86,5.18
Tamil Nadu,District C,2022,Wheat,1502.8,2729.13,107.88,66.61,192.31,6.54,Sandy,9.73,98.27
Tamil Nadu,District C,2022,Rice,1290.4,5303.34,134.07,182.79,142.2,7.19,Peaty,7.1,56.29
Tamil Nadu,District C,2022,Maize,1794.6,4241.33,329.58,160.19,103.3,8.36,Silty,8.49,2.09
Tamil Nadu,District C,2022,Sugarcane,947.3,1729.3,498.2,156.96,139.19,6.2,Clay,3.47,26.02
Tamil Nadu,District C,2022,Cotton,971.9,3581.2,107.41,199.46,25.7,7.12,Silty,3.18,32.98
Tamil Nadu,District C,2023,Wheat,1558.5,1543.19,226.66,220.07,47.41,7.18,Peaty,8.61,49.28
Tamil Nadu,District C,2023,Rice,1741.5,3185.14,259.35,91.78,184.94,8.19,Clay,1.81,28.21
Tamil Nadu,District C,2023,Maize,1774.5,1549.81,130.81,140.84,199.89,6.38,Sandy,9.99,38.38
Tamil Nadu,District C,2023,Sugarcane,871.7,4304.46,420.75,67.4,131.4,5.61,Sandy,3.31,30.66
Tamil Nadu,District C,2023,Cotton,1200.6,5671.98,384.27,284.21,138.79,5.52,Sandy,8.01,46.63
Tamil Nadu,District C,2024,Wheat,1874.1,5054.73,223.69,287.12,192.99,6.75,Sandy,4.99,64.23
Tamil Nadu,District C,2024,Rice,966.9,1858.65,383.41,164.75,120.17,6.87,Silty,2.99,5.1
Tamil Nadu,District C,2024,Maize,1639.9,2924.12,250.23,171.31,111.3,6.12,Peaty,7.23,14.23
Tamil Nadu,District C,2024,Sugarcane,1299.4,4241.67,174.5,273.62,106.91,5.85,Peaty,2.61,1.69
Tamil Nadu,District C,2024,Cotton,739.7,3196.45,142.65,99.42,157.63,7.81,Silty,5.68,74.47
Telangana,District A,2015,Wheat,1317.1,3234.55,274.32,259.63,121.39,6.63,Sandy,5.46,25.24
Telangana,District A,2015,Rice,1933.4,3709.42,103.58,73.22,71.18,5.78,Sandy,8.41,20.92
Telangana,District A,2015,Maize,1886.1,4503.08,458.85,188.5,144.32,7.36,Clay,7.05,0.16
Telangana,District A,2015,Sugarcane,1144.3,4360.48,318.85,255.28,167.4,7.3,Peaty,8.72,8.47
Telangana,District A,2015,Cotton,820.3,2537.46,340.09,194.16,72.1,6.12,Silty,1.28,84.9
Telangana,District A,2016,Wheat,1075.8,2032.06,327.0,288.09,117.65,7.56,Clay,8.19,7.31
Telangana,District A,2016,Rice,1611.5,5772.52,380.26,259.11,107.4,6.46,Peaty,1.97,78.48
Telangana,District A,2016,Maize,797.4,1629.76,464.3,272.7,59.33,7.84,Loamy,2.06,62.14
Telangana,District A,2016,Sugarcane,1182.5,5647.65,296.88,281.91,34.15,7.99,Clay,4.2,78.38
Telangana,District A,2016,Cotton,1224.9,4718.42,320.89,89.36,31.62,6.6,Loamy,5.68,93.67
Telangana,District A,2017,Wheat,1602.7,4096.99,165.12,87.34,110.4,7.69,Loamy,3.03,10.01
Telangana,District A,2017,Rice,1076.7,5631.78,318.15,130.02,78.25,5.9,Loamy,7.61,1.15
Telangana,District A,2017,Maize,905.8,1914.53,499.29,198.34,103.83,6.89,Peaty,6.04,71.34
Telangana,District A,2017,Sugarcane,1515.1,1574.41,148.97,90.65,156.02,6.82,Clay,7.95,34.1
Telangana,District A,2017,Cotton,1623.3,3490.35,250.87,133.26,193.69,7.82,Loamy,3.57,35.25
Telangana,District A,2018,Wheat,954.6,2620.95,400.99,58.5,151.11,7.97,Silty,5.01,21.19
Telangana,District A,2018,Rice,575.9,3826.37,238.8,185.72,190.37,5.93,Loamy,1.69,46.27
Telangana,District A,2018,Maize,1560.4,4113.44,297.96,138.49,75.8,6.63,Loamy,8.37,25.29
Telangana,District A,2018,Sugarcane,1864.9,3658.72,119.6,56.98,107.32,7.14,Silty,9.3,71.82
Telangana,District A,2018,Cotton,1701.9,4128.1,365.42,146.97,142.27,8.43,Silty,9.2,9.22
Telangana,District A,2019,Wheat,1914.3,3563.32,497.05,184.9,156.35,5.52,Clay,7.64,78.28
Telangana,District A,2019,Rice,737.1,3385.37,267.63,75.91,99.75,7.92,Sandy,6.33,51.93
Telangana,District A,2019,Maize,1116.4,5574.38,399.78,87.9,122.74,5.77,Loamy,1.53,53.41
Telangana,District A,2019,Sugarcane,1674.5,1923.29,104.82,253.64,148.21,6.74,Loamy,7.9,96.79
Telangana,District A,2019,Cotton,1894.0,3665.82,401.88,217.3,166.06,7.86,Silty,8.87,3.22
Telangana,District A,2020,Wheat,1319.9,5952.21,298.49,266.08,53.46,7.31,Loamy,4.88,48.67
Telangana,District A,2020,Rice,623.0,1689.77,287.48,260.87,187.64,7.48,Clay,4.83,12.34
Telangana,District A,2020,Maize,1866.2,2741.81,189.71,253.99,196.62,7.48,Sandy,3.87,2.04
Telangana,District A,2020,Sugarcane,787.7,4129.94,160.53,270.96,53.87,7.07,Clay,5.98,31.15
Telangana,District A,2020,Cotton,1861.0,5087.77,382.19,197.27,194.51,6.39,Peaty,9.09,88.09
Telangana,District A,2021,Wheat,726.4,1867.58,217.84,296.65,23.88,7.52,Silty,8.32,77.72
Telangana,District A,2021,Rice,769.2,1731.51,440.22,68.9,90.8,5.78,Loamy,4.58,29.36
Telangana,District A,2021,Maize,973.7,2432.77,264.6,100.76,145.65,5.87,Clay,2.68,7.53
Telangana,District A,2021,Sugarcane,1291.9,5240.82,200.32,165.16,48.94,6.71,Peaty,3.2,31.08
Telangana,District A,2021,Cotton,1363.4,1626.78,252.91,111.6,129.19,8.46,Silty,4.83,36.82
Telangana,District A,2022,Wheat,1677.4,1823.91,483.91,154.48,76.47,8.42,Loamy,6.78,1.85
Telangana,District A,2022,Rice,1622.8,3010.01,255.31,89.69,114.22,7.73,Sandy,9.9,11.64
Telangana,District A,2022,Maize,1055.9,5129.46,134.52,185.2,174.51,5.56,Sandy,9.8,91.94
Telangana,District A,2022,Sugarcane,744.8,4014.54,322.21,160.63,197.17,5.68,Peaty,7.05,78.61
Telangana,District A,2022,Cotton,803.7,5182.29,483.19,204.02,161.27,7.1,Silty,3.0,42.53
Telangana,District A,2023,Wheat,1661.1,5192.44,197.84,215.52,37.1,5.57,Loamy,3.02,7.89
Telangana,District A,2023,Rice,1594.7,3740.89,418.51,215.99,151.36,6.42,Peaty,2.44,82.93
Telangana,District A,2023,Maize,946.4,3947.11,102.04,299.65,157.0,6.23,Sandy,1.98,84.38
Telangana,District A,2023,Sugarcane,664.4,1677.19,239.17,166.68,122.5,7.02,Peaty,3.2,2.06
Telangana,District A,2023,Cotton,987.3,3293.62,354.3,282.54,56.61,7.56,Loamy,7.85,93.79
Telangana,District A,2024,Wheat,1083.9,2584.34,190.51,172.93,50.76,7.52,Clay,5.15,54.26
Telangana,District A,2024,Rice,712.9,4684.94,453.18,119.5,52.47,7.78,Clay,2.41,89.22
Telangana,District A,2024,Maize,678.8,3215.79,393.26,247.87,191.84,7.87,Silty,9.54,55.37
Telangana,District A,2024,Sugarcane,1015.2,4927.26,165.42,67.06,161.36,8.35,Sandy,7.43,2.66
Telangana,District A,2024,Cotton,768.1,3619.62,473.44,135.52,133.2,5.54,Silty,6.43,71.54
Telangana,District B,2015,Wheat,1857.0,2159.25,204.64,298.95,48.13,7.66,Peaty,4.03,85.79
Telangana,District B,2015,Rice,729.2,2309.88,189.89,199.42,76.58,8.47,Loamy,9.53,50.81
Telangana,District B,2015,Maize,1341.9,5771.65,361.55,289.46,39.15,8.04,Clay,3.8,18.73
Telangana,District B,2015,Sugarcane,1539.6,2659.09,294.22,82.88,150.43,6.72,Loamy,9.23,27.63
Telangana,District B,2015,Cotton,1363.4,2027.19,207.8,150.99,107.67,5.5,Clay,4.61,50.18
Telangana,District B,2016,Wheat,850.7,3575.32,374.74,164.28,27.65,6.27,Clay,4.19,8.1
Telangana,District B,2016,Rice,1174.4,4613.77,119.47,237.73,191.92,5.53,Peaty,4.08,67.63
Telangana,District B,2016,Maize,1612.2,4131.12,210.43,177.15,65.35,8.21,Sandy,3.15,83.18
Telangana,District B,2016,Sugarcane,926.8,2448.91,122.7,234.98,111.48,5.84,Peaty,9.99,80.6
Telangana,District B,2016,Cotton,1024.8,3941.5,266.41,59.1,160.16,7.65,Loamy,8.68,83.38
Telangana,District B,2017,Wheat,1083.2,4129.25,462.34,277.89,160.96,6.13,Silty,2.8,89.4
Telangana,District B,2017,Rice,1999.7,3976.14,347.86,249.36,145.31,6.05,Clay,7.35,38.32
Telangana,District B,2017,Maize,980.4,5962.53,336.16,227.68,114.74,7.81,Sandy,8.65,61.06
Telangana,District B,2017,Sugarcane,1752.1,3721.78,307.83,204.04,86.77,6.99,Clay,9.58,88.29
Telangana,District B,2017,Cotton,693.9,1685.77,372.13,62.3,30.86,5.98,Clay,5.67,99.23
Telangana,District B,2018,Wheat,1077.8,2592.39,330.1,103.79,189.3,6.28,Silty,6.01,29.88
Telangana,District B,2018,Rice,1228.6,3006.35,178.08,212.34,141.22,7.99,Loamy,9.09,26.68
Telangana,District B,2018,Maize,801.3,1654.57,248.03,261.55,32.57,7.12,Silty,8.53,58.34
Telangana,District B,2018,Sugarcane,779.5,5840.41,137.86,242.25,35.58,5.93,Silty,3.16,69.19
Telangana,District B,2018,Cotton,1594.9,5858.96,192.93,73.43,67.35,5.87,Sandy,5.87,67.31
Telangana,District B,2019,Wheat,1157.1,2935.09,264.68,277.94,49.55,6.25,Clay,7.78,78.88
Telangana,District B,2019,Rice,1156.7,3797.03,472.99,144.56,27.55,7.79,Peaty,1.08,26.75
Telangana,District B,2019,Maize,1028.1,2951.6,299.34,181.7,91.42,6.5,Loamy,3.12,33.3
Telangana,District B,2019,Sugarcane,1439.8,2092.76,274.93,101.07,173.95,5.63,Peaty,5.78,72.18
Telangana,District B,2019,Cotton,669.4,2845.37,210.18,193.99,79.55,7.42,Sandy,9.21,40.26
Telangana,District B,2020,Wheat,1451.1,3408.81,271.06,186.66,84.07,7.88,Sandy,4.96,18.87
Telangana,District B,2020,Rice,1962.0,3052.13,469.2,277.07,85.67,6.26,Peaty,5.75,55.35
Telangana,District B,2020,Maize,783.4,3067.71,478.31,121.25,48.0,8.48,Loamy,3.29,47.33
Telangana,District B,2020,Sugarcane,1172.1,2328.69,344.03,231.18,46.5,7.77,Silty,1.91,83.43
Telangana,District B,2020,Cotton,1073.2,4176.73,250.02,150.28,48.59,7.22,Silty,2.13,72.13
Telangana,District B,2021,Wheat,1120.5,5096.7,339.67,138.73,56.35,7.95,Loamy,5.93,18.1
Telangana,District B,2021,Rice,1651.3,5852.28,244.33,158.73,95.87,6.36,Clay,6.56,6.41
Telangana,District B,2021,Maize,1758.2,2341.9,491.66,144.17,130.96,5.73,Clay,6.88,20.88
Telangana,District B,2021,Sugarcane,1358.4,2859.74,437.32,137.5,61.31,7.09,Loamy,8.51,22.15
Telangana,District B,2021,Cotton,1792.4,4163.64,390.2,69.96,157.91,6.43,Peaty,5.58,27.46
Telangana,District B,2022,Wheat,1929.1,4942.78,494.27,141.12,136.86,7.33,Loamy,1.34,29.17
Telangana,District B,2022,Rice,1864.0,3407.19,484.26,103.38,199.54,7.59,Silty,4.71,86.44
Telangana,District B,2022,Maize,969.7,2737.3,220.7,243.59,109.15,7.11,Sandy,7.64,2.54
Telangana,District B,2022,Sugarcane,1889.3,5923.13,241.67,76.77,138.54,5.59,Sandy,5.2,40.47
Telangana,District B,2022,Cotton,1092.8,1797.96,479.55,162.57,187.42,8.14,Silty,6.29,10.16
Telangana,District B,2023,Wheat,985.9,4216.14,105.38,60.66,141.98,8.16,Silty,3.58,98.27
Telangana,District B,2023,Rice,1526.8,3177.66,138.81,95.34,107.77,6.98,Silty,4.22,81.1
Telangana,District B,2023,Maize,1906.3,5414.5,197.19,161.42,81.63,7.62,Loamy,2.97,37.11
Telangana,District B,2023,Sugarcane,656.9,4186.81,167.68,223.27,152.7,6.94,Sandy,8.84,65.41
Telangana,District B,2023,Cotton,934.6,5942.83,480.07,193.61,171.78,6.28,Sandy,5.04,74.32
Telangana,District B,2024,Wheat,530.7,1630.36,370.76,231.28,172.26,6.7,Loamy,4.69,31.97
Telangana,District B,2024,Rice,886.9,3024.49,165.35,150.86,182.83,6.17,Sandy,2.28,35.39
Telangana,District B,2024,Maize,981.8,5716.63,271.19,222.62,128.44,5.92,Peaty,5.84,82.23
Telangana,District B,2024,Sugarcane,1586.8,2076.45,149.36,273.91,167.51,6.9,Loamy,9.84,17.05
Telangana,District B,2024,Cotton,1489.0,4721.03,168.64,77.93,47.46,6.24,Loamy,7.07,42.08
Telangana,District C,2015,Wheat,1306.7,1713.02,444.5,92.64,84.83,5.72,Loamy,6.99,69.26
Telangana,District C,2015,Rice,1515.4,3984.62,481.01,176.79,100.89,6.24,Silty,3.09,29.21
Telangana,District C,2015,Maize,1141.1,3057.72,252.63,233.86,50.31,7.38,Clay,8.86,99.61
Telangana,District C,2015,Sugarcane,1014.1,4902.19,191.52,206.2,146.87,7.72,Clay,8.64,42.1
Telangana,District C,2015,Cotton,824.6,3941.39,445.34,291.77,154.68,5.52,Clay,1.69,10.12
Telangana,District C,2016,Wheat,1074.6,3023.22,145.47,270.56,130.78,7.89,Sandy,4.69,31.76
Telangana,District C,2016,Rice,1157.6,4246.7,297.19,259.48,182.03,6.91,Sandy,2.93,6.27
Telangana,District C,2016,Maize,1493.7,2046.36,398.8,100.68,28.73,5.8,Clay,4.34,30.23
Telangana,District C,2016,Sugarcane,1236.8,4348.2,114.84,274.55,192.53,6.75,Loamy,8.22,54.4
Telangana,District C,2016,Cotton,724.4,5040.88,223.13,105.66,104.7,8.27,Silty,6.67,92.62
Telangana,District C,2017,Wheat,798.1,5647.43,365.2,298.26,152.56,7.5,Silty,7.63,70.2
Telangana,District C,2017,Rice,1932.4,4759.9,377.93,223.55,178.93,6.39,Sandy,7.67,22.87
Telangana,District C,2017,Maize,1868.0,3906.52,220.05,244.02,76.22,8.39,Silty,4.4,63.56
Telangana,District C,2017,Sugarcane,1259.1,5223.93,356.52,115.89,120.34,5.69,Silty,8.96,4.24
Telangana,District C,2017,Cotton,818.5,4619.66,430.35,251.85,161.31,5.89,Sandy,7.81,30.54
Telangana,District C,2018,Wheat,659.0,5248.75,405.03,255.16,73.95,7.61,Sandy,1.1,86.65
Telangana,District C,2018,Rice,1285.3,5926.44,254.01,289.22,130.71,7.04,Loamy,8.43,82.88
Telangana,District C,2018,Maize,1125.4,4772.82,278.9,234.91,198.95,6.29,Sandy,3.12,39.39
Telangana,District C,2018,Sugarcane,1059.1,5544.59,301.79,161.79,167.24,5.65,Loamy,2.65,9.29
Telangana,District C,2018,Cotton,918.1,4735.07,264.71,192.56,34.77,5.87,Loamy,9.42,25.04
Telangana,District C,2019,Wheat,751.6,3719.96,120.21,59.1,109.28,6.15,Peaty,8.89,1.1
Telangana,District C,2019,Rice,1482.0,4587.4,484.57,142.6,55.15,7.06,Clay,2.24,49.95
Telangana,District C,2019,Maize,1835.6,3609.25,178.27,73.26,189.91,7.73,Sandy,1.13,92.02
Telangana,District C,2019,Sugarcane,1027.3,1685.05,265.19,233.21,99.55,7.77,Peaty,9.12,52.31
Telangana,District C,2019,Cotton,1723.2,4000.58,477.44,277.28,106.92,6.45,Clay,6.81,28.89
Telangana,District C,2020,Wheat,838.7,4685.57,368.63,80.67,62.96,8.34,Peaty,9.67,62.59
Telangana,District C,2020,Rice,1923.6,4750.99,389.87,197.96,45.6,7.06,Silty,4.37,26.1
Telangana,District C,2020,Maize,594.3,5060.22,347.29,258.66,110.58,8.45,Sandy,5.35,14.6
Telangana,District C,2020,Sugarcane,1197.9,2639.17,189.44,289.43,85.16,5.64,Sandy,8.15,25.44
Telangana,District C,2020,Cotton,1113.3,5380.3,242.97,191.85,116.27,6.7,Peaty,1.19,81.44
Telangana,District C,2021,Wheat,669.7,3588.4,331.96,226.38,93.94,7.71,Clay,9.49,86.06
Telangana,District C,2021,Rice,1127.8,2478.94,224.74,196.94,174.12,7.61,Silty,2.77,95.25
Telangana,District C,2021,Maize,1845.7,1648.31,324.78,247.33,64.17,7.07,Clay,1.39,3.02
Telangana,District C,2021,Sugarcane,1970.7,2015.17,156.85,171.04,106.65,8.26,Peaty,2.61,89.99
Telangana,District C,2021,Cotton,727.3,1929.48,361.17,146.48,115.53,7.46,Peaty,3.64,46.09
Telangana,District C,2022,Wheat,899.9,1720.37,134.67,250.44,184.05,5.96,Silty,2.73,68.17
Telangana,District C,2022,Rice,638.1,5406.17,136.05,109.05,36.46,5.81,Silty,9.58,45.87
Telangana,District C,2022,Maize,1295.1,5121.49,389.05,204.9,95.06,7.88,Loamy,5.67,29.73
Telangana,District C,2022,Sugarcane,892.7,5004.61,456.33,175.58,160.36,6.06,Sandy,9.68,86.37
Telangana,District C,2022,Cotton,1723.1,1888.82,195.61,189.19,147.72,6.41,Clay,7.94,87.74
Telangana,District C,2023,Wheat,1869.4,3204.9,249.02,151.68,87.65,7.5,Loamy,2.2,95.09
Telangana,District C,2023,Rice,1160.7,1720.48,333.45,99.93,21.23,7.78,Peaty,6.43,99.09
Telangana,District C,2023,Maize,1320.8,4411.03,467.71,143.5,49.98,6.35,Loamy,8.13,69.8
Telangana,District C,2023,Sugarcane,1829.1,2397.12,170.9,249.84,77.76,7.04,Clay,4.56,13.02
Telangana,District C,2023,Cotton,1519.2,5177.22,105.12,190.64,104.49,6.28,Silty,2.69,72.5
Telangana,District C,2024,Wheat,1304.3,5915.19,197.29,289.23,112.72,5.94,Peaty,1.15,6.05
Telangana,District C,2024,Rice,678.4,3044.52,147.06,156.52,52.16,7.84,Silty,9.06,24.04
Telangana,District C,2024,Maize,1692.3,2394.82,199.71,106.04,29.31,6.08,Silty,1.2,97.22
Telangana,District C,2024,Sugarcane,1947.6,3224.72,481.66,85.25,142.42,6.08,Silty,7.11,16.67
Telangana,District C,2024,Cotton,1629.2,2561.87,158.33,60.46,105.0,6.36,Clay,3.4,39.3
Tripura,District A,2015,Wheat,947.1,4397.66,140.47,169.52,80.2,8.15,Peaty,5.93,58.98
Tripura,District A,2015,Rice,901.0,3028.81,107.22,263.04,156.08,6.05,Loamy,4.06,33.19
Tripura,District A,2015,Maize,1842.5,1585.39,409.97,113.23,88.99,6.76,Sandy,1.84,11.43
Tripura,District A,2015,Sugarcane,947.2,5198.14,153.85,235.66,72.0,8.15,Sandy,8.25,95.54
Tripura,District A,2015,Cotton,882.9,5358.35,409.42,217.8,89.29,5.83,Clay,9.77,45.71
Tripura,District A,2016,Wheat,645.8,4944.55,252.33,97.59,106.98,8.28,Loamy,7.92,73.64
Tripura,District A,2016,Rice,652.9,1661.44,226.71,104.32,148.22,6.85,Silty,8.32,47.85
Tripura,District A,2016,Maize,1317.4,5290.44,272.53,70.78,113.91,7.24,Clay,3.45,91.25
Tripura,District A,2016,Sugarcane,1605.4,2193.97,344.11,56.58,147.51,7.7,Silty,3.22,78.74
Tripura,District A,2016,Cotton,1535.2,5438.31,261.4,186.83,152.98,8.42,Peaty,5.29,73.63
Tripura,District A,2017,Wheat,921.2,4460.63,170.78,185.93,192.4,7.38,Clay,9.9,15.69
Tripura,District A,2017,Rice,1577.1,3896.39,217.74,94.33,51.99,8.08,Peaty,5.19,10.36
Tripura,District A,2017,Maize,1826.2,3691.57,275.5,151.84,85.7,7.08,Clay,9.26,62.96
Tripura,District A,2017,Sugarcane,971.5,3151.13,297.35,218.28,124.79,8.3,Sandy,9.2,0.54
Tripura,District A,2017,Cotton,1835.8,4746.56,168.88,115.76,117.71,5.87,Sandy,8.12,30.09
Tripura,District A,2018,Wheat,604.7,5949.81,200.29,66.89,79.39,8.41,Sandy,6.87,65.54
Tripura,District A,2018,Rice,1240.0,5080.13,292.82,270.33,152.46,6.44,Clay,9.82,30.21
Tripura,District A,2018,Maize,615.8,5344.75,160.78,56.24,109.04,5.89,Peaty,9.11,96.94
Tripura,District A,2018,Sugarcane,824.9,4870.04,470.55,72.84,94.52,8.26,Loamy,5.26,0.1
Tripura,District A,2018,Cotton,1371.7,3001.48,256.06,115.35,115.23,6.19,Sandy,1.79,80.23
Tripura,District A,2019,Wheat,1222.2,5194.08,429.84,129.28,20.78,8.23,Peaty,4.67,96.84
Tripura,District A,2019,Rice,770.1,4325.42,180.88,187.11,119.91,5.73,Silty,6.85,6.37
Tripura,District A,2019,Maize,987.3,3172.75,292.35,92.23,123.95,6.81,Sandy,2.51,68.47
Tripura,District A,2019,Sugarcane,1293.4,5617.31,432.41,231.68,42.78,7.5,Silty,6.13,93.48
Tripura,District A,2019,Cotton,1017.8,2336.19,476.81,165.32,95.1,6.3,Silty,2.9,81.82
Tripura,District A,2020,Wheat,1811.6,2447.18,130.38,200.89,106.39,6.78,Clay,1.43,40.14
Tripura,District A,2020,Rice,744.1,4599.65,131.52,186.7,159.16,8.35,Sandy,1.8,73.16
Tripura,District A,2020,Maize,823.0,3512.58,490.65,254.98,172.39,8.08,Silty,9.5,4.29
Tripura,District A,2020,Sugarcane,1104.5,1773.52,223.79,93.64,131.62,7.84,Clay,8.16,1.28
Tripura,District A,2020,Cotton,1730.7,2302.62,284.37,160.65,177.17,8.4,Clay,5.44,86.27
Tripura,District A,2021,Wheat,1483.4,1950.91,446.07,258.02,155.66,6.9,Loamy,5.31,73.66
Tripura,District A,2021,Rice,1820.2,5507.44,281.83,264.84,38.26,5.81,Clay,9.51,69.82
Tripura,District A,2021,Maize,514.9,5193.59,452.91,295.23,171.08,6.84,Silty,9.94,66.29
Tripura,District A,2021,Sugarcane,1722.9,4513.64,495.77,255.34,113.5,6.6,Clay,2.75,44.32
Tripura,District A,2021,Cotton,1921.8,3921.04,214.56,138.52,130.35,6.56,Loamy,1.07,22.44
Tripura,District A,2022,Wheat,1699.0,5571.36,256.71,190.8,147.09,8.36,Loamy,7.37,1.89
Tripura,District A,2022,Rice,1464.1,1649.67,484.31,224.04,53.58,5.97,Clay,9.99,0.04
Tripura,District A,2022,Maize,664.2,2858.07,110.2,245.58,29.5,7.75,Peaty,3.39,81.68
Tripura,District A,2022,Sugarcane,1256.1,5586.2,135.48,128.35,84.0,6.77,Peaty,3.39,65.65
Tripura,District A,2022,Cotton,1085.7,2111.63,126.79,246.96,141.66,6.74,Clay,9.67,84.63
Tripura,District A,2023,Wheat,1083.2,4777.88,404.93,262.56,53.9,7.61,Peaty,3.32,43.47
Tripura,District A,2023,Rice,814.3,1671.83,335.42,266.11,24.6,6.09,Clay,2.03,83.9
Tripura,District A,2023,Maize,1012.5,2102.04,345.85,194.52,105.36,8.08,Clay,3.12,53.55
Tripura,District A,2023,Sugarcane,1929.8,2793.04,295.01,149.98,181.53,5.72,Clay,4.8,64.13
Tripura,District A,2023,Cotton,785.3,4978.71,232.22,283.04,112.14,8.04,Sandy,8.38,41.66
Tripura,District A,2024,Wheat,1575.1,5623.0,468.33,226.01,134.64,7.09,Sandy,8.18,8.61
Tripura,District A,2024,Rice,1693.8,3250.69,131.8,156.11,74.09,7.28,Clay,2.02,15.36
Tripura,District A,2024,Maize,1984.8,3050.23,216.79,63.07,134.36,7.46,Silty,9.27,80.05
Tripura,District A,2024,Sugarcane,845.5,3686.32,283.36,137.13,167.17,5.83,Sandy,4.85,46.87
Tripura,District A,2024,Cotton,1792.0,2481.75,141.17,204.45,51.29,5.72,Silty,1.34,91.31
Tripura,District B,2015,Wheat,1850.5,1985.0,322.68,166.91,143.01,7.31,Clay,7.26,81.04
Tripura,District B,2015,Rice,918.7,4869.32,432.97,110.33,198.65,5.56,Silty,4.89,70.03
Tripura,District B,2015,Maize,675.9,3329.47,176.69,134.54,24.8,5.88,Clay,2.96,51.39
Tripura,District B,2015,Sugarcane,1474.7,3560.83,326.79,154.1,114.46,8.36,Loamy,7.09,9.15
Tripura,District B,2015,Cotton,1500.6,5691.98,117.98,204.1,88.25,7.0,Peaty,6.93,38.53
Tripura,District B,2016,Wheat,1807.2,3823.82,218.14,230.22,132.32,7.9,Clay,2.96,38.85
Tripura,District B,2016,Rice,966.9,4668.98,204.08,190.19,102.04,7.9,Silty,1.0,60.48
Tripura,District B,2016,Maize,514.7,4712.7,193.97,145.0,88.48,8.04,Loamy,7.0,98.13
Tripura,District B,2016,Sugarcane,533.6,5846.52,107.36,260.29,193.02,8.48,Sandy,3.35,76.14
Tripura,District B,2016,Cotton,1265.0,3550.15,333.66,272.56,36.28,7.58,Silty,2.92,83.78
Tripura,District B,2017,Wheat,1547.0,1565.11,192.64,201.46,110.43,7.08,Sandy,6.8,23.06
Tripura,District B,2017,Rice,1166.9,3320.22,120.99,207.02,131.39,8.4,Sandy,1.98,20.76
Tripura,District B,2017,Maize,1410.6,4794.76,364.12,168.8,29.44,8.38,Sandy,7.02,91.29
Tripura,District B,2017,Sugarcane,1546.7,2481.22,226.32,57.55,130.3,7.34,Peaty,7.26,96.3
Tripura,District B,2017,Cotton,1475.9,3079.38,354.38,222.11,91.47,5.81,Silty,8.03,15.6
Tripura,District B,2018,Wheat,758.1,5239.15,344.86,201.18,106.28,7.21,Sandy,6.59,33.95
Tripura,District B,2018,Rice,1599.4,3688.7,267.76,137.13,35.5,6.11,Clay,2.61,33.15
Tripura,District B,2018,Maize,1926.9,4574.93,103.03,113.13,21.87,7.64,Sandy,9.95,73.36
Tripura,District B,2018,Sugarcane,1276.9,5121.17,381.92,110.94,115.45,7.17,Sandy,4.5,71.4
Tripura,District B,2018,Cotton,1428.6,4274.76,439.94,277.62,52.44,6.44,Peaty,7.2,98.19
Tripura,District B,2019,Wheat,1077.7,4706.37,243.81,263.57,174.45,8.21,Silty,3.68,13.39
Tripura,District B,2019,Rice,1181.0,3729.52,202.36,230.86,68.56,8.06,Sandy,7.75,90.48
Tripura,District B,2019,Maize,817.3,5263.34,152.48,107.18,121.05,6.42,Peaty,5.91,91.08
Tripura,District B,2019,Sugarcane,1772.6,5811.55,440.2,255.3,104.48,6.14,Peaty,1.21,17.3
Tripura,District B,2019,Cotton,802.4,2246.91,136.44,181.58,78.08,8.22,Silty,6.43,90.06
Tripura,District B,2020,Wheat,570.8,3823.25,280.27,282.19,139.48,6.55,Sandy,8.83,94.42
Tripura,District B,2020,Rice,1181.1,1857.82,203.08,108.24,63.01,6.98,Silty,8.93,65.08
Tripura,District B,2020,Maize,1369.1,5911.19,212.26,66.31,112.88,6.77,Clay,3.16,51.65
Tripura,District B,2020,Sugarcane,1262.9,2519.18,379.86,57.41,144.31,6.87,Sandy,5.29,97.73
Tripura,District B,2020,Cotton,1002.0,5921.58,125.99,220.94,101.76,7.97,Loamy,7.01,55.23
Tripura,District B,2021,Wheat,1730.8,4347.89,367.84,113.42,167.07,7.45,Peaty,2.02,64.6
Tripura,District B,2021,Rice,1975.8,4203.92,376.42,190.29,160.82,8.43,Peaty,9.18,53.81
Tripura,District B,2021,Maize,1954.2,1845.01,234.73,145.37,151.48,6.14,Sandy,3.43,34.91
Tripura,District B,2021,Sugarcane,1988.4,4364.09,449.17,251.94,137.41,8.02,Clay,8.5,23.1
Tripura,District B,2021,Cotton,1269.2,4565.17,151.96,283.09,66.91,6.46,Loamy,3.04,30.48
Tripura,District B,2022,Wheat,554.1,3294.67,433.87,278.94,62.57,6.3,Silty,4.64,6.55
Tripura,District B,2022,Rice,1921.6,3020.55,278.26,91.89,175.76,6.37,Clay,9.86,14.68
Tripura,District B,2022,Maize,546.8,4101.79,248.67,248.74,151.74,6.06,Silty,2.38,22.61
Tripura,District B,2022,Sugarcane,928.5,2056.53,215.06,232.15,63.45,8.01,Clay,4.09,16.42
Tripura,District B,2022,Cotton,1967.9,3956.39,290.66,235.4,50.4,7.24,Silty,1.25,77.1
Tripura,District B,2023,Wheat,1302.0,3775.77,129.11,109.69,159.96,8.17,Silty,2.92,86.36
Tripura,District B,2023,Rice,793.1,5365.56,282.25,258.77,67.61,5.9,Peaty,2.0,69.92
Tripura,District B,2023,Maize,595.5,5396.83,224.53,72.17,156.76,7.07,Clay,5.14,76.34
Tripura,District B,2023,Sugarcane,633.7,1758.59,297.94,128.89,20.88,6.05,Clay,3.6,87.75
Tripura,District B,2023,Cotton,1130.9,4557.45,107.36,253.48,63.26,6.43,Silty,5.31,1.75
Tripura,District B,2024,Wheat,1074.1,4383.02,135.9,164.89,198.82,7.65,Sandy,1.27,76.58
Tripura,District B,2024,Rice,1859.6,4967.21,397.53,260.84,139.84,6.77,Clay,8.09,90.53
Tripura,District B,2024,Maize,1267.4,3896.3,261.31,264.22,22.66,7.37,Peaty,4.05,1.18
Tripura,District B,2024,Sugarcane,1981.6,4254.02,269.09,74.16,145.85,6.35,Silty,9.55,73.53
Tripura,District B,2024,Cotton,1956.6,1975.35,211.97,113.31,32.96,8.42,Peaty,6.84,29.69
Tripura,District C,2015,Wheat,715.9,3796.78,292.74,179.19,168.31,6.95,Silty,6.27,77.2
Tripura,District C,2015,Rice,1066.0,2221.64,420.02,133.17,71.64,7.79,Sandy,1.13,47.95
Tripura,District C,2015,Maize,694.0,2324.96,292.28,266.76,172.03,8.4,Peaty,9.71,69.76
Tripura,District C,2015,Sugarcane,681.5,3686.35,426.64,193.12,43.87,6.02,Clay,4.61,93.99
Tripura,District C,2015,Cotton,670.7,4528.24,152.85,181.13,116.58,5.63,Clay,8.6,66.83
Tripura,District C,2016,Wheat,737.3,2582.65,464.47,122.18,167.39,6.36,Peaty,6.36,32.4
Tripura,District C,2016,Rice,1805.8,5715.44,276.62,183.01,133.55,7.49,Loamy,2.54,2.23
Tripura,District C,2016,Maize,1356.8,3828.37,375.86,212.46,181.55,6.88,Sandy,8.9,8.1
Tripura,District C,2016,Sugarcane,1700.7,4380.5,333.24,107.53,85.13,8.23,Loamy,5.11,49.16
Tripura,District C,2016,Cotton,1215.8,4193.02,111.78,297.42,148.94,6.78,Peaty,9.67,5.55
Tripura,District C,2017,Wheat,559.7,3824.61,216.5,195.46,150.37,5.71,Peaty,3.49,38.13
Tripura,District C,2017,Rice,1005.6,5279.26,168.26,57.17,194.92,8.44,Sandy,1.08,64.59
Tripura,District C,2017,Maize,1472.7,5731.61,219.39,97.38,130.95,7.19,Peaty,2.35,59.81
Tripura,District C,2017,Sugarcane,1061.2,3537.31,483.79,188.74,46.94,6.83,Silty,1.6,57.31
Tripura,District C,2017,Cotton,1042.6,3079.04,375.08,165.91,155.38,6.69,Peaty,8.55,78.37
Tripura,District C,2018,Wheat,1958.5,4452.3,321.46,124.01,33.83,7.35,Loamy,3.36,57.09
Tripura,District C,2018,Rice,1116.1,1859.42,351.67,74.77,129.15,7.02,Sandy,1.61,63.92
Tripura,District C,2018,Maize,1147.0,3349.98,338.58,201.56,22.71,5.88,Loamy,3.09,31.72
Tripura,District C,2018,Sugarcane,1571.1,5168.82,499.66,118.34,120.19,5.9,Peaty,3.14,46.12
Tripura,District C,2018,Cotton,791.5,5612.28,263.12,103.12,144.56,6.23,Sandy,4.31,66.46
Tripura,District C,2019,Wheat,1017.9,5132.61,458.77,246.98,172.73,5.81,Sandy,5.29,41.84
Tripura,District C,2019,Rice,957.7,3518.87,289.61,258.42,139.84,6.8,Clay,7.8,7.57
Tripura,District C,2019,Maize,730.6,1867.51,227.55,158.91,110.76,8.05,Loamy,8.93,74.79
Tripura,District C,2019,Sugarcane,1891.0,3988.88,279.06,291.99,103.54,7.42,Peaty,7.79,32.32
Tripura,District C,2019,Cotton,691.9,3240.94,453.21,151.38,170.05,6.61,Silty,2.21,11.98
Tripura,District C,2020,Wheat,1884.8,4482.36,480.72,195.7,103.11,7.88,Silty,5.32,57.19
Tripura,District C,2020,Rice,784.1,4262.75,234.62,233.5,120.3,7.16,Sandy,2.64,34.66
Tripura,District C,2020,Maize,597.4,4006.97,344.5,266.38,167.44,6.36,Peaty,1.04,9.53
Tripura,District C,2020,Sugarcane,1923.2,2341.58,267.25,262.42,20.02,8.28,Loamy,2.54,2.91
Tripura,District C,2020,Cotton,1279.3,5743.92,435.61,209.94,53.39,8.11,Peaty,3.4,80.51
Tripura,District C,2021,Wheat,1815.7,4642.02,140.15,296.06,33.68,7.46,Peaty,9.05,51.97
Tripura,District C,2021,Rice,1295.0,4681.58,229.36,59.23,61.41,6.21,Loamy,3.41,48.14
Tripura,District C,2021,Maize,1750.6,4824.83,237.59,145.67,137.77,6.08,Silty,3.18,12.4
Tripura,District C,2021,Sugarcane,1028.0,5719.05,148.12,254.58,116.24,7.4,Sandy,2.36,16.27
Tripura,District C,2021,Cotton,1500.6,4865.05,468.1,149.55,103.15,6.91,Peaty,3.74,16.17
Tripura,District C,2022,Wheat,666.0,4552.44,185.53,216.75,175.15,7.46,Loamy,4.54,34.34
Tripura,District C,2022,Rice,977.8,5682.45,397.0,83.46,105.68,6.45,Clay,4.91,66.79
Tripura,District C,2022,Maize,744.0,3516.19,105.12,169.38,181.27,7.29,Silty,6.88,38.37
Tripura,District C,2022,Sugarcane,1550.3,4505.1,303.53,226.18,102.97,5.85,Clay,1.57,71.14
Tripura,District C,2022,Cotton,1051.1,1920.85,427.98,220.91,101.4,6.24,Loamy,2.7,56.87
Tripura,District C,2023,Wheat,1942.5,4367.02,275.99,229.09,168.42,7.27,Sandy,4.79,79.09
Tripura,District C,2023,Rice,1775.3,3567.92,227.5,225.49,182.8,8.42,Sandy,9.61,49.93
Tripura,District C,2023,Maize,959.1,5947.79,451.12,223.1,181.09,7.54,Peaty,3.07,57.92
Tripura,District C,2023,Sugarcane,1706.5,4885.83,347.56,54.67,150.3,7.82,Peaty,5.19,73.68
Tripura,District C,2023,Cotton,1785.1,2495.54,348.22,186.93,153.71,7.59,Sandy,6.07,52.71
Tripura,District C,2024,Wheat,993.1,2628.95,304.94,194.45,64.01,8.27,Clay,5.74,43.56
Tripura,District C,2024,Rice,587.1,5470.81,226.8,210.62,129.34,7.25,Loamy,3.53,52.42
Tripura,District C,2024,Maize,1684.0,3443.95,181.57,71.99,139.34,6.77,Clay,4.29,24.31
Tripura,District C,2024,Sugarcane,1454.6,3834.86,242.29,212.13,125.2,8.22,Sandy,6.8,31.67
Tripura,District C,2024,Cotton,666.0,4323.96,466.41,163.14,132.71,7.33,Loamy,6.53,25.93
Uttar Pradesh,District A,2015,Wheat,1067.1,3490.43,445.6,137.08,134.32,6.14,Silty,2.76,43.38
Uttar Pradesh,District A,2015,Rice,1224.5,3764.1,482.0,75.06,88.49,7.04,Sandy,5.54,77.53
Uttar Pradesh,District A,2015,Maize,1623.9,4049.0,152.28,104.69,63.23,5.62,Silty,7.3,73.02
Uttar Pradesh,District A,2015,Sugarcane,1765.6,3990.13,390.11,125.68,154.21,6.53,Clay,3.93,3.49
Uttar Pradesh,District A,2015,Cotton,1757.1,4125.91,119.18,203.84,42.16,6.99,Clay,2.34,49.71
Uttar Pradesh,District A,2016,Wheat,1186.1,5620.88,498.28,213.62,173.87,7.44,Silty,3.53,41.17
Uttar Pradesh,District A,2016,Rice,1048.2,2276.25,290.92,146.67,52.1,6.85,Sandy,2.18,13.12
Uttar Pradesh,District A,2016,Maize,1471.3,4679.61,476.47,71.75,41.22,5.66,Peaty,7.78,69.04
Uttar Pradesh,District A,2016,Sugarcane,1869.6,2686.01,147.72,167.51,84.99,8.42,Silty,9.4,95.51
Uttar Pradesh,District A,2016,Cotton,576.4,5503.06,288.31,241.54,34.27,8.37,Loamy,9.74,55.81
Uttar Pradesh,District A,2017,Wheat,1299.1,1658.68,436.04,61.21,183.12,7.12,Loamy,9.99,87.59
Uttar Pradesh,District A,2017,Rice,1088.8,2639.03,468.8,80.8,82.51,5.75,Clay,9.27,93.19
Uttar Pradesh,District A,2017,Maize,661.9,4012.18,138.84,193.0,166.7,7.11,Silty,8.22,27.65
Uttar Pradesh,District A,2017,Sugarcane,1445.2,1533.35,258.42,109.49,188.68,6.72,Sandy,5.94,53.45
Uttar Pradesh,District A,2017,Cotton,804.4,4161.1,301.1,177.3,84.75,8.02,Loamy,3.32,93.07
Uttar Pradesh,District A,2018,Wheat,935.1,3471.07,174.67,84.65,57.56,7.16,Loamy,8.21,56.25
Uttar Pradesh,District A,2018,Rice,1766.8,1721.93,298.06,253.17,172.71,8.0,Loamy,6.08,23.92
Uttar Pradesh,District A,2018,Maize,686.0,5719.99,420.63,55.74,167.88,7.27,Silty,3.69,62.38
Uttar Pradesh,District A,2018,Sugarcane,1287.2,2434.87,284.64,77.2,117.69,5.79,Loamy,3.41,15.75
Uttar Pradesh,District A,2018,Cotton,1221.6,2776.6,497.32,194.99,121.97,6.16,Silty,9.3,72.5
Uttar Pradesh,District A,2019,Wheat,1655.9,4312.11,376.67,204.31,76.12,6.55,Clay,7.48,40.61
Uttar Pradesh,District A,2019,Rice,714.0,3567.38,485.28,103.52,136.83,8.45,Sandy,9.05,70.72
Uttar Pradesh,District A,2019,Maize,1987.3,1905.97,318.27,221.25,146.48,7.88,Peaty,4.25,4.3
Uttar Pradesh,District A,2019,Sugarcane,1043.7,4522.27,185.38,252.49,59.56,5.53,Clay,2.41,59.31
Uttar Pradesh,District A,2019,Cotton,1084.9,4751.57,368.43,249.82,176.06,7.96,Peaty,3.78,50.23
Uttar Pradesh,District A,2020,Wheat,1302.7,2909.29,316.0,76.44,61.59,7.74,Clay,2.25,28.73
Uttar Pradesh,District A,2020,Rice,1056.6,2978.47,249.84,84.98,49.77,6.21,Peaty,4.02,79.13
Uttar Pradesh,District A,2020,Maize,1288.3,4090.65,324.24,149.69,196.49,5.61,Peaty,2.75,91.8
Uttar Pradesh,District A,2020,Sugarcane,799.2,4816.31,239.04,141.77,101.98,8.09,Sandy,9.44,75.49
Uttar Pradesh,District A,2020,Cotton,916.8,4728.78,217.91,77.9,149.1,6.04,Peaty,7.73,93.61
Uttar Pradesh,District A,2021,Wheat,789.7,3749.38,497.57,220.39,178.16,5.59,Silty,5.61,13.98
Uttar Pradesh,District A,2021,Rice,1090.2,4308.19,405.14,201.73,26.18,5.93,Clay,9.43,46.3
Uttar Pradesh,District A,2021,Maize,806.4,2181.27,497.52,133.47,48.81,5.53,Peaty,4.65,72.25
Uttar Pradesh,District A,2021,Sugarcane,1628.2,4754.59,216.64,209.01,80.94,8.0,Silty,1.71,72.48
Uttar Pradesh,District A,2021,Cotton,1490.8,2362.52,255.54,128.21,37.01,7.25,Silty,1.48,90.79
Uttar Pradesh,District A,2022,Wheat,1806.3,2437.73,128.61,76.38,120.64,7.3,Sandy,5.89,55.27
Uttar Pradesh,District A,2022,Rice,1528.0,4595.02,415.92,56.24,189.86,5.71,Loamy,3.94,18.88
Uttar Pradesh,District A,2022,Maize,913.7,2885.47,350.33,93.67,151.9,6.41,Sandy,8.34,11.01
Uttar Pradesh,District A,2022,Sugarcane,1524.2,3329.65,335.1,101.38,129.75,7.52,Clay,3.36,95.89
Uttar Pradesh,District A,2022,Cotton,815.7,3882.71,394.19,267.53,48.16,8.46,Peaty,7.08,2.84
Uttar Pradesh,District A,2023,Wheat,616.6,4749.81,321.83,81.79,130.53,7.93,Peaty,3.22,25.82
Uttar Pradesh,District A,2023,Rice,1951.8,5493.32,227.33,256.01,49.11,6.09,Silty,9.3,82.77
Uttar Pradesh,District A,2023,Maize,1079.4,3068.08,272.91,150.31,66.45,8.47,Loamy,7.51,16.95
Uttar Pradesh,District A,2023,Sugarcane,972.6,5298.8,459.36,119.8,24.14,8.08,Loamy,4.12,41.57
Uttar Pradesh,District A,2023,Cotton,1067.4,4048.94,131.58,292.89,188.56,8.3,Loamy,6.94,22.11
Uttar Pradesh,District A,2024,Wheat,574.2,1946.94,229.6,175.97,198.79,6.81,Loamy,3.43,32.03
Uttar Pradesh,District A,2024,Rice,1828.9,4950.32,431.83,63.06,124.18,8.5,Clay,6.22,74.83
Uttar Pradesh,District A,2024,Maize,731.8,5391.74,483.8,191.75,142.81,8.08,Loamy,4.41,79.53
Uttar Pradesh,District A,2024,Sugarcane,1533.9,5858.55,137.14,226.73,34.8,5.5,Loamy,8.16,15.49
Uttar Pradesh,District A,2024,Cotton,1307.5,4949.81,495.32,271.1,175.58,6.24,Silty,2.52,19.81
Uttar Pradesh,District B,2015,Wheat,665.2,5359.18,143.3,84.53,64.26,7.22,Loamy,7.31,78.4
Uttar Pradesh,District B,2015,Rice,1908.3,5992.56,319.85,190.38,24.04,8.1,Loamy,9.83,12.02
Uttar Pradesh,District B,2015,Maize,526.8,5054.0,176.26,138.29,90.96,8.25,Loamy,4.96,52.37
Uttar Pradesh,District B,2015,Sugarcane,1789.7,4343.08,106.91,93.24,82.81,8.35,Sandy,1.08,95.52
Uttar Pradesh,District B,2015,Cotton,708.5,2794.5,151.72,172.64,187.79,5.8,Peaty,4.3,96.38
Uttar Pradesh,District B,2016,Wheat,1690.5,2049.35,470.96,102.8,35.27,7.12,Peaty,7.44,53.41
Uttar Pradesh,District B,2016,Rice,1239.1,5862.95,428.22,224.66,55.14,7.96,Peaty,9.04,33.77
Uttar Pradesh,District B,2016,Maize,833.0,5518.53,376.78,76.35,93.46,7.52,Clay,7.29,2.01
Uttar Pradesh,District B,2016,Sugarcane,1279.5,2651.1,152.5,227.15,27.04,8.21,Loamy,6.83,25.34
Uttar Pradesh,District B,2016,Cotton,773.3,2596.89,192.92,266.13,161.72,8.06,Loamy,1.63,36.93
Uttar Pradesh,District B,2017,Wheat,1286.5,4029.01,340.6,187.17,64.24,7.79,Sandy,7.65,27.97
Uttar Pradesh,District B,2017,Rice,1240.2,2972.39,302.79,136.66,198.96,6.57,Sandy,2.32,35.73
Uttar Pradesh,District B,2017,Maize,1333.0,2189.08,151.22,215.35,137.69,6.2,Sandy,6.28,84.89
Uttar Pradesh,District B,2017,Sugarcane,515.6,5411.74,148.06,230.3,94.97,7.54,Peaty,4.1,31.04
Uttar Pradesh,District B,2017,Cotton,892.5,2600.41,393.82,276.97,161.49,7.52,Sandy,5.92,23.7
Uttar Pradesh,District B,2018,Wheat,667.3,2041.32,341.51,59.62,195.19,8.49,Sandy,4.85,76.81
Uttar Pradesh,District B,2018,Rice,1932.6,5510.95,201.9,71.3,71.97,6.81,Silty,2.41,44.49
Uttar Pradesh,District B,2018,Maize,1429.4,5328.05,192.79,169.91,136.54,6.84,Clay,4.69,88.7
Uttar Pradesh,District B,2018,Sugarcane,1945.4,5369.13,309.05,177.45,58.86,7.28,Peaty,3.48,0.28
Uttar Pradesh,District B,2018,Cotton,1355.2,3243.66,459.48,60.18,27.78,8.16,Silty,3.41,29.53
Uttar Pradesh,District B,2019,Wheat,1062.4,3397.49,323.61,287.09,64.51,7.84,Loamy,8.32,17.06
Uttar Pradesh,District B,2019,Rice,1087.4,2363.81,381.05,219.58,118.62,7.59,Clay,7.85,63.76
Uttar Pradesh,District B,2019,Maize,1706.5,4595.47,209.78,88.26,133.76,7.78,Loamy,2.57,1.21
Uttar Pradesh,District B,2019,Sugarcane,1297.6,3940.31,300.03,129.0,97.01,7.8,Peaty,4.24,43.0
Uttar Pradesh,District B,2019,Cotton,985.5,4442.66,473.09,81.52,120.97,8.19,Silty,4.34,55.47
Uttar Pradesh,District B,2020,Wheat,542.9,3578.25,197.03,179.09,114.65,7.76,Peaty,7.95,75.07
Uttar Pradesh,District B,2020,Rice,1764.2,1975.81,179.26,258.24,149.8,7.92,Silty,8.06,18.96
Uttar Pradesh,District B,2020,Maize,554.8,4641.77,157.94,275.96,158.72,7.31,Loamy,8.01,3.2
Uttar Pradesh,District B,2020,Sugarcane,1246.9,5376.46,134.6,179.43,48.69,8.18,Silty,5.94,53.49
Uttar Pradesh,District B,2020,Cotton,1880.4,5104.92,405.45,247.28,108.77,5.62,Silty,6.79,39.62
Uttar Pradesh,District B,2021,Wheat,1410.2,3982.55,275.46,108.68,149.41,8.23,Clay,1.0,32.54
Uttar Pradesh,District B,2021,Rice,1519.5,1703.14,133.34,69.17,124.67,8.19,Silty,2.76,58.89
Uttar Pradesh,District B,2021,Maize,1264.1,4806.75,223.17,165.21,142.47,8.39,Peaty,7.07,94.9
Uttar Pradesh,District B,2021,Sugarcane,1043.4,4804.95,240.34,126.24,56.32,7.96,Peaty,9.05,28.99
Uttar Pradesh,District B,2021,Cotton,708.0,5982.73,238.96,84.13,76.08,7.04,Clay,3.81,23.38
Uttar Pradesh,District B,2022,Wheat,1134.8,4652.88,117.3,143.48,82.32,6.23,Silty,7.16,73.57
Uttar Pradesh,District B,2022,Rice,1033.9,1530.31,102.75,184.53,119.27,7.17,Clay,7.06,16.6
Uttar Pradesh,District B,2022,Maize,1423.1,5919.38,129.76,172.59,151.95,5.64,Loamy,2.14,79.31
Uttar Pradesh,District B,2022,Sugarcane,1998.4,5123.81,406.86,114.67,20.61,6.18,Silty,1.97,29.61
Uttar Pradesh,District B,2022,Cotton,1343.8,4109.15,317.2,295.22,22.21,6.96,Loamy,6.55,27.96
Uttar Pradesh,District B,2023,Wheat,1485.5,3932.05,269.38,218.25,94.83,7.96,Clay,4.75,51.18
Uttar Pradesh,District B,2023,Rice,702.2,3765.23,182.74,283.84,100.72,8.48,Clay,4.99,87.44
Uttar Pradesh,District B,2023,Maize,1332.8,4795.54,269.43,60.13,136.61,7.4,Clay,2.54,47.62
Uttar Pradesh,District B,2023,Sugarcane,1170.0,4885.88,254.97,215.83,146.8,7.44,Sandy,8.77,26.02
Uttar Pradesh,District B,2023,Cotton,550.9,4688.82,442.14,84.54,89.43,5.98,Sandy,7.23,59.51
Uttar Pradesh,District B,2024,Wheat,1384.6,3653.33,317.25,52.02,37.32,7.55,Silty,3.96,25.45
Uttar Pradesh,District B,2024,Rice,544.1,3347.51,110.81,50.1,162.65,6.44,Sandy,1.21,79.17
Uttar Pradesh,District B,2024,Maize,1430.5,2365.07,186.15,115.62,123.78,7.14,Peaty,9.0,4.35
Uttar Pradesh,District B,2024,Sugarcane,1125.8,4170.84,334.57,54.88,57.9,5.69,Silty,4.14,39.72
Uttar Pradesh,District B,2024,Cotton,860.8,5265.73,148.73,138.77,21.75,7.28,Loamy,8.47,66.66
Uttar Pradesh,District C,2015,Wheat,949.3,5203.71,396.87,226.12,32.12,5.63,Peaty,4.49,64.78
Uttar Pradesh,District C,2015,Rice,1585.8,3400.33,314.37,109.95,103.85,6.43,Clay,9.52,36.72
Uttar Pradesh,District C,2015,Maize,559.5,5588.0,164.2,224.33,177.18,6.43,Sandy,9.32,27.21
Uttar Pradesh,District C,2015,Sugarcane,1360.8,3996.98,327.81,229.39,90.92,7.53,Peaty,7.6,96.13
Uttar Pradesh,District C,2015,Cotton,1172.9,3877.31,205.5,296.4,29.92,6.58,Sandy,4.48,91.77
Uttar Pradesh,District C,2016,Wheat,1052.1,5626.39,269.34,263.69,113.92,6.43,Loamy,1.85,22.66
Uttar Pradesh,District C,2016,Rice,1832.6,2761.44,378.02,148.78,67.18,5.93,Clay,9.88,37.71
Uttar Pradesh,District C,2016,Maize,1194.0,2238.5,256.89,231.71,59.13,6.05,Clay,8.37,62.37
Uttar Pradesh,District C,2016,Sugarcane,1936.4,5570.43,160.45,60.64,91.84,7.07,Silty,6.38,78.85
Uttar Pradesh,District C,2016,Cotton,737.9,2278.71,148.56,284.21,123.91,5.78,Peaty,8.9,95.87
Uttar Pradesh,District C,2017,Wheat,892.7,2866.13,245.07,175.62,142.84,7.01,Peaty,6.55,4.48
Uttar Pradesh,District C,2017,Rice,1138.8,3765.31,462.65,168.57,45.66,6.37,Peaty,7.76,32.1
Uttar Pradesh,District C,2017,Maize,1635.4,5030.34,313.36,184.19,156.75,7.95,Silty,2.09,69.36
Uttar Pradesh,District C,2017,Sugarcane,1989.7,4157.86,149.73,95.94,116.78,7.65,Sandy,1.32,82.65
Uttar Pradesh,District C,2017,Cotton,1259.7,5374.03,437.39,268.82,158.4,8.03,Peaty,3.73,24.25
Uttar Pradesh,District C,2018,Wheat,1613.6,2191.39,172.89,269.74,147.06,8.13,Peaty,2.34,41.67
Uttar Pradesh,District C,2018,Rice,1592.3,2718.64,225.57,216.83,53.79,8.36,Silty,1.42,70.4
Uttar Pradesh,District C,2018,Maize,1593.9,5255.12,294.22,292.16,184.53,7.15,Clay,3.32,1.89
Uttar Pradesh,District C,2018,Sugarcane,1505.7,5806.12,142.74,238.62,47.58,7.88,Loamy,7.41,92.63
Uttar Pradesh,District C,2018,Cotton,1430.2,5643.15,194.01,294.53,177.11,5.82,Peaty,9.38,50.65
Uttar Pradesh,District C,2019,Wheat,1683.0,1630.09,391.23,286.71,109.92,6.51,Sandy,6.18,54.43
Uttar Pradesh,District C,2019,Rice,1810.9,4542.01,268.75,212.53,155.03,8.31,Loamy,6.1,88.53
Uttar Pradesh,District C,2019,Maize,982.1,4533.74,402.86,132.63,49.58,7.01,Silty,6.08,19.25
Uttar Pradesh,District C,2019,Sugarcane,1562.2,2753.08,160.14,70.49,108.34,6.1,Loamy,1.03,84.36
Uttar Pradesh,District C,2019,Cotton,1281.6,5649.65,181.84,75.57,132.49,7.62,Sandy,2.68,81.84
Uttar Pradesh,District C,2020,Wheat,1322.9,5177.38,425.92,71.68,129.26,6.95,Silty,3.67,20.6
Uttar Pradesh,District C,2020,Rice,1845.6,2169.22,374.61,125.0,122.21,7.35,Silty,9.77,13.18
Uttar Pradesh,District C,2020,Maize,1087.1,3436.78,352.42,151.81,37.47,8.34,Silty,1.05,11.24
Uttar Pradesh,District C,2020,Sugarcane,1331.0,3074.79,425.02,273.92,63.32,7.79,Loamy,4.53,78.68
Uttar Pradesh,District C,2020,Cotton,1347.4,4358.78,124.9,196.47,74.13,6.98,Silty,8.35,16.14
Uttar Pradesh,District C,2021,Wheat,989.0,3708.76,337.81,189.91,38.38,6.77,Sandy,7.96,23.11
Uttar Pradesh,District C,2021,Rice,793.9,2801.3,379.85,113.71,110.32,5.9,Loamy,6.62,7.18
Uttar Pradesh,District C,2021,Maize,1723.1,5718.46,177.42,239.86,76.42,7.53,Sandy,6.07,5.42
Uttar Pradesh,District C,2021,Sugarcane,1381.7,4890.74,231.73,172.09,187.18,6.91,Peaty,9.54,94.29
Uttar Pradesh,District C,2021,Cotton,1540.2,3752.61,177.99,270.6,34.76,6.61,Clay,4.84,91.01
Uttar Pradesh,District C,2022,Wheat,941.6,2068.66,218.61,199.29,172.14,6.66,Sandy,8.2,15.47
Uttar Pradesh,District C,2022,Rice,988.2,3124.49,335.52,247.48,61.55,6.12,Peaty,9.58,73.54
Uttar Pradesh,District C,2022,Maize,1590.0,2584.02,129.57,250.53,120.65,7.54,Sandy,8.33,34.41
Uttar Pradesh,District C,2022,Sugarcane,1845.6,5490.96,156.68,173.41,24.62,6.35,Loamy,9.78,91.33
Uttar Pradesh,District C,2022,Cotton,563.9,5670.29,429.06,266.93,184.67,6.96,Loamy,2.56,39.35
Uttar Pradesh,District C,2023,Wheat,1078.2,2787.02,499.4,68.41,135.73,6.02,Peaty,4.99,0.86
Uttar Pradesh,District C,2023,Rice,1501.7,3921.95,299.0,254.52,63.4,8.08,Loamy,4.36,41.11
Uttar Pradesh,District C,2023,Maize,1565.1,2605.11,107.43,172.42,100.69,5.68,Loamy,2.01,94.43
Uttar Pradesh,District C,2023,Sugarcane,1484.2,2113.53,424.83,282.02,67.3,5.93,Peaty,4.19,1.69
Uttar Pradesh,District C,2023,Cotton,1227.4,2429.1,359.1,195.75,67.74,5.71,Loamy,4.22,60.18
Uttar Pradesh,District C,2024,Wheat,1847.3,5249.06,112.89,84.72,172.73,8.32,Peaty,8.19,67.78
Uttar Pradesh,District C,2024,Rice,1023.0,5443.79,303.69,212.06,109.21,6.86,Silty,1.16,0.41
Uttar Pradesh,District C,2024,Maize,1325.7,3858.49,128.53,173.01,156.36,7.12,Silty,1.77,59.79
Uttar Pradesh,District C,2024,Sugarcane,540.8,4331.57,369.28,171.79,51.5,5.8,Loamy,2.5,58.63
Uttar Pradesh,District C,2024,Cotton,784.4,2738.59,381.02,112.09,91.55,8.29,Silty,8.06,98.33
Uttarakhand,District A,2015,Wheat,1057.9,5580.75,134.96,152.87,103.77,6.82,Silty,6.65,41.66
Uttarakhand,District A,2015,Rice,1864.6,5822.43,168.1,120.37,69.22,5.8,Loamy,7.69,22.72
Uttarakhand,District A,2015,Maize,807.3,4663.54,308.55,108.41,107.12,6.88,Loamy,3.54,75.25
Uttarakhand,District A,2015,Sugarcane,891.5,5164.49,427.86,164.28,74.14,7.29,Loamy,1.62,80.28
Uttarakhand,District A,2015,Cotton,1710.5,3377.57,203.86,79.51,173.22,8.13,Loamy,1.54,17.54
Uttarakhand,District A,2016,Wheat,840.6,3333.81,248.42,230.55,66.65,5.67,Sandy,3.82,66.92
Uttarakhand,District A,2016,Rice,803.9,5494.16,215.4,132.81,59.24,6.26,Loamy,6.76,35.65
Uttarakhand,District A,2016,Maize,1065.1,5305.03,385.39,217.58,25.52,6.05,Loamy,9.73,81.54
Uttarakhand,District A,2016,Sugarcane,552.9,2924.97,111.43,60.04,34.31,6.33,Clay,3.91,71.6
Uttarakhand,District A,2016,Cotton,1243.7,5677.43,134.0,66.64,182.92,7.51,Silty,8.67,32.91
Uttarakhand,District A,2017,Wheat,1050.5,3392.07,229.08,189.36,89.96,6.28,Loamy,7.92,60.96
Uttarakhand,District A,2017,Rice,827.1,5184.98,358.9,105.32,106.52,8.49,Peaty,9.3,88.88
Uttarakhand,District A,2017,Maize,1259.1,3720.11,424.97,84.61,137.67,6.93,Silty,9.16,25.64
Uttarakhand,District A,2017,Sugarcane,1417.2,2218.77,256.02,71.44,124.32,6.54,Silty,2.24,63.03
Uttarakhand,District A,2017,Cotton,1810.6,1837.29,323.17,78.75,24.86,7.54,Peaty,7.69,10.43
Uttarakhand,District A,2018,Wheat,1378.2,5990.14,169.56,115.27,181.72,7.38,Clay,7.21,79.19
Uttarakhand,District A,2018,Rice,923.7,2799.49,445.65,203.72,62.15,7.07,Sandy,2.97,65.49
Uttarakhand,District A,2018,Maize,563.2,2866.61,369.59,87.34,60.0,8.14,Clay,5.49,21.09
Uttarakhand,District A,2018,Sugarcane,1012.1,4084.49,162.13,170.44,93.62,6.93,Peaty,1.96,96.41
Uttarakhand,District A,2018,Cotton,1969.1,3417.74,415.6,213.95,41.05,6.39,Sandy,5.07,4.73
Uttarakhand,District A,2019,Wheat,1429.6,4456.64,139.76,246.28,136.54,6.97,Clay,2.94,57.18
Uttarakhand,District A,2019,Rice,1534.4,3239.56,439.34,290.14,122.49,6.87,Silty,6.92,59.67
Uttarakhand,District A,2019,Maize,755.6,5425.57,441.81,259.06,91.86,7.97,Clay,2.65,17.36
Uttarakhand,District A,2019,Sugarcane,1219.4,1914.89,457.85,75.04,130.98,6.52,Silty,4.42,24.69
Uttarakhand,District A,2019,Cotton,536.2,4317.83,418.02,272.29,105.72,8.28,Peaty,5.63,21.38
Uttarakhand,District A,2020,Wheat,782.1,5790.25,427.1,52.95,68.33,6.12,Peaty,4.33,74.83
Uttarakhand,District A,2020,Rice,1799.4,4860.31,358.59,241.48,152.93,6.93,Sandy,4.07,28.02
Uttarakhand,District A,2020,Maize,566.1,2486.48,460.65,260.71,50.17,6.6,Loamy,9.41,58.99
Uttarakhand,District A,2020,Sugarcane,860.8,2470.73,322.33,276.62,33.03,7.31,Sandy,2.35,59.14
Uttarakhand,District A,2020,Cotton,1379.9,5415.83,442.33,259.24,118.81,7.46,Clay,1.83,30.06
Uttarakhand,District A,2021,Wheat,753.6,3801.6,435.07,107.68,151.56,6.72,Loamy,4.06,10.66
Uttarakhand,District A,2021,Rice,1523.9,2114.04,217.51,175.09,142.38,8.28,Peaty,9.8,78.74
Uttarakhand,District A,2021,Maize,1423.7,3516.96,238.09,154.75,79.09,8.0,Silty,8.3,95.37
Uttarakhand,District A,2021,Sugarcane,990.9,3637.63,382.37,273.85,108.87,5.83,Peaty,5.25,84.16
Uttarakhand,District A,2021,Cotton,1995.3,5076.98,109.93,142.19,64.5,8.39,Loamy,8.57,25.57
Uttarakhand,District A,2022,Wheat,1433.7,1772.72,382.87,292.47,174.94,7.1,Peaty,9.5,21.6
Uttarakhand,District A,2022,Rice,1689.9,2714.31,450.78,74.59,52.08,7.66,Sandy,3.72,26.37
Uttarakhand,District A,2022,Maize,1931.5,5380.67,426.71,103.57,54.07,7.93,Sandy,5.53,22.14
Uttarakhand,District A,2022,Sugarcane,1067.1,5340.54,456.57,299.17,189.9,7.51,Silty,1.52,60.82
Uttarakhand,District A,2022,Cotton,816.0,5325.61,319.56,233.38,141.23,6.54,Sandy,1.14,8.35
Uttarakhand,District A,2023,Wheat,1257.6,2175.55,411.51,118.62,37.62,6.21,Loamy,2.12,96.63
Uttarakhand,District A,2023,Rice,1994.5,4227.66,413.24,283.42,23.6,8.29,Silty,8.46,54.07
Uttarakhand,District A,2023,Maize,1295.8,5538.83,302.99,167.95,129.47,7.06,Peaty,3.6,7.46
Uttarakhand,District A,2023,Sugarcane,1233.7,2211.69,394.8,235.32,171.57,6.63,Loamy,7.7,52.86
Uttarakhand,District A,2023,Cotton,1163.2,2083.18,265.87,254.54,124.66,5.77,Sandy,4.95,80.79
Uttarakhand,District A,2024,Wheat,1535.9,2001.61,295.5,225.62,35.66,7.88,Loamy,5.53,94.06
Uttarakhand,District A,2024,Rice,1357.0,3408.25,102.72,83.35,124.16,6.98,Silty,4.02,59.11
Uttarakhand,District A,2024,Maize,1659.5,2055.34,383.78,276.55,52.13,8.02,Clay,5.06,52.84
Uttarakhand,District A,2024,Sugarcane,1484.7,1804.45,412.52,178.13,138.29,7.82,Silty,4.53,81.14
Uttarakhand,District A,2024,Cotton,888.3,4471.51,141.08,55.01,37.24,6.46,Loamy,4.79,7.68
Uttarakhand,District B,2015,Wheat,1628.7,4929.84,208.37,279.01,157.51,6.42,Silty,3.64,21.7
Uttarakhand,District B,2015,Rice,1098.7,1615.67,260.56,105.42,67.58,5.75,Peaty,5.72,11.98
Uttarakhand,District B,2015,Maize,852.4,5025.73,114.7,172.38,115.47,7.57,Sandy,1.99,43.36
Uttarakhand,District B,2015,Sugarcane,1146.2,5875.37,286.38,219.52,108.6,6.31,Silty,4.37,62.34
Uttarakhand,District B,2015,Cotton,1996.2,5940.92,241.49,175.98,182.84,5.78,Silty,4.05,83.53
Uttarakhand,District B,2016,Wheat,1659.3,3715.12,345.19,71.45,157.09,7.05,Sandy,6.99,50.02
Uttarakhand,District B,2016,Rice,1282.5,3748.36,298.73,237.55,96.9,5.51,Silty,9.57,25.7
Uttarakhand,District B,2016,Maize,1724.3,3549.71,357.19,272.72,158.78,8.15,Silty,9.42,65.92
Uttarakhand,District B,2016,Sugarcane,1812.9,4909.16,223.94,229.68,55.15,6.72,Loamy,6.64,80.92
Uttarakhand,District B,2016,Cotton,817.6,2114.18,443.62,77.94,35.87,6.33,Clay,7.67,97.34
Uttarakhand,District B,2017,Wheat,799.4,5018.33,117.7,79.73,112.72,8.5,Clay,2.01,23.97
Uttarakhand,District B,2017,Rice,1918.7,2178.26,397.12,50.28,133.71,6.98,Peaty,8.46,8.07
Uttarakhand,District B,2017,Maize,1066.0,3507.17,149.57,71.42,52.33,6.22,Loamy,8.35,72.98
Uttarakhand,District B,2017,Sugarcane,1382.9,4964.59,478.81,200.34,47.83,5.99,Peaty,9.1,76.94
Uttarakhand,District B,2017,Cotton,1435.0,3282.37,332.99,171.27,69.31,6.4,Sandy,4.44,97.66
Uttarakhand,District B,2018,Wheat,1505.3,4469.63,467.74,298.8,55.61,7.93,Silty,8.85,86.62
Uttarakhand,District B,2018,Rice,1022.4,3439.5,267.58,160.07,180.06,6.25,Peaty,8.53,55.17
Uttarakhand,District B,2018,Maize,1234.8,5941.79,213.4,182.01,142.82,5.88,Loamy,8.22,23.68
Uttarakhand,District B,2018,Sugarcane,1239.9,4337.84,368.46,232.08,175.88,6.68,Sandy,6.72,72.29
Uttarakhand,District B,2018,Cotton,1284.2,3401.45,376.87,293.28,25.2,6.44,Loamy,8.77,69.02
Uttarakhand,District B,2019,Wheat,1487.2,2493.78,263.14,158.48,152.06,7.36,Silty,1.11,28.49
Uttarakhand,District B,2019,Rice,703.5,2626.04,244.84,219.16,78.35,8.15,Clay,2.62,46.49
Uttarakhand,District B,2019,Maize,1506.1,5841.54,499.7,288.23,149.28,7.74,Sandy,8.76,95.18
Uttarakhand,District B,2019,Sugarcane,1168.6,3374.3,284.19,214.95,159.58,8.11,Clay,9.36,30.33
Uttarakhand,District B,2019,Cotton,1652.3,4393.12,337.04,95.27,26.19,6.97,Peaty,2.52,57.97
Uttarakhand,District B,2020,Wheat,1060.3,3580.05,178.35,241.97,76.65,6.53,Loamy,9.09,48.49
Uttarakhand,District B,2020,Rice,1492.8,1979.31,296.99,54.03,90.38,5.66,Clay,1.81,71.03
Uttarakhand,District B,2020,Maize,1085.1,5269.63,477.01,154.28,102.9,7.27,Clay,9.35,43.3
Uttarakhand,District B,2020,Sugarcane,750.2,4932.29,187.66,85.88,121.32,7.51,Silty,7.39,46.14
Uttarakhand,District B,2020,Cotton,1297.7,2684.42,171.3,225.0,57.85,7.84,Clay,8.42,7.6
Uttarakhand,District B,2021,Wheat,1342.0,3300.55,422.58,63.76,55.48,6.97,Loamy,7.23,82.08
Uttarakhand,District B,2021,Rice,1556.8,3481.28,451.36,84.42,66.86,6.97,Loamy,1.86,39.74
Uttarakhand,District B,2021,Maize,1915.8,5587.86,286.39,85.54,52.06,6.63,Peaty,1.75,67.38
Uttarakhand,District B,2021,Sugarcane,1372.2,2810.84,411.58,243.99,108.38,5.79,Sandy,7.02,24.71
Uttarakhand,District B,2021,Cotton,1415.7,3322.6,354.14,168.47,107.38,7.71,Silty,3.27,56.63
Uttarakhand,District B,2022,Wheat,644.8,5441.2,154.61,196.85,26.0,6.43,Clay,7.96,12.43
Uttarakhand,District B,2022,Rice,1476.2,5826.46,177.13,277.33,129.09,7.27,Loamy,3.04,49.0
Uttarakhand,District B,2022,Maize,1045.8,2603.11,167.47,232.08,45.57,6.0,Sandy,2.11,38.47
Uttarakhand,District B,2022,Sugarcane,1001.4,5394.55,291.08,299.11,152.67,8.05,Silty,2.22,46.36
Uttarakhand,District B,2022,Cotton,1577.4,2260.79,152.07,203.65,61.46,6.94,Silty,3.49,28.34
Uttarakhand,District B,2023,Wheat,1809.8,3990.31,343.33,141.77,30.86,5.73,Sandy,6.65,9.4
Uttarakhand,District B,2023,Rice,1784.3,4964.58,336.2,279.65,50.35,7.56,Peaty,3.79,1.53
Uttarakhand,District B,2023,Maize,1602.3,1531.41,449.01,64.08,137.5,6.63,Clay,5.97,58.53
Uttarakhand,District B,2023,Sugarcane,1662.6,2880.52,310.99,275.59,32.28,8.22,Sandy,7.93,6.47
Uttarakhand,District B,2023,Cotton,781.6,5663.68,149.62,207.8,160.88,6.19,Silty,5.49,33.44
Uttarakhand,District B,2024,Wheat,1468.6,5500.52,150.2,162.58,96.17,6.47,Sandy,3.94,28.18
Uttarakhand,District B,2024,Rice,1385.2,5485.29,354.79,110.38,175.48,7.4,Peaty,9.41,91.21
Uttarakhand,District B,2024,Maize,1340.9,2974.0,355.96,126.52,94.21,6.84,Sandy,4.08,0.73
Uttarakhand,District B,2024,Sugarcane,945.6,3625.37,169.2,251.4,116.77,7.88,Loamy,6.78,81.48
Uttarakhand,District B,2024,Cotton,1870.3,2536.69,335.11,69.58,41.63,7.46,Loamy,5.31,76.44
Uttarakhand,District C,2015,Wheat,1039.0,2676.91,144.51,118.63,198.82,7.47,Silty,4.75,50.17
Uttarakhand,District C,2015,Rice,1654.5,4363.87,436.57,171.61,194.99,7.89,Loamy,5.66,82.61
Uttarakhand,District C,2015,Maize,1988.3,4410.27,311.53,141.29,55.05,7.47,Loamy,9.61,64.76
Uttarakhand,District C,2015,Sugarcane,1939.0,2725.24,478.61,203.03,165.85,6.04,Peaty,6.12,39.29
Uttarakhand,District C,2015,Cotton,879.8,5571.49,134.02,88.5,77.69,8.26,Sandy,1.14,6.69
Uttarakhand,District C,2016,Wheat,742.4,1635.17,363.26,208.47,57.94,5.95,Clay,6.62,73.11
Uttarakhand,District C,2016,Rice,784.6,2680.28,197.4,87.29,63.99,7.34,Peaty,7.91,53.64
Uttarakhand,District C,2016,Maize,818.1,3603.22,337.35,266.55,170.07,6.78,Silty,9.28,91.43
Uttarakhand,District C,2016,Sugarcane,516.2,1983.27,333.23,262.12,191.8,8.08,Loamy,5.34,32.11
Uttarakhand,District C,2016,Cotton,862.2,3282.94,257.59,102.61,92.65,7.4,Sandy,9.16,52.19
Uttarakhand,District C,2017,Wheat,1856.7,5557.25,178.81,145.14,44.23,7.82,Peaty,5.67,7.57
Uttarakhand,District C,2017,Rice,1336.7,3649.11,186.15,52.54,76.87,6.28,Silty,4.01,26.61
Uttarakhand,District C,2017,Maize,1683.2,3181.56,393.18,54.06,22.67,5.59,Loamy,4.37,60.78
Uttarakhand,District C,2017,Sugarcane,1978.9,3094.84,122.26,98.73,181.61,7.6,Sandy,2.12,13.5
Uttarakhand,District C,2017,Cotton,668.4,5357.26,183.99,210.79,112.91,7.13,Peaty,4.46,81.06
Uttarakhand,District C,2018,Wheat,1625.4,4349.48,475.69,74.73,163.74,7.51,Silty,1.16,7.89
Uttarakhand,District C,2018,Rice,1411.9,2374.61,377.7,246.35,173.06,5.9,Loamy,5.82,43.7
Uttarakhand,District C,2018,Maize,1839.6,4728.31,182.32,61.43,147.65,8.04,Silty,1.96,14.79
Uttarakhand,District C,2018,Sugarcane,570.0,2378.92,457.45,212.55,152.99,7.36,Clay,6.16,53.54
Uttarakhand,District C,2018,Cotton,1204.2,4143.54,498.72,205.63,155.46,6.08,Peaty,1.07,3.15
Uttarakhand,District C,2019,Wheat,983.7,3599.7,330.25,272.0,158.92,6.4,Sandy,9.24,94.01
Uttarakhand,District C,2019,Rice,548.2,4702.98,190.34,96.89,164.06,6.75,Peaty,6.91,47.41
Uttarakhand,District C,2019,Maize,1068.4,5075.55,424.26,228.65,35.05,6.54,Clay,4.09,64.79
Uttarakhand,District C,2019,Sugarcane,1278.1,4663.22,320.58,188.95,111.97,6.59,Silty,6.04,62.35
Uttarakhand,District C,2019,Cotton,810.2,5217.05,346.17,211.43,109.59,8.23,Peaty,4.45,98.99
Uttarakhand,District C,2020,Wheat,718.7,3942.07,446.61,163.25,129.01,7.98,Sandy,9.64,9.11
Uttarakhand,District C,2020,Rice,1391.0,5636.27,479.87,261.5,174.07,7.46,Clay,7.9,13.91
Uttarakhand,District C,2020,Maize,1895.2,3382.98,192.36,247.29,190.62,8.25,Sandy,5.92,72.51
Uttarakhand,District C,2020,Sugarcane,1230.4,3613.93,453.08,267.81,161.77,7.61,Loamy,9.77,76.36
Uttarakhand,District C,2020,Cotton,1777.6,3775.42,310.45,101.08,149.79,6.76,Clay,5.96,90.6
Uttarakhand,District C,2021,Wheat,975.2,5084.89,496.79,212.98,197.07,7.05,Silty,2.29,27.24
Uttarakhand,District C,2021,Rice,1391.0,4887.71,209.8,267.66,39.65,6.12,Silty,8.38,45.93
Uttarakhand,District C,2021,Maize,1900.7,3661.11,200.82,198.26,138.44,7.02,Loamy,5.02,11.25
Uttarakhand,District C,2021,Sugarcane,1458.8,2449.04,131.01,299.23,68.53,5.92,Clay,8.53,10.6
Uttarakhand,District C,2021,Cotton,1315.0,2737.5,390.5,50.1,69.89,7.54,Loamy,8.36,54.67
Uttarakhand,District C,2022,Wheat,1878.1,3685.42,416.26,151.84,98.34,8.05,Clay,5.49,58.07
Uttarakhand,District C,2022,Rice,1203.2,1705.37,237.38,65.35,41.26,5.78,Sandy,8.19,3.17
Uttarakhand,District C,2022,Maize,848.3,3055.13,368.63,129.83,27.45,6.02,Peaty,7.94,77.71
Uttarakhand,District C,2022,Sugarcane,1399.9,3781.54,320.24,213.02,87.83,7.85,Sandy,3.69,40.06
Uttarakhand,District C,2022,Cotton,1094.4,3957.35,333.7,112.03,162.85,6.99,Loamy,7.75,27.78
Uttarakhand,District C,2023,Wheat,576.5,3701.23,433.45,112.88,149.06,6.72,Silty,4.23,94.14
Uttarakhand,District C,2023,Rice,1473.3,5506.1,414.33,57.0,31.78,7.08,Clay,5.15,95.46
Uttarakhand,District C,2023,Maize,942.1,3700.11,253.7,207.46,54.89,6.28,Clay,9.01,61.06
Uttarakhand,District C,2023,Sugarcane,501.9,3449.83,312.17,162.36,186.58,5.62,Peaty,2.43,39.09
Uttarakhand,District C,2023,Cotton,946.1,4196.22,244.62,226.4,112.19,8.26,Peaty,2.11,82.42
Uttarakhand,District C,2024,Wheat,832.6,3165.98,271.5,134.92,92.8,7.89,Clay,8.54,28.43
Uttarakhand,District C,2024,Rice,736.6,2724.58,140.37,281.67,177.07,6.43,Peaty,5.48,43.11
Uttarakhand,District C,2024,Maize,920.6,2826.85,353.43,229.6,123.78,8.43,Sandy,1.15,39.48
Uttarakhand,District C,2024,Sugarcane,1684.6,5271.41,291.04,108.12,127.95,6.29,Loamy,4.39,92.15
Uttarakhand,District C,2024,Cotton,929.5,3629.54,398.64,114.38,52.72,5.51,Clay,9.36,28.15
West Bengal,District A,2015,Wheat,565.1,4291.94,122.47,176.73,88.68,6.93,Sandy,7.46,47.34
West Bengal,District A,2015,Rice,1856.2,3211.43,310.15,50.8,75.89,8.1,Loamy,8.17,42.05
West Bengal,District A,2015,Maize,774.5,5721.5,485.3,177.84,104.45,8.2,Loamy,5.01,57.75
West Bengal,District A,2015,Sugarcane,1650.3,4856.03,174.13,125.23,82.68,6.06,Clay,7.53,56.32
West Bengal,District A,2015,Cotton,874.6,4445.84,154.07,133.45,92.16,7.83,Loamy,1.58,59.71
West Bengal,District A,2016,Wheat,1034.6,3450.86,269.04,208.1,123.04,6.77,Sandy,5.16,30.88
West Bengal,District A,2016,Rice,747.3,3831.73,471.96,272.49,185.53,8.4,Peaty,1.31,40.23
West Bengal,District A,2016,Maize,931.5,2686.92,481.27,109.61,43.3,5.88,Peaty,2.58,42.82
West Bengal,District A,2016,Sugarcane,1964.6,3004.84,351.99,297.23,67.52,6.0,Silty,5.97,92.19
West Bengal,District A,2016,Cotton,539.6,3333.2,224.94,192.76,21.68,7.63,Peaty,4.07,24.82
West Bengal,District A,2017,Wheat,1369.8,4672.46,425.16,136.95,166.21,6.89,Sandy,4.19,51.95
West Bengal,District A,2017,Rice,841.8,2111.6,195.31,279.09,164.33,5.92,Loamy,1.84,29.34
West Bengal,District A,2017,Maize,1717.0,2946.19,174.26,148.96,42.33,6.91,Silty,8.0,71.51
West Bengal,District A,2017,Sugarcane,1309.8,3225.23,263.0,158.28,82.79,7.6,Clay,1.24,21.96
West Bengal,District A,2017,Cotton,1153.1,1857.42,386.36,188.03,98.2,7.06,Clay,9.95,77.51
West Bengal,District A,2018,Wheat,1310.5,4967.4,290.09,127.73,67.15,6.7,Loamy,1.33,29.2
West Bengal,District A,2018,Rice,604.3,5456.39,337.56,183.74,43.66,6.97,Loamy,7.69,35.34
West Bengal,District A,2018,Maize,790.6,5312.77,122.63,251.95,38.61,7.38,Peaty,9.99,38.79
West Bengal,District A,2018,Sugarcane,1935.9,3317.01,372.68,210.92,35.56,7.73,Clay,6.51,21.45
West Bengal,District A,2018,Cotton,674.7,3955.09,444.88,221.28,167.37,6.3,Clay,6.7,37.86
West Bengal,District A,2019,Wheat,828.0,2394.7,442.46,298.09,145.64,8.37,Peaty,3.44,33.56
West Bengal,District A,2019,Rice,850.0,1513.54,377.02,197.64,165.74,5.62,Sandy,3.98,91.31
West Bengal,District A,2019,Maize,660.7,4847.64,331.74,139.55,34.25,7.31,Loamy,1.31,43.44
West Bengal,District A,2019,Sugarcane,921.7,1801.4,217.35,123.52,83.91,6.6,Peaty,9.39,97.43
West Bengal,District A,2019,Cotton,1918.7,5457.22,496.39,143.99,190.7,7.78,Sandy,6.45,22.0
West Bengal,District A,2020,Wheat,1276.7,4106.99,173.13,80.91,195.25,8.18,Peaty,8.15,97.26
West Bengal,District A,2020,Rice,725.4,5579.76,236.44,154.01,104.32,7.38,Sandy,6.4,92.67
West Bengal,District A,2020,Maize,882.5,3292.85,301.8,130.73,195.84,7.68,Peaty,7.76,46.74
West Bengal,District A,2020,Sugarcane,525.8,3944.37,350.07,295.3,27.34,7.04,Silty,2.34,61.05
West Bengal,District A,2020,Cotton,847.4,4871.28,305.68,104.55,108.88,5.5,Peaty,5.63,96.32
West Bengal,District A,2021,Wheat,1765.7,5624.76,428.0,197.28,174.94,7.2,Clay,4.35,56.55
West Bengal,District A,2021,Rice,1714.2,2101.44,115.71,247.39,136.57,7.96,Sandy,5.0,4.56
West Bengal,District A,2021,Maize,1249.7,5679.03,109.79,207.75,170.45,6.44,Silty,3.72,82.49
West Bengal,District A,2021,Sugarcane,1534.6,5270.25,253.5,198.95,112.78,6.92,Clay,3.2,67.53
West Bengal,District A,2021,Cotton,677.8,4615.08,195.51,193.12,51.04,7.68,Loamy,5.64,97.02
West Bengal,District A,2022,Wheat,741.0,2627.66,284.84,210.21,128.04,7.06,Clay,8.61,99.9
West Bengal,District A,2022,Rice,1198.3,5977.3,392.2,214.34,135.14,8.23,Loamy,2.61,49.34
West Bengal,District A,2022,Maize,1912.2,3219.51,193.07,75.66,127.5,7.6,Sandy,5.02,4.42
West Bengal,District A,2022,Sugarcane,560.1,5744.74,424.24,182.46,114.58,7.75,Peaty,6.32,23.92
West Bengal,District A,2022,Cotton,1735.5,3616.97,380.13,125.36,166.84,6.29,Sandy,4.52,20.64
West Bengal,District A,2023,Wheat,1811.6,2010.7,325.25,253.54,124.56,6.48,Silty,5.49,16.3
West Bengal,District A,2023,Rice,975.3,4163.73,363.51,187.03,68.96,7.28,Loamy,6.88,36.72
West Bengal,District A,2023,Maize,1662.5,5567.97,212.92,291.25,132.09,8.13,Peaty,3.26,32.1
West Bengal,District A,2023,Sugarcane,954.2,2273.38,447.28,154.65,193.36,7.25,Peaty,6.07,85.84
West Bengal,District A,2023,Cotton,1089.5,4975.76,202.46,225.59,111.88,5.99,Loamy,3.93,28.26
West Bengal,District A,2024,Wheat,1893.1,5603.67,305.25,114.62,38.42,5.97,Peaty,3.77,4.21
West Bengal,District A,2024,Rice,1182.8,4857.85,456.68,196.32,150.19,6.59,Silty,9.65,96.86
West Bengal,District A,2024,Maize,557.6,4680.81,248.7,218.8,134.65,6.49,Peaty,4.21,63.2
West Bengal,District A,2024,Sugarcane,1720.1,2154.59,220.23,99.74,160.73,7.9,Silty,1.04,42.34
West Bengal,District A,2024,Cotton,1530.7,4301.26,278.28,125.49,105.39,5.55,Loamy,2.46,62.54
West Bengal,District B,2015,Wheat,828.2,3405.21,348.56,257.64,118.94,6.03,Peaty,7.21,85.78
West Bengal,District B,2015,Rice,717.1,1829.8,104.61,288.92,74.04,6.88,Silty,7.57,31.0
West Bengal,District B,2015,Maize,1303.2,5980.12,277.63,187.82,110.46,7.91,Clay,2.53,75.41
West Bengal,District B,2015,Sugarcane,1123.4,5611.77,357.66,191.09,32.68,7.69,Peaty,2.58,46.13
West Bengal,District B,2015,Cotton,1344.8,4935.32,239.96,86.69,36.98,5.84,Loamy,9.57,96.88
West Bengal,District B,2016,Wheat,953.7,2362.26,492.37,297.07,34.1,7.76,Silty,1.39,54.86
West Bengal,District B,2016,Rice,1903.3,5349.22,242.43,95.72,57.9,7.04,Loamy,1.3,41.36
West Bengal,District B,2016,Maize,1745.6,3499.48,167.67,288.72,67.93,7.9,Silty,3.41,4.86
West Bengal,District B,2016,Sugarcane,1968.2,2165.32,432.23,99.38,87.34,7.58,Peaty,1.18,26.08
West Bengal,District B,2016,Cotton,1647.4,2280.27,144.58,61.55,110.45,7.8,Silty,2.91,37.83
West Bengal,District B,2017,Wheat,1975.2,4754.59,219.81,201.34,64.4,7.33,Clay,9.75,86.42
West Bengal,District B,2017,Rice,1035.3,3396.73,267.73,264.98,198.89,7.98,Sandy,8.38,77.72
West Bengal,District B,2017,Maize,1767.7,2765.45,272.82,191.12,103.23,8.04,Clay,9.49,25.44
West Bengal,District B,2017,Sugarcane,1544.0,2415.7,257.18,125.6,90.13,6.43,Peaty,8.85,28.29
West Bengal,District B,2017,Cotton,868.2,3742.69,128.48,146.08,84.02,5.98,Sandy,6.15,78.34
West Bengal,District B,2018,Wheat,1229.5,3001.3,161.02,56.71,142.02,5.59,Silty,5.33,88.48
West Bengal,District B,2018,Rice,1571.1,5415.64,369.63,61.01,194.24,8.25,Peaty,3.33,37.94
West Bengal,District B,2018,Maize,1321.5,5976.28,183.53,82.62,127.1,8.06,Sandy,4.13,97.7
West Bengal,District B,2018,Sugarcane,1992.5,4967.92,420.97,240.21,66.38,5.95,Loamy,9.26,82.66
West Bengal,District B,2018,Cotton,1369.0,5605.1,454.56,281.92,59.92,7.65,Sandy,3.0,94.7
West Bengal,District B,2019,Wheat,1740.8,5830.07,174.82,260.92,120.85,6.47,Clay,9.5,69.15
West Bengal,District B,2019,Rice,1039.9,5999.55,238.3,253.43,161.19,7.67,Silty,1.94,23.28
West Bengal,District B,2019,Maize,1918.2,3581.16,267.43,53.27,29.18,7.51,Silty,6.18,11.03
West Bengal,District B,2019,Sugarcane,1028.1,5155.61,169.96,270.67,41.87,6.01,Clay,4.04,45.37
West Bengal,District B,2019,Cotton,1442.5,4308.36,307.1,132.12,140.59,8.01,Sandy,7.26,96.47
West Bengal,District B,2020,Wheat,679.3,3296.32,189.57,105.39,41.42,7.45,Peaty,2.87,92.75
West Bengal,District B,2020,Rice,1883.3,4757.48,230.82,212.21,143.8,7.05,Loamy,8.51,95.45
West Bengal,District B,2020,Maize,694.0,5204.21,429.83,147.24,39.81,8.47,Peaty,1.45,63.99
West Bengal,District B,2020,Sugarcane,1174.8,4078.55,491.74,150.56,75.21,5.95,Silty,3.35,63.46
West Bengal,District B,2020,Cotton,1046.4,3310.13,109.22,197.27,41.97,6.14,Clay,6.32,2.09
West Bengal,District B,2021,Wheat,1829.9,1999.79,119.02,103.76,110.42,6.49,Silty,1.76,23.31
West Bengal,District B,2021,Rice,646.5,2533.68,381.32,193.82,80.11,6.28,Silty,3.92,89.67
West Bengal,District B,2021,Maize,1132.5,4159.29,142.67,94.71,26.46,6.77,Silty,8.86,63.29
West Bengal,District B,2021,Sugarcane,1791.6,4173.76,247.51,93.39,137.55,6.08,Loamy,8.43,12.92
West Bengal,District B,2021,Cotton,693.5,2509.81,320.77,112.93,110.58,6.41,Clay,3.5,98.0
West Bengal,District B,2022,Wheat,1239.1,4846.4,380.22,172.64,63.0,7.03,Silty,2.51,55.84
West Bengal,District B,2022,Rice,1664.6,2460.25,218.58,62.87,189.91,6.96,Loamy,8.47,56.93
West Bengal,District B,2022,Maize,582.9,3529.03,273.76,86.52,95.67,6.35,Sandy,1.27,44.0
West Bengal,District B,2022,Sugarcane,1970.5,4468.76,242.16,86.52,193.5,5.54,Sandy,6.54,74.51
West Bengal,District B,2022,Cotton,1681.8,4474.21,482.49,266.06,61.21,8.24,Loamy,7.74,58.78
West Bengal,District B,2023,Wheat,557.4,2459.15,131.51,76.67,22.77,6.76,Loamy,2.06,83.82
West Bengal,District B,2023,Rice,805.1,5937.02,466.57,201.14,138.8,7.1,Loamy,6.19,82.33
West Bengal,District B,2023,Maize,1271.1,2881.61,136.7,130.92,178.42,7.64,Peaty,3.37,24.51
West Bengal,District B,2023,Sugarcane,816.4,4809.4,427.43,131.78,74.92,8.03,Clay,3.35,58.38
West Bengal,District B,2023,Cotton,611.9,5561.93,196.18,254.77,138.8,7.07,Silty,5.14,78.32
West Bengal,District B,2024,Wheat,591.6,4322.05,404.27,168.04,38.95,6.23,Clay,9.06,42.16
West Bengal,District B,2024,Rice,1340.6,2527.73,264.89,134.2,137.99,8.45,Clay,5.5,99.09
West Bengal,District B,2024,Maize,961.8,3718.31,360.81,100.57,146.45,7.48,Clay,2.91,36.42
West Bengal,District B,2024,Sugarcane,994.8,2561.84,497.27,146.81,189.29,6.67,Silty,4.82,86.75
West Bengal,District B,2024,Cotton,1922.7,3210.31,316.96,128.86,86.24,5.59,Clay,1.65,82.78
West Bengal,District C,2015,Wheat,1137.0,3832.15,170.68,65.36,86.2,7.02,Peaty,1.52,42.46
West Bengal,District C,2015,Rice,1910.5,4538.51,363.78,146.22,116.08,6.41,Peaty,7.79,20.28
West Bengal,District C,2015,Maize,1375.7,4908.15,202.33,181.93,76.6,6.18,Clay,9.21,44.57
West Bengal,District C,2015,Sugarcane,705.2,4775.58,202.28,92.13,88.68,7.09,Peaty,7.16,60.46
West Bengal,District C,2015,Cotton,1983.7,5938.34,343.96,220.99,131.34,6.43,Clay,9.39,15.85
West Bengal,District C,2016,Wheat,1198.7,2918.68,242.7,151.44,191.32,6.28,Clay,9.56,47.61
West Bengal,District C,2016,Rice,1795.4,1764.44,481.21,96.88,196.39,6.03,Loamy,9.22,88.67
West Bengal,District C,2016,Maize,556.4,3302.68,457.95,238.78,102.2,7.82,Sandy,5.88,97.94
West Bengal,District C,2016,Sugarcane,1135.1,2379.52,238.41,234.24,138.64,7.84,Sandy,7.26,42.89
West Bengal,District C,2016,Cotton,1916.9,3658.45,148.64,220.17,43.2,6.47,Peaty,5.85,34.75
West Bengal,District C,2017,Wheat,739.8,5058.66,287.4,163.61,179.55,7.12,Peaty,1.93,33.27
West Bengal,District C,2017,Rice,741.7,5018.25,380.2,72.1,131.85,8.12,Sandy,3.85,71.45
West Bengal,District C,2017,Maize,1326.7,2605.22,367.31,271.19,75.8,7.94,Peaty,7.74,3.4
West Bengal,District C,2017,Sugarcane,808.2,1658.38,175.97,65.36,110.29,5.58,Peaty,1.46,38.71
West Bengal,District C,2017,Cotton,1464.6,3321.06,112.85,212.74,90.45,5.56,Peaty,5.6,18.64
West Bengal,District C,2018,Wheat,1042.0,4878.0,423.09,248.85,145.11,7.13,Clay,1.59,16.65
West Bengal,District C,2018,Rice,1371.6,2545.94,473.76,238.9,69.19,5.52,Clay,5.53,29.08
West Bengal,District C,2018,Maize,505.1,1775.59,205.2,185.39,35.04,8.42,Clay,6.22,72.55
West Bengal,District C,2018,Sugarcane,925.8,4808.14,173.25,134.6,154.08,7.48,Sandy,2.1,4.25
West Bengal,District C,2018,Cotton,1756.9,1838.14,145.94,109.43,100.22,7.87,Sandy,1.65,24.41
West Bengal,District C,2019,Wheat,1374.8,4831.89,138.12,101.77,198.54,6.51,Peaty,1.77,69.48
West Bengal,District C,2019,Rice,1262.4,2208.98,353.16,181.44,121.69,8.48,Clay,4.03,62.55
West Bengal,District C,2019,Maize,865.6,2701.45,130.09,155.04,131.27,7.87,Loamy,6.19,17.91
West Bengal,District C,2019,Sugarcane,711.2,4443.28,478.99,197.12,163.24,6.01,Sandy,1.37,9.72
West Bengal,District C,2019,Cotton,1672.4,3479.78,262.23,280.09,198.55,7.79,Sandy,6.54,98.9
West Bengal,District C,2020,Wheat,702.0,3102.58,224.49,270.03,65.95,6.56,Loamy,1.61,43.51
West Bengal,District C,2020,Rice,1087.2,2299.24,153.44,274.14,32.21,5.8,Loamy,3.94,18.51
West Bengal,District C,2020,Maize,1966.3,1768.84,210.38,235.51,131.12,7.55,Loamy,8.02,83.06
West Bengal,District C,2020,Sugarcane,902.6,4591.33,153.96,177.68,130.32,5.99,Sandy,1.72,15.91
West Bengal,District C,2020,Cotton,1801.5,3981.65,241.07,282.73,192.89,6.49,Silty,7.11,27.45
West Bengal,District C,2021,Wheat,1912.1,1783.81,227.18,149.07,144.32,5.62,Peaty,2.74,59.26
West Bengal,District C,2021,Rice,1316.9,1899.6,356.17,241.79,71.58,7.56,Silty,7.81,91.18
West Bengal,District C,2021,Maize,1162.8,2600.8,259.67,112.52,20.22,7.45,Loamy,2.89,72.24
West Bengal,District C,2021,Sugarcane,1498.6,1829.98,364.02,282.64,33.41,6.75,Silty,5.12,41.99
West Bengal,District C,2021,Cotton,1067.5,3735.39,129.27,59.57,31.51,6.1,Sandy,9.36,69.04
West Bengal,District C,2022,Wheat,1863.3,2227.15,426.23,99.19,24.94,7.05,Peaty,9.27,47.59
West Bengal,District C,2022,Rice,1192.0,2065.64,488.7,240.02,172.56,6.2,Loamy,5.64,60.61
West Bengal,District C,2022,Maize,1208.6,3242.63,167.31,160.46,35.34,8.1,Clay,4.43,10.01
West Bengal,District C,2022,Sugarcane,1662.5,2907.32,145.24,182.87,184.93,8.23,Clay,5.8,64.06
West Bengal,District C,2022,Cotton,1336.1,4017.34,396.92,275.6,89.77,7.11,Silty,3.1,43.96
West Bengal,District C,2023,Wheat,1344.6,5621.56,456.75,209.29,66.33,7.85,Peaty,3.86,46.88
West Bengal,District C,2023,Rice,832.3,3821.7,357.31,268.72,58.06,6.43,Silty,3.02,33.2
West Bengal,District C,2023,Maize,1825.0,2123.95,277.5,127.74,33.89,5.79,Loamy,6.46,34.25
West Bengal,District C,2023,Sugarcane,1513.9,3951.6,471.8,204.48,58.52,7.68,Silty,3.05,83.25
West Bengal,District C,2023,Cotton,1352.2,1533.02,307.71,127.57,30.35,6.84,Sandy,6.1,42.41
West Bengal,District C,2024,Wheat,1956.0,3722.3,362.98,53.84,74.26,8.17,Peaty,8.45,23.03
West Bengal,District C,2024,Rice,1588.8,4153.7,120.49,274.9,199.64,7.63,Sandy,2.0,10.53
West Bengal,District C,2024,Maize,565.0,2940.2,259.29,73.63,118.84,7.25,Silty,9.78,61.94
West Bengal,District C,2024,Sugarcane,667.5,1898.36,411.02,212.58,49.14,6.26,Peaty,6.1,58.5
West Bengal,District C,2024,Cotton,815.0,4330.76,408.25,271.31,152.61,7.23,Loamy,6.16,32.54
